e44f dc50 e44f e42e e42f e44f e42f dc0e e44e dc0e dc2d dc4e dc2d dc0d dc0d dc0d dc0d dbed dc0e dc0e dc0d e40d dc2e e44e e44e e46e e46e ecaf eccf e4af ecae ec8e ecae ec6e e42e e3ac dbce d32d c2ab b26b a20a 99eb 99ca 9a0b a22a a22a a22b aa4b aa4b b24b b26a b24a aa4a aa6b b26b b26a b24b b26a b26a b26a b26b b26b aa4a aa4a b24a b26a b2ab ba6a baab c2ab c28a c2cb c2eb c2cb c2cb caeb cb0b c2cb caeb cb2b cb0b cb2c cb0b cb0c cb0c cb4d cb2c cb2c cb0c cb0b cb0c caeb cb0b cb2b cb0b cb0b cb0c cb2c cb4c cb2c d30b d30b cb2c cb2c d32c d32c d30b d32c d30c d32c d32c cb2c cb2b cb2c cb2b d32c cb4c cb2c cb2c cb2c cb4c cb2c d34c d34c d34c cb4c cb2d d34c d32c cb2d cb6e cb2c cb4d cb2c cb2c c32c cb0b cb2b cb0b cb0c cb0c cb2c cb4c cb4c cb2c cb2c cb0b cb0c d30b cb2c d32c d32b d32b cb2c d34c d32b cb2b cb0c cb0c cb4d d36d cb4c cb2c cb0b cb0c d32c cb0b cb2c cb2c cb0b c30c cb0c cb0c cb0c cb4c cb0c c30b cb0b cb2c cb0c c30c cb0c cb0c cb0c c30c c30c caec caeb c30c c30c c2cc c2ec c2ab bacc bacc b2ab b28b b2ab aa4a a24a b249 ba8b c2ca cb2b d36c d38d d3ad d3ee dbee dc2e dc4d dc4e dc4e dc4d dc0d dbcc dbed dbed dbed dbed dbed dc0e dc0d dc0d dc0e dc2f dc0d dc0d dbec dc0d dbed dbec dbec dbed dbec dbec dbec dc2d dc0c dbec dc0c dc0d dc2d dc2d dc0d dc2e dc4e dc2e dc2d dc0c dc0d dc4d ed4f f5f1 f632 f672 f673 fe94 feb4 feb3 feb3 f672 edf1 dccf bb4c a26b a24a a24a aa6b aa8b b2ab bacb b2cb b2cb baec bb0c bacb bacb baeb bacb baec bb0c bb0c bacc bacb c2cb c2eb bacb c2cb c2cb baeb c2ec c2cb c2ec c2ec c30b c2ec c2eb c2eb baab c30c c2ec c2ec c30c c2ec c2cb c30c c2eb c2ec bacb baab baab bacb baab c2ec d3ae e470 ec8f e46e cb6c 
e44f dc50 dc4f e40e e42f e44f e42f dc0e e42e dc0e dc0d dc2e dc2d dc0d dc0d dc0d dc0d dbed dc0e dc0d dc0d e40d dc2e e44e e44e e46e e46e ecaf eccf e4af ecae ec8e ecae ec6e e42e e3ac dbce cb2d c2ab b26b a1ea 99eb 99ca 9a0b a20a a22a a22b aa4b aa2b b24b b26a b24a aa2a aa6b aa6b b24a b24b b26a b26a b26a b26b b26b aa4a aa4a b24a b26a b28b ba6a baab c2ab c28a c2cb c2eb c2cb c2cb caeb cb0b c2cb caeb cb2b cb0b cb2c cb0b cb0c cb0c cb4d cb2c cb2c cb0c cb0b cb0c caeb cb0b cb2b cb0b cb0b cb0c cb2c cb2c cb2c cb0b d30b cb2c cb2c d32c d32c d30b d32c d30c d32c d32c cb2c cb2b cb2c cb0b cb2c cb4c cb2c cb2c cb2c cb4c cb2c d34c d32c d34c cb4c cb2d d32c d32c cb2d cb4d cb2c cb4d cb2c cb2b c32c cb0b cb2b cb0b cb0c cb0c cb2c cb2c cb4c cb0b cb0c cb0b cb0b d30b cb2c d32c cb2b d32b cb2c d34c cb2b cb2b cb0c cb0c cb4d d36d cb4c cb2c cb0b c30c d30c cb0b cb2c cb2c cb0b c30b cb0c cb0c cb0c cb4c cb0c c30b cb0b cb2c cb0c c30c cb0c cb0c cb0c c2ec c30c c2ec caeb c30c c30c c2cb c2cc c2ab bacc bacc b2ab b28b b2ab aa4a a24a b249 ba8b c2ca cb2b d36c d36d d3ad d3ee dbed dc2e dc2d dc4e dc4e dc4d dc0d dbcc dbec dbed dbed dbed dbed dc0e dbed dc0d dbee dc2e dc0d dc0d dbec dc0d dbed dbec dbec dbed dbec dbec dbec dc0d dc0c dbec dc0c dc0d dc2d dc2d dc0d dc0e dc2e dc2e dc0d dc0c dc0d dc4d ed4f f5f0 f631 f672 f673 fe94 feb4 fe93 feb3 f672 edf1 dccf bb4c a26b a24a a24a aa6b aa8b b2ab b2cb b2cb b2cb baec bb0c bacb bacb baeb bacb baeb bb0c baec bacc bacb c2cb c2cb bacb c2cb c2cb baeb c2ec c2cb c2eb c2ec c30b baec c2eb c2cb baab c2ec c2ec c2ec c30c c2ec c2cb c30c c2eb c2ec bacb baab baab bacb baab c2ec d3ad e46f e48f e46e cb4c 
e44f e42f dc2e e42e e40e e42e e40e e40d dc0d dbed dc0d dc0d dc0d dbec dbec dc0d dc0d dbed dbed dc0d dc0d dbed dc0e e42e e44e e46e e48e ec8f ecaf ecae ecae ec8e ec8e ec4e e40d dbac db8d caec c2ab b24b a20a 99ea 99ca 99eb a20a a20a a20a aa2b aa4a aa4a b24a b24a aa2a aa4a aa4a b22a aa4a b24a b24a b24a b24a b24a aa2a aa4a b24a b26a b26a ba8b baab c2aa c28b c2ab c2eb c2cb c2cb c2eb caeb cacb cacb cb0b cb0b cb0b cb0b cb0c caeb cb2c cb0c cb0c cb0b cb0b cb0b caeb cb0b cb2b cb0b cb0b cb0b cb0c cb2c cb2c cb0b cb2c cb2c d32c d32c d32b d30b d32c d32c d32b d32c cb2c d32b cb0b cb0b cb0c cb0c cb0c cb0b cb0c cb2c cb2c cb2c cb2c cb2b cb2c cb2c d32b cb2c cb2d cb4d cb2c cb4d cb2c cb0b cb0c cb0b cb2b cb0b cb0b cb0b cb0c cb2b cb4c cb0b cb0c cb0b cb0b cb0b cb2c cb2b cb0b d32b cb2c cb2b cb2b cb0b cb0b cb0c cb2c cb2c cb2c cb2c cb0b c2eb cb0b cb0b cb0b cb0c cb0c caeb cb0c cb0c cb0c cb2c c2eb c2eb c30b cb0c cb0c caeb cb0c caeb c30c c2ec c30c caeb caeb c2ec c2eb c2cb c2cb c2cb bacc baab b2ab b28b b28b aa4a a24a b229 b28a c2aa c30b cb4c d36d d3ad d3cd dbcd dc0e dc2e dc2e dc4e dc2d dc0d dbcd dbec dbed dbed dbed dbcd dbee dbed dbed dbed dc0d dc0d dc0d dbec dbec dbed dbec dbec dbec dbed dbec dbec dc0d dc0c dbec dc0c dc0d dc0d dc2d dc0d dc0d dc0d dc0d dc0d dbec dbed dc2d e50e edb0 f611 f652 f673 fe93 fe93 fe93 feb3 f672 ee11 e52f cbcd aa8b a22a a24a aa4a aa6b b2ab b2ab baab bacb bacb baeb bacb bacb baeb bacb baeb baec baec bacb b2cb bacb bacb bacb c2ca c2eb baeb c2eb c2cb c2eb baeb c2eb baeb c2eb c2cb bacb baec c2eb c2ec c2ec c2eb c2eb c2ec c2eb c2eb bacb baab baab bacb bacb c2ec d36c d3cd cbad bb0b 9a2a 
e42e dc2d dc0e e40e e40d e42e e42e e40d dbec dbed dbed dc0d dbed dbec dbec dc0d dbed dbed dbed dc0d dc0d dbec dc0d e42d e44e e46e ec8e ec8e ecae ecae ecae ec8e ec8d ec4d e3ec dbac d34c caeb c2ab b26b a9ea a1aa 99a9 99aa a1ca a1ea a9ea aa0a aa4a aa4a b22a b22a aa09 b229 b24a aa2a aa2a b22a aa2a b229 b229 b24a aa2a b24a b24a b26a b26a ba8a ba8a baaa c2aa c2cb c2ca c2eb caca caeb caca cacb caca caeb caeb caeb cb0b cb0b cb0b cb0b cb0b cb0b cb0c caeb cb0b d30b cb0b cb0b cb0b cb0b cb0b cb0b d30b cb0b d30b d30c cb2c cb2c cb2c d32b cb0b d30b d32c d30b d30b d30b d30b cb0b d30b cb0b cb0c cb0b cb0b cb0b cb2b cb2c cb2c cb0c cb2c cb2c cb0b d30b cb0c cb0c cb2d cb0c cb2c cb2c cb0c cb2c cb0b cb0b caeb cb0b cb0b cb2c cb2c cb2c cb0b cb0b caeb caea cb0b cb0b cb2c d30b d32b cb2c cb0b cb0b cb0b caeb cb2b cb0b cb2c cb2c cb0c cb0b caeb caeb c2eb caeb cb0c cb0c caeb cb0b caeb cb0b caeb caeb c2ec c30c caeb caeb cb0c cb0c caeb caeb caeb cb0c caeb c2eb c2eb c2eb c2cb c2cb bacb bacc baab ba8b b28b b26a aa4a aa4a aa2a b26a ba8a c2cb c32c d34c d38d d3ad d3ee dbed dc0d dc2e dc4e dc2e dc0d dc0d dbec dbec dbec dbed dbcc dbed dbed dbed dbec dc0d dbed dc0d dbec dbed dc0c dbec dbec dbec dbec dbec dbec dbed dbec dbec dbec dc0c dc0c dc0d dc0d dc0d dc0d dc0d dc0d dc0d dbec dbed dc4d e52f f5d0 f631 f672 f673 fe93 fe93 fe93 fe93 f671 edd0 dcee bb6c a26b a22a a26b aa6b aa8b b2ab baaa bacb baab bacb bacb bacb bacb baeb bacb baeb baeb bacb baec bacc bacb baeb c2eb c2eb c2eb c2eb c2eb baeb c2cb c2eb c2cb c2eb c2cb baeb bacb c2cb c2eb c2ec c2ec c2cb c2ec c30b c2eb c2eb c2cb c2cb c2ec c2eb bacb b26a 99e9 8189 7108 60c8 
dc0d dc0d dc0d e40d e3ed e42e e40d e40d dc0d e3ed e3ed dc0d dc0d dc0d e3ec dbed dbed dbed dbec dc0c dbec dbec e42d e44d e46d ec8d ec8e ec8e ecae ec8d ec8d ec6d ec6d e42c e3ec db8c d34b cb0b c2ab b24a a9ea 99c9 99aa a1c9 a1c9 a20a a9e9 aa0a aa0a b22a b22a b229 b209 b229 b24a aa29 b24a b22a b229 b229 b229 b249 aa29 b24a b24a b26a b26a b26a ba8a baab c2ab c2cb c2ab c2cb c2cb c2ca c2eb caca caca cb0b cacb cb0b caeb caeb cb0b cb0b cb0b cb0b cb0b cb0b cb0b cb0b cb0b cb0b cb0b cb0b cb0b cb0b cb0b cb2b cb0b cb0c cb0b d32b cb2c d32b d32b d32b d32b d30b d30b d32c cb2b cb0b d30b cb0b cb2c d32c d30c cb0b d32c cb0c cb0b caeb cb0c cb0c cb0b cb0c cb0c caeb caeb d30b cb0b cb0b cb0c cb0c caeb caeb caeb caeb cb0b cb0c cb0c cb0b cb0b caea caea cb0b cb0b cb0b cb0c cb0b cb0b d30b cb0b cb0b cb0b cb0b caeb cb0b cb0b cb0c cb0b cb0c cb0b cb0b caeb cb0b caeb cb0b caeb caeb caeb caeb caeb caeb c2ec caeb caeb c2eb c2eb cb0b caeb c2eb caeb cb0b c2eb c2eb c2ec c2eb c2cb c2cb bacb baab baab ba8b b28b b26a b26a b24a aa4a aa2a b24a ba8a c2cb cb0c cb4d d38d d3ae dbcd dbee dc0e dc2e dc2e dc0e dc0d dc0d dbed dbed dbed dc0d e40d e40d dc0d dc0d dc0d dc0d dbec dc0c e40d dc0c dc0c dc0c dbec dbec dbed dc0d dbec dbec dbec dc0c dc0d dbec dc0d dbed dbed dc0d dc0d dbed dc0c dc0c dbed dbcd dc6d ed4f f5f1 f632 f652 fe73 fe93 fe93 fe93 fe92 f651 edaf dc8e bb4c aa6a a24a aa4a aa6b b28a b28a b2ab baab bacb bacb bacb bacb baeb bacb bacb baeb bacb bacb baab bacb bacb c2cb baeb baeb c2cb c2cb c2eb bacb c2eb c2cb c2cb c2eb c2cb c2cb c2eb c2eb c2eb c2eb c2eb c2eb c2eb c30b cb0c c30c c30b c2cb b28a a1e9 8148 60c7 58a7 58a8 58a8 
e40d dc0d e40d e3ed e3cd e40d e40d e40d e3ed e40d e40d dc0d dc0d e40c e3ed dbec dbec dc0d e3ed dbec dc0c e40d e44d e44d e46d e48d ec8e ec8e ec8e ec8d ec8d ec8d ec6d e44d e3cc db6b d32b caeb c28a aa2a a9e9 99a9 99aa 99a9 a1c9 a1e9 a9e9 aa09 aa0a aa2a b209 b22a b22a b24a b24a aa4a b22a b209 b209 b229 b229 b229 aa09 b229 b24a b26a b26a ba6a ba8a baaa baab c2ab c2cb c2cb c2cb c2ca c2cb caeb caca caeb caca caeb caeb caeb cb0b caeb cb0b caeb cb0b cb2c cb0b cb0b cb0b cb0b cb0b cb0b cb0b caea cb0b cb0b caeb cb0c cb0b cb2c cb0c d30b d30b d30b d32c d30b d30b d30b d30b cb0b cb0b cb0c cb0c d30b d30b d30b d30b d30b cb0b cb0b cb0c cb0c cb0b d30b cb0b cb0c cb0b cb2c cb0b cb0c cb0b cb0b cb0c caeb cb0b cb0b cb0b cb0b cb0c cb0b cb0b cb0b caeb cb0b cb0b cb0b cb0b cb0c cb2c cb2c cb0b cb0b cb0b cb0c caeb caeb caeb cb0b cb0b cb0b cb0b cb0b cb0b cb0c caeb cb0b caeb caeb cb0b cb0c cb0b caeb c30c caeb caeb cb0b c2eb caeb caec caeb caeb caeb caeb c2eb c30c c2eb c2eb c2eb baab bacb bacb baab b28b b28b b26a aa6b aa4a aa4a aa4a b24a baab c2ec cb2c d36d d3ad dbcd dbce dbed dc2e dc2e dc2e e40d dc0d dbed dc0d dc0d dbed e40d e42d e42d e40d e42d e40d e40d e40d dc0d dc0d dc0d dc0c dbec dc0d dbec dc0d dc0d dbec dbec dbec dc0c dbec dbec dbed dbed dc0d dc0d dbec dbec dc0d dbec d3cd d3ed e48e ed6f f5f1 f652 fe72 fe93 fe93 fe93 feb3 fe92 f631 ed6f d44e b2eb aa4a aa4a aa4a aa6b b28b b28a baab bacb bacb bacb b2cb baeb bacb bacb bacb bacb bacb bacb baab bacb bacb bacb bacb bacb bacb bacb bacb c2eb c2cb c2cb c2cb c2cb c2eb c2eb c2eb c2cb caeb c2cb c2eb c30c cb0c cb2c cb2b c2eb b26a 91a8 7108 58a8 5887 58a7 58a8 58a7 
e40d e40d e40d e40d e40c dc0d e40c e40d e3ed e40d e40d e40d e3ed e40d dbed dbec dbec dbed e40d e40c e42d e44d e46e e46d e48e e48e e48d ec8e ec8e ec8d ec6d ec6c e44d e40c e3cc db8b d34b d2ea c28a b24a a9ea 99a9 99c9 99ca a1c9 a1c9 aa0a aa2a aa0a b22a b22a b24a b24a aa4a aa4a b24a b24a b229 aa09 aa49 b229 b229 aa29 b209 b24a b26a ba6a ba8a ba8a baaa c2ab c28a c2ab c2cb c2cb c2cb caca caea cacb caea caca caca caeb caeb caeb caeb cb0b cb0b cb0b cb0b cb0b d30b cb0b cb0b cb0c cb0b cb0b caeb d30b cb0b caeb cb0b cb0b cb0b d30b d30b d30b d32b d32c d32b d30b d30b cb0b cb0b cb2c d30c cb0c d32c d30b d2eb d2eb d30c cb2c cb0c cb2c cb0c cb0c d30b d30c cb0b cb0c d30b cb0b cb0b cb0b cb0b caeb cb0b cb0b caeb cb0b cb0b cb0c cb0b d30b caeb caeb cb0b cb2b cb0b cb2c d32b d32c d32b cb0c cb2c cb0b cb0b cb0b cb0b cb0b cb0c cb0b cb0b cb0b cb0b cb0c cb2c caeb cb0c caeb cb0b cb0b caeb caeb caeb caeb caeb caeb cb0c c2eb c2eb caeb cb0b caeb caeb caeb cb0b cb0c c2eb c2cb c2cb c2cb baeb c2ab baab b28b b26a b28b aa8b b26a aa6b aa2a aa4a b28b bacc cb0c d36d d38d dbad dbce dbed dc0e dc2e e44e e42e dc2e dc2d e40d dc2d dc0e e40d e42d e42d e44d e42d e42d e44d e42d e40d e40d e40c e40d dbec dc0d dc0d dc0c dbec e3ec dc0c dc0c dbec dbec dbec dbed dbcc dbed dbed dbed dbed dbed d3ed d3ec d3ed dbed e4ce edb0 f611 f652 fe73 fe93 fe93 feb3 feb3 fe93 f611 e54f cc0d b2ab aa4a aa6b aa6b aa6a b28a b28a baab baab baab b2ab bacb bacb bacb c2cb bacb bacb bacb baaa bacb bacb bacb baec bacb c2cb c2eb c2cb c2cb c2eb c2eb c2cb c2cb c2eb c2eb c2eb c2eb c2ec caeb c2eb cb2b cb2c cb0b ba8a a22a 8169 68c8 5929 58a8 5087 58a7 58a8 58c8 
e40d e40d e40d dc0d e3ec dc0d e40c e40d e40d e40c e3ec e3ec e40d e40c e3ed dbec dbed dbed e40d e42d e44d e44d e48e e46e e48e e48e ec8e ec6d ec6d ec6d ec6d e44d e42d e40c dbcc db6b d32b caeb c28a b24a a1ea 99c9 99a9 99c9 a1c9 a1c9 aa0a aa2a aa09 b209 b249 b24a b24a b22a b24a b229 b22a b229 aa2a b229 b229 b229 aa09 b209 b229 b26a b26a ba6a ba8a ba8a c28a c2aa c2aa c2cc c2eb c2cb caeb cacb caeb caeb caeb caeb caeb cb0b caeb caeb cb0b cb0b cb0b cb0b cb0b d30b cb0b cb0b cb0b cb0b caeb d2eb cb0b cb0b cb0b cb0b d32c d30b d30b d30b d32c d30b d32c d30b d32c d30c cb0b d30c d30b d32c d30b d32c d30b d30b d2eb d30c cb0b d30c d30c cb0c caeb cb0c cb0c cb0b cb0c cb0c cb2c cb0b d30b cb2c cb0b d30b d2eb caeb caeb cb0b cb0c cb0b cb0b caeb cb0b cb0b cb0b cb0b cb0b d32c d32b d32c d34c d32c cb0b cb0b cb2b cb0b cb0b cb0c cb0b cb0b cb0b cb0b cb0b cb0b caeb cb0b cb0b cb0b caeb caeb caeb caeb cacb caeb caeb cb0c caeb cb0b caeb cb0c caeb caeb caeb cb0b cb0c caec c2ec baec c2cb bacb bacb baaa ba8b ba6b b2ab b2ac b26b aa4a aa4b aa4a b24a b28b c2cc cb2c d38d d3ae dbcd dbce dc0e dc0e e42d e42e e44e e44e e44d e42e e40d e42d e42e e44d e44e e42d e44d e44d e42d e40d e40d e40d e40d e40d e40c dc0d dbec dbec e3ec e3ec e3ec dc0c dbed dbed dbcc dbec dbcd dbed dbed dbed dbed d3ed d3ec d3ed d3cc dc2d e50f f5d0 f611 fe52 fe73 fe93 feb3 feb4 feb3 fe73 f611 e52f cbcc aa8b aa4a aa4a aa6b b26a b26a bacb baab b28b baab bacb baab bacb c2cb c2cb bacb bacb bacb bacb bacb bacb bacb bacb bacb c2eb bacb c2cb c2eb c2eb c2eb c2eb c30b c2eb caeb c30b cb0c cb2b cb2c cb4c c2eb b24a 91a9 70e8 60a7 5087 58a8 58a7 50a7 58a7 5887 58c7 
e40d e40d e40d dc0d e3ec e40d e40c e40c e40d e40c e40c e40c e40d e3ec e40d dbed dbed dc0d e42d e42e e44d e46e e48d e46d e46d e48d e46e e46d e46d e44d ec6e e44d e42d e40c dbcc db6b d34b caeb ba8a b22a a1e9 99c9 99a9 99a9 a1e9 a1c9 aa09 b229 b209 b209 b229 b229 b22a b24a b24a b22a b22a aa29 aa2a b229 b209 b229 b209 b229 b229 b249 ba6a ba6a ba8a c28a c2ab c2aa c2aa c2cb c2cb c2cb caeb caaa caeb caeb caeb caeb caeb caeb cb0b caeb caeb cb0b d30b cb0b d2eb d30b cb0b cb0b d30b cb2c cb0b caeb cb0b cb0b d30b cb0b d32c cb0b d30b d30b d30b d30c d32c d30b d32c d32c d32b d30b d30b d30b d30b d30b d32c d30b d30b d2eb cb0b d32c d32c d30c cb0b d30b cb2c d30c cb0c cb0c cb2c cb0c d30b d32c cb0b cb0c caeb caeb caeb cb2b cb2b cb2b cb0b caeb caeb caeb d30b cb0b d32b d32c d32c d32c d32c d32c cb0b cb0b cb2c cb0b cb2b cb0b cb0b cb0b cb0c d32b cb0b caeb caeb caeb caeb cb0b cb0c cb0b cb0b caeb cacb caeb caeb caeb cb0b cb0c cb0b cb0c cb0c cb0c caeb caeb cb0b cb0c c2ec c2ec c2eb c2cb baab ba8a ba8a ba6b baab b28b b26a b26b aa4a aa2a aa2a b26b baac c30d cb6d d38d d3ad dbce dbee dc0e e42e e42e e44e e42e e44e e42e e42d e42d e42d e44e e44e e44e e44d e44d e44d e44d e42d e42d e42c dc2d e42d e42d e40d dbed e3ec e3ec dbec dc0c dbed dc0d dbec dbed dbed dbcd dbed d3ed d3ed d3ed dbec d3cc d3cc dbcc dc4d ed2e f5f0 fe31 fe73 fe93 fe93 feb3 feb3 fe93 f652 edf1 dcce c36c aa4a aa4a aa4a aa6b b26a b2ab b28b baab baab baab baab bacb c2cb c2eb bacb baeb c2eb c2eb bacb baeb baeb bb0c baeb c2eb c2eb c2eb c2eb c30c c2eb caeb cb0b cb0c cb0b cb0b d32c d32c cb0b baab a209 8148 60a7 5887 58a8 50a7 5087 58c8 58a7 5887 5887 58a7 
e40d dc0d dc0d e40d e3ed e40d e40d e40c e40d e42d e42d e40d e40d e3ed dc0d dbed dbed e40d dc0d e44d e44d e46d e46d e44d e48e e46d e46d e46d e44d e42d e44d e44d e42c e3ec e3cc db8c d34c cb2c c2ec b2ab a20a 99ea 99a9 99c9 a1e9 a1e9 a9e9 aa09 b209 b209 b24a b24a b229 b24a b24a b229 aa2a aa29 aa2a aa09 aa49 aa29 b229 b209 b22a b26a ba6a ba6a ba8a ba8a baab c2aa c2aa c2aa c2aa c2cb c2cb c2aa caca caeb caeb caeb caeb caeb caeb caeb caeb d30b cb0b cb0b caeb cb0b cb0c cb0b cb0c d30c cb0b cb0b cb0b cb0c cb0b caeb cb0b cb0b d30b cb0b caeb d30b d30b d30b d30b d30b cb0b d30b d30b d2eb d2eb d30b d30b d30b cb0c caeb cb0c cb0c d30c d30b d30b d2eb caeb d32c d30c cb0c cb0b caeb cb0c cb0c cb0b cb2c cb2c cb0c cb0b cb0c cb0b cb0b cb0c caeb caeb caea cb0c cb0b cb0b cb2c cb2c d32c cb4d cb4d cb2c d30c cb0c cb0b cb2c cb0b cb0c caeb cb2c d34c caeb cb0b caeb caeb caeb caeb cb0c caeb cb0c caeb caeb cacb cacb caec caeb caeb caeb cb0b caec caeb caeb caeb caeb caeb c2ec c2ec bacc c2ec bacb baec c2ab ba8b ba8b b28b b26b b24b b24a aa2a aa2a b26b b28b c2ec cb2c d36d d3ad dbcd dbee dc0e dc0d e42e e44e e44e e44e e44e e44d e42d e42d e44e e44e e44e e44d e44d e44d e44d e42d e40d e40d dc0d e40d e40d e42d e40d e3ec dc0d dc0d dc0d dbed dbed dbed dbed dbed dbed dbed dbed d3ed d3cd dbed d3cd d3cc dbcd dbcc dc6d ed4f f5f1 f652 fe72 fe93 fe93 feb3 feb3 fe93 f652 edb0 d48d b30b aa4a aa6a aa6a aa6a b28b b28a b28b baab baab baab bacb bacb bacb baeb bacb bacb bacb bacb baec bacb baeb bacb baec c30c c2ec c2eb c2eb cb0b cb0c cb0c cb2c cb2c d34c d32c cb0b ba8a 99c9 7928 60c8 5087 50c8 58e8 50c8 58a8 58c8 58a7 5887 58a7 58a7 
e40d e40d dbed e3ec e40d e40d e3ec e40d e40d e40d e42d e40d e40d e40d dbed dbed dbed e40d e42d e44e e46e e48e e46e e44d e46d e46d e46d e44d e44e e44d e42d e42d e42d e40c e3cc dbac d34b cb0c c2cb b24a a1ea 99c9 99a9 99e9 a1e9 a9e9 aa09 a9e9 b229 aa29 b28b b229 b229 b229 b229 aa29 aa49 aa09 aa29 aa29 aa29 aa29 b229 b229 b24a b26a b26a ba6a ba6a ba8a ba8a c2aa c2ab c2aa c2aa c2ca caca caca caca c2cb cacb caeb caeb cb0b cb0b cb0b caeb cb0b cb0b caeb cb0b cb0b cb0b caeb caeb caec caeb caeb cb0b cb0c d2eb cb0b cb0b cb0b cb0b cb0b d30b d30b d30b d30b d30c d2eb caeb d30b d30b caeb caeb cb0c d2eb d30b cb0b d30b cb0c d30b d30b d30b d2eb cacb d2eb cb0c d30c caeb caeb cb0b caeb cb0b caeb cb0c caeb cb0b cb0b cb0b caeb cb0c cb0b caeb caeb caeb cb0b cb0b cb0c d30c cb0c cb2c cb2c cb4d cb0c cb0c cb0c caeb cb0c cb0b cb0c cb0b cb0b cb0b cb0b cb0b caeb caeb caeb cb0b caeb cacb cacb caeb caeb caca caeb caeb caeb cacb caeb caeb caeb cacb cacb cb0b caeb caeb cacb c2cb c2cc bacc bacc baec baab ba8b ba8a b28b b26b b26b b24a aa4b aa4a aa6a b26b baab cb0c cb6d d3ae dbce dbee dbee dc0e dc2e e44e e44e e44e e44e e42d e42d e42d e42d e42e e42e e44e e44d e42d e42d e44d e42d dc0d dc0d e3ed e40d e40d e40d e3ec dbed dbed dc0d dbcd dbed dbed dbcd dbec dbed dbed dbed dbed d3cd d3ed d3cd d3ed d3ac d38c dbcc e4ad ed90 f611 f652 fe72 fe93 feb3 feb3 feb3 fe93 f631 e58f d42c b2ca aa4a aa4a aa6a b26a b28a b28a b2ab baab b2ab baab baab bacb baec baeb bacb bacb bacb bacb bacb bacb baec bb0c c30c c30c c30c c30c cb0c cb2c cb2c cb2c d32c d34c caeb b24a 8968 68e8 60c8 50a7 50a8 50a7 58c8 58e9 50a7 5887 58a7 58a7 58a7 60c8 
e40d dbed dbed e3ed e40e e40d e40d e40d e40d e40d e42d e40d e40d e40d e40d dc0d e40d e42e e44d e44e e46e e46e e48e e46d e46d e46d e44d e44d e42e e42d e42d e42d e42d e3ec e3cc dbac d34b caeb c2ab b24a a1e9 99a9 99a9 99a8 a1e9 a9e9 a9e9 a9e9 aa09 aa4a b24a b229 b229 b229 b209 b229 b249 b229 b229 b229 b229 aa29 b229 b229 b249 b249 b269 ba6a ba6a ba8a c2aa c2aa c2ab c2ca c2aa c2aa c2aa caca caeb caeb caeb caeb caeb caca caeb caeb cb0b caeb caeb cb0b caeb caeb cb0b cb0b caeb caeb caeb caeb caeb cb0b caeb d2eb cb0b cb0b d2eb caeb d30b d30b d30c d30c d2eb d2eb d30b d2eb d2eb caeb caeb cb0b d30b cb0c cb2c d30b d2eb caeb d2eb d2eb d2eb d2ca caeb d2eb d2ca cacb caeb caeb caca caeb caeb cacb caeb caeb caeb caeb caeb caeb caeb caeb caeb caca caeb caeb cb0c cb0c cb0b cb0b cb0c cb0c cb0c cb0c cb0b cb0c cb0b cb0b cb0c cb0b cb0b caeb cb0b caeb caeb caeb caeb cb0b caeb caeb cacb caeb caeb caca cacb caeb caeb caeb caeb cacb cacb cacb cacb caeb caeb caeb cacb c2cb c2ec bacc bacc bacc baab ba8b ba6a b26a b26b aa6a aa4a aa4a aa4b aa8b b2ac bacc c30c cb4d d38d d3ae dbce dbef dc0e dc2f e44e e44e e44e e42e e44e e44e e42d e42d e42d e42e e44d e42e e42d e42d e42d e42d e42d e40c dbed dc0d dc0d dc0d e3ec dc0d dbed dbed dbec dbed dbed dbed dbed dbed dbed dbed dbed dbed dbcd d3ed d3cd d3ad d3ac d3ac dc0d e4ee f5d0 f631 f672 fe93 fe93 feb3 feb3 feb3 fe92 f611 e54f cc0c aa8a a24a aa6a aa6a b28a b2ab b2ab bacb baab bacb baab bacb bacb baeb bacb c2ca bacb bacb bacb bacb bacb baec c30c c2ec c2ec c30c cb0c cb2c cb2c d34c cb0c c2cb a9e9 8148 6949 5909 50a8 5087 50a7 50a7 5087 58a7 5887 5887 58a7 60c7 60c7 60c7 
e3ec dbed dbed e40d e3ed e40d e42d e42c e40d e40d e40d e40d e42d e40d e40d dc0d e42d e44e e46e e46e e46e e46e e48d e46e e46d e44d e42d e44e dc2d dc2d e42d e42d e42e e40c e3cc db8b db4b d2ea c289 b229 a1c8 a1a8 9988 9988 a1c9 a1c9 a9e9 aa09 aa29 aa29 b229 b229 b22a b22a b22a aa2a aa4a aa29 aa29 aa29 b229 b209 b209 b229 b249 b249 b249 ba4a ba6a ba8a c2ab c2cb c2aa c2aa c2aa c2ca c2cb caca cacb c2ec caeb caeb caeb cacb cacb caeb caeb caeb cb0b cb0b caeb caeb caeb caeb caeb caec cb0c d2eb cb0b cb0b caeb cb0b cb0b caeb d2cb cacb caeb d2eb caeb d30b d2eb d2eb d2ea d2cb d2eb caeb cb0b d30c d2ec cb0d d32c d32c d30c d30c d2eb d2eb d2cb d2aa caca d2ca caca caaa caca caca caca caca caeb caeb caeb caeb caeb cacb cacb cacb caeb caeb caeb caca caeb c2eb caca caeb caeb caeb cb0c cb0c cb0c cb0c d2eb cb0b cb0c cb0c cb0c cb0c cb2c caeb caeb caeb caeb cacb cacb caeb caeb caeb cacb caec caeb cacb caeb caeb caeb caeb caeb caea cacb cacb caeb caeb caeb caeb c2eb c2cb c2cc c2cb c2cb c2ec baec baab ba6b b26a b26a b26a b24a aa2a aa4b b26b b2ac bacc caec cb4d d36d d38e d3ce dc0e dc2e e42f e42f e42e e44e e42e e44e e44e e42e e42e e42d dc2d dc2d e42e e42d dc2d dc2c e42c e42d e40c dc0d dc0d dc0d dbed e40c e40d dc0d dc0d dbec dbed dbed dbed dbed dbed dbed dbed d3ed dbcd d3ed dbcd d3ed d3ad d3cd d3ad d3ac dc2c ed4f f5f0 f632 fe72 fe93 fe93 feb4 fed3 feb3 fe92 f610 dd2f c38c aa6a aa4a aa4a b26a b2ab b28a b2aa baeb baeb bacb baeb c2cb c2eb c2cb c2cb bacb bacb baab bacb baec baec c2cb baeb c2eb c30c cb2c d32c cb2c cb2b ba8a 99a9 70e8 58a8 58e8 58e9 5087 5067 5066 5887 5067 5887 5887 6087 60a7 60c7 60c7 60a7 
e40d e40d e42d e40d e40d e40d e40d e42d e40d e40c e42d e42d e42d e40d e42d e42e e44d e46e e46e e48d e48e e48e e46d e46e e44d e42c e42c e42d dc0d dc2e e42d e44d e42d e40d e3ec db8b db4b d2ea c289 b229 a1c9 99a8 9988 9988 a1c9 a1e9 a9e9 aa09 aa09 aa2a b229 b229 b229 b24a b229 b24a aa29 aa29 aa2a aa29 aa29 aa09 b229 b229 b24a b249 b249 ba6a ba8a ba8a c28a c2aa c2ab c2aa c2cb c2ca c2eb c2cb cacb caeb caeb caea caca caeb caeb cb0b caeb caeb caeb caeb cacb caeb cb0b caeb cb0b caec cb0c caec caeb cb0b cb0c cb0c caeb cb0b cb0b caeb caeb caeb caeb d30c d2eb d2eb d2eb d2cb caeb caeb d2eb d2eb d2eb cb2c d32c d32c d32c d30b d2ec d2cb cacb caaa caca caca caca caaa caaa caaa caca caca cacb caeb caec caeb cacb cacb c2cb cacb cacb cacb cacb caeb caeb caeb caeb caeb cb0c caeb caeb cb0c cb0c caeb cb0c cb0c cb0b cb0c cb0c cb2c cb0b cb0b caeb caeb caeb caeb caeb caeb caec caeb caeb caeb caeb cacb caeb caca caeb caea cacb caeb cacb cacb caeb cb0c caeb caeb cacb c2cb c2cb c2cc c2ab c2ab c2cc baab baab b26a b26a b26a b24a b24a b24a b26b baac c2cc c30d cb2d d36d d38e d3ce dbee dc0e dc0e dc2e dc2f e42e e44e e44e e42e e42e dc2e dc2e dc2d dc2d dc2d e42d dc0d e42c e42c e40d e42d e40d e40d dc0d dc0d e40d e40d dc0d e3ed dbed dc0d dbed dbed dc0e dc0d dbed dbed dbed dbed dbed dbed dbcd d3ad d3ad d3ac d3ac d3ac e46d ed6f f611 fe52 fe93 fe93 feb4 feb4 feb4 feb3 f672 edf0 dcee bb4b aa49 aa4a aa6a b26a b2ab ba8a baab bacb bacb bacb baeb bacb bacb bacb bacb bacb bacb bacb c2cb baeb c30b c2eb c30c cb2c cb2c cb2c c2ec aa2a 8948 68a7 5867 5067 5088 58a8 58a8 5087 5087 5887 58a7 58a7 60a7 60a7 60c7 60a7 60c7 6129 
e40d e40d e42d e40d e40d e42d e40d e42d e42d e42c e42d e42d e42d e42d e44d e44e e46e e46e e46e e48d e48e e46e e46d e46e e42d e42d e42d e40d dc0d dc2e e42d e44d e44d e42d e3ec db8b db4a d30a c28a b229 a1e9 99c9 99a9 99a9 a1c9 a1e9 a9e9 aa09 aa09 b22a b24a b24a b24a b24a b209 b24a b249 aa29 aa09 b229 b229 b229 aa2a b249 b24a b249 b249 ba4a ba6a ba8a c28a c2aa c2cb c2cb c2cb caca c2ca c2cb caca caca caeb caea caeb caeb caeb caeb caeb caea caeb caeb caeb cacb caeb caeb caeb caeb cb0c caec caeb caeb caec d30b d30c caeb cb0b cb0b d30b caeb caeb cb0b d2eb d2eb d2eb caeb caeb caeb cacb caeb cb0c d30c d30c d30c d30b d30c d30c caec caeb cacb caca cacb caaa caaa caca caca caca caca cacb caca caeb caeb cacb cacb cacb cacb caca cacb c2cb cacb cacb caeb caca caeb cb0c cb0c caeb caeb caeb caeb cb0c cb0c cb0c caeb cb0c cb0c caeb caeb c2eb caeb caec cacb cacb cb0b caeb caeb caeb cb0b caeb caca caeb caeb caeb cacb c2eb cacb cacb cacb caeb caeb caeb caeb caeb caec c2cb c2cb ba8b c2ab baab baab baab ba8a ba6a ba6a b26a b24b aa4b b26b b2ac bacc cb0d cb2d d34d d38e d3ce dbce dc0e dc0e dc0e e40e e42e e44e e42e e42e dc2e dc0e dc0e dc2e dc0e dc2e e42d e40d e42c e40d e40d e40d e40d e40d dc0c dc0d e3ed dc0d e40d e3ec dbed dbed dc0d dc0e dc0d dbed dc0d dbed dbed dbed dbed dbcd dbed dbcd d3ad d3ad d3ac d38c d3cc e4ae f5af f611 fe52 fe73 fe93 feb4 feb4 fed4 feb3 f672 edd0 d48d b2eb aa4a aa6a b26a b28a ba8a ba8a baaa bacb baab baeb bacb bacb bacb bacb bacb baeb baeb c2cb c2eb c30b c30c cb0c cb2c cb0b baaa a209 8108 6067 5067 5087 5887 5887 5887 5887 5887 58a7 5887 60a7 60a7 60a7 60a7 60a7 60a7 60c8 60e8 
e40d e40d e40d e40d e40c e40d e40c e42c e42d e42d e42d e42e e42e e42d e44e e46e e48e e48e e48d e48e e48e e46d e48d e44d e42c e42c e42d e42d e40d e42d e42d e42d e44d e42c e3ec dbab db4a d30a c28a b229 a1e9 99c9 99a9 a1c9 a1e9 a1e9 a9e9 aa09 aa09 b209 b22a b22a b22a b24a aa4a aa4a b24a aa09 b209 aa09 aa09 b209 aa29 b229 b229 b24a b26a ba6a ba6a ba8a c28a c28a c2ab c2aa c2cb c2cb c2cb c2aa cacb c2cb caeb caeb caeb caeb cacb caeb caeb caeb caec caeb caeb cacb caeb cacb caeb caeb caeb caeb caeb cb0c d2eb d2eb d2ec caeb caeb cb0c d30b d30b caeb caeb caeb caec caec d30c d2eb caeb caeb d2eb cb0b d2eb d30c cb0c cb0c d30c d2cb d2cb d2eb caeb caca caaa caca caaa c2ca c2aa caaa caca c2aa caa8 cacb cacb cacb c2cb cacb caca cacb caca cacb caca cacb c2cb cacb caeb cb0b caec caeb cb0c cb0c caec cacb cb0c cb2c cb0c cb0c cb0c caeb caeb caeb caeb caeb caeb cae8 cb0b caeb caeb caeb caeb caeb caca cacb caeb caeb c2cb cacb cacb cacb caeb caeb cacb caeb caeb c2cb c2eb cacc c2cb c2ab c2ab c2ab c28b ba89 b289 b24b b26b b24a b22a b24a b24a b28b c2eb c2ec cb0d d32d d36d d38d dbce dbce dbee dc0e dc0e e40e e42e e42e e42e dc2e dc0e dc2e dc2e dc0d dc2e e42d e42d dc0d e42d e42d e40c dc0b e40d dc0d dc0d e40d dc0d e40d dc0d dc0d dc0d dc0d dc0d dc0d dc0d dc0a dc0e dbed dbed dbed dbed dbcd dbed d3cd d3cd d3ad d389 d38c d3cc e4ad edad f62c fe4f fe90 feb1 feb3 fed3 fed3 feb4 fe73 edd2 d491 b30f aa6e aa4d aa6c b28b ba8a baaa baaa baaa baab bacb baeb c2eb bacb baeb baeb baeb baec c2eb c30c c32c cb2b c30b ba8a 99ea 7909 6089 5889 5069 5068 58c8 58c7 58c6 58a7 5887 58c8 60a7 60c7 60a7 60a7 60a7 58a7 60c7 60e7 60e7 
e42e e42d e42d e40d e40d e42d e42d e44c e42d e42d e42e e42e e44e e44d e46e e48e ec6e ec8d e48e ec8e ec6d e46d e48d e44d e42c e42d e42d e40d dc2d e42d e42d e44d e44c e40c e3ec db8b db2a d2ea c289 b229 a1c9 99a9 91c9 99c9 a1c9 a1e9 aa09 a9e9 aa09 b22a b229 b229 b229 b22a aa29 aa29 b229 b229 aa29 aa09 aa09 aa09 aa09 b229 b229 b24a ba6a ba6a ba6a c28a c28a c28a c2aa c2aa c2aa cacb c2aa c2ca c2eb c2cb cacb caca cacb caeb caeb caeb cacb d2eb caeb caeb caea caeb caeb cacb caeb cacb cacb d2ec d2eb cb0c d2eb d2eb caeb d2eb d2ca d2eb caec cb0c caec caeb caeb caec caec caec caeb caeb caeb caeb caeb caec d30c d30c d30c d2eb cacb cacb cacb caca caaa caaa caaa cacb caca c2aa c2ab caca caaa caab cacb cacb caeb caeb caeb c2aa c2ca c2aa caca c2aa caca c2eb caca cacb cb0c caec cb0c caec cb0c cb0c caec cb0c cb0c cb2c cb2d cb0c caeb caeb cb0c caeb caeb caeb caec caeb caeb cacb caeb caeb caeb caca caeb cacb cacb caeb cacb caea cacb caeb cacb caeb caeb caeb c2ec cacb cacb c2ab c2ab c2ab c2ab ba8b ba8b b26b b26b ba6a b26b b22a b24a ba6b ba8c c2ac cacc cb0c d32d d36d d38d d3ce dbce dbce dbee dc0e dc0e dc2e dc0e e42e dc2e dc0e dc0d dc0d dc0d dc2d e42d dc2d dc2d dc0d dc0d dc0d dc0d e42d dc0d dc0d dbed dc0d dc0d dc0d dc0d dbed dbed dc0d dc0d dbed dc0d dc0e dc0d dbed dbed dbed dbcd dbcd d3cd dbcd d3ac d38c d38c d3ac dc0c ed2f f5f1 fe52 fe73 feb4 feb4 fed5 fed4 fed4 feb3 f631 e570 c40d aaaa aa4a aa4a b26a b26a ba8a ba8a ba8a baab bacb bacb c2eb c2cb bacb baeb c30c c30c cb0c cb0c cb2c c2eb b26a 9168 68a7 5887 5067 5067 5067 5087 58a8 58c8 58e8 60c8 60c8 60c8 60a7 60a7 60a7 60a7 60a7 60c7 60e8 60a7 60a7 
e40e e42d e42d e40d e42d e44e e44e e44d e42d e44d e44e e44e e46e e48d e48e e48d ec6d ec8e ec6d ec6d e46d e46d e44d e44d e42d e40c e40d e42d e42d e42d e42d e42d e42d e40d e3cc db6b db2a d2ea c289 b229 a1c8 9988 9988 99a8 a1c8 a1e9 a9c9 aa09 aa09 aa09 b229 aa29 aa09 aa09 aa29 aa29 aa29 aa29 aa09 aa2a aa09 aa2a b22a aa29 b229 b24a b24a ba6a ba6a ba8a baaa ba8a c2aa c2ab c2aa c2aa c2aa c2ca c2eb c2cb c2ab caca caeb caeb caea cacb caca caeb cb0c caeb caca caca caca caca caeb c2cb cacb caeb cacb caeb cacb cacb d2eb d2eb caca caeb cacb cacb caec caeb caeb caec cb0d cb0c d2ec caeb d2eb caeb caeb d2cb caeb d2eb caeb d2cb cacb cacb cacb d2cb cacb caca caca caca caca caaa c2cb cacb cacb caca caeb cacb cacb caca c2ca c2aa c2aa c2ca c2ab c2aa c2aa c2cb c2cb c2cb caec caec caec caeb caeb cb0c cb0c cb0c cb2c cb0c cb0c cb0c cb0c caeb caec caeb caec caeb caeb caeb caeb caeb cacb cacb caeb caca cacb cacb cacb cacb d2eb caec caca cacb caeb cacb cacb caeb caec caab cacb c2ab c2ab c2ab c28b c2ab baac ba8b b28b ba6a ba4a b24a b22b b24b ba8b baac c2cc cb0d d34d d34d d36d d3ae d3ce dbce dbee dbee dc0e dbee dc0e dc0e dc0e dc0e dc2e dc0d dc0e dc0d dc0d dc2d e40d dc0d dbed dc0d dc0d dc2e dc0d dbed dbed e40d e40d e40d e40d dc0d dc0d dc0d dc0d dbed dbed dbed dc0d dbed dbcd dbcd dbcd dbcd d3cd dbcd d3ad d3ac d38c d38c d38c dc4d ed4f f611 fe52 fe93 feb4 fed4 fed4 fed5 fed4 fe93 f631 e54f c3ac aa4a a229 aa29 b26a b26a b28b ba8a ba8a baab bacb c2cb baeb baec c2ec c30c cb0c cb2c cb0c ba8a 99e9 7908 60a7 5087 5067 5067 5087 5087 58a8 58a8 58a8 60c8 60c8 60c8 60c7 60a7 60c7 60c7 58a7 60a7 60c7 60c7 5887 5887 
e44e e44e e44d e42d e42d e42d e44d e42d e42d e44e e44d e46e e46e ec8e e46d e46d ec4d ec4e e44d ec4d e44c e44c e42c e42c e42d e40d e40d e42d e42e e42d e42d e42d e42d e3ec e3cc db8b d34b d2ea c289 b209 a1a8 9988 9968 9988 99c9 a1e9 a9e9 aa09 b209 b229 b229 b229 aa29 b209 aa29 aa29 aa09 aa09 aa29 aa29 aa29 aa29 aa09 aa09 b229 b229 b26a ba6a ba8a ba8a c28a c2aa c2aa c2ab c2ab c2aa c2aa c2aa c2cb c2cb c2cb cacb c2eb cacb caea c2ca c2cb cacb caeb cacb cacb cacb caab caaa cacb cacb caeb caeb caeb caeb d30c d2eb caeb d2eb cacb caca caeb caeb cb0c caeb caeb d2eb d30c cb0c caeb caec caeb cacb caeb d2eb cb0c caeb cacb d2cb d2cb d2cb cacb caca cacb cacb caeb caaa c2ab ca8a cacb caaa caaa caaa caaa caca caca c2aa c28a c2aa c28a c2aa c2aa c2ab c2ab c2cb c2cb caaa cacb caeb caec cacb cacb cb0c c30c cb0c cb0c cb0c cb0c caeb caeb caeb caeb caeb cacb caeb caeb caeb caeb caeb cacb caeb caeb caeb cacb cacb caeb cacb cacb cacb caca caeb cacb cacb cacb cacb cacb caab cacb c2ab c2ab c28b ba8b baab baab ba8b b28b ba6b ba6a b24a b24b ba4a ba8b c2ac c2ec cb0c cb2d d34d d38d d3ae d3ce dbad dbcd dbee dbee dbee dc0e dc0e dc0e dc2e dc2e dc0d dc0d dc0d dc0d dc0d dc0d dc0d dbed dc0d dc0d dc0d dc0d dbed dbed dbed dbed e40d e40d dc0d e40d dbed dc0d dbed dbed dbed dbed dbed dbcd dbcd dbcd dbcd dbad dbac dbac d38c d38c d36b d36c d3ac e4ad f5af f631 fe72 fe93 feb4 fed5 fed5 fed5 fed4 fe93 f610 dcee bb4b aa2a a209 aa6a aa6a b26a b26a ba8a ba8b baab b2ab bacb baec c30c c30c cb2c c30c b26a 91c9 7108 5887 5087 5087 5087 5087 5087 5067 58c8 60e9 6109 6109 6108 60e8 60e8 60c8 60c7 60a7 60a7 58a7 5887 5887 5887 58c8 
e42e e42d e42d e42d e42d e42d e42d e44d e44e e44e e46e e48e ec8e e46e e44d e44d e44d e42c e42d e44c e42c e42d e40c e42d e42d e42d e40d e42e e42d e42d e42c e42d e42d e40c e3cc db8b db2a cac9 c269 b1e9 a1c9 9988 9168 9988 a1c9 a1c9 a9e9 aa2a aa2a b22a b229 b209 aa09 b209 b229 aa29 aa29 aa09 aa29 b229 aa09 aa09 aa29 b229 b229 b229 ba49 ba6a ba6a ba8a c28a c2aa c2aa c2aa c2aa c2aa c2cb c2cb c2cb c2ab caca caaa c2ca c2ab cacb cacb caeb cacb c2cb c2eb cacb cacb cacb caca cacb cacb cacb caec cacb caeb d2eb cacb caeb caeb d2eb cacb caeb d2ec caeb caeb caeb caeb caec caec caeb caeb caeb d2eb cacb caeb d2eb d2eb cacb d2cb d2eb cacb cacb d2eb caeb cacb cacb caaa caeb caaa caca caca caaa caaa c28a c28a c2aa c2aa c2aa c2aa c2aa c2aa c2aa c2aa c28a c2aa c2aa c2aa caca caeb c2eb caeb caec cb0c cb0c caec cb0c cb0c caec caeb cacb cacb caec caeb cacb caec cacb caeb caec cb0b caec cacb cacb cacb caec caeb caeb cacb caeb caeb caca cacb cacb caeb cacb caeb cacb c2cb c2cb c2ab c2aa c28a ba8b ba8b ba8b ba8b ba6b ba8b ba6a b26b b24b ba6a ba8b c2ac c2cc caec cb2d d34d d38d d38d d3ae dbad d3ce dbce dbee dbee dbee dbee dbee dc0e dc0e dc0e dc0d dc0d dc0d e40d dbed dbed dc0d dc0e dbed dc0d dbed dbed dbed dbec dbed dbed e40d dc0d e40d e40d dbed dc0d dbed dbed dbcd dbcd dbcd dbcd dbcc dbcc dbad dbac db8c d38b d38c d36b d36b d36b dbec ecee f5d0 f652 fe93 feb4 fed4 fed4 fed5 fed4 feb4 fe52 edd0 d48d b2ea a229 aa49 aa6a aa4a b26a b28b b26a b28a b2ab bacb bacc c30c c30b c2cb b24a 9188 68c7 58a7 5087 5087 5087 5087 5887 58a8 58a7 58c8 60c8 60e8 60c7 60e8 60c7 58a7 58c8 58c7 5887 5887 58a7 5887 5887 5887 5887 
e42d e42d e42d e44d e42d e42d e42d e44d e44e e46e ec8e e48e ec8e e44d e42d e42d e40c e40c e40c e40c e40c e40c e40c e42d e42c e42e e40c e42c e42d e42d e42d e42d e42d e40d e3cc db8b db4b caea c28a aa09 a1c9 9988 9188 9988 a1c9 a1c9 a9e9 aa0a aa09 b229 b209 b229 b229 b229 b22a aa09 b249 b229 aa29 aa29 aa09 aa29 aa29 b209 b229 b249 ba49 ba49 ba6a ba8b c28a c2aa c2aa c2aa c28a c28a c2aa c2cb c2cb c2cb caca cacb caca caaa caca caca cacb caeb cacb cacb cacb cacb cacb cacb d2eb d2eb caec caec cacc cacb d2eb cacb cacb cacb cacb cacb d2eb d2eb d2cb caeb caeb caeb d2eb d2eb d2eb d2eb d2cb d2cb caeb caeb caeb caeb caeb d2cb d2eb cacb cacb d2eb d2eb d2eb cacb cacb cacb caaa caca caab c2ab cacb c2cb c30c c2ec c2eb c30c bacb c2eb baab c2ca baaa baaa baaa c2aa c2aa c2aa c2cb c2cb c2cb c2cb cacb caec caec c2ec caec caeb caec cacb cacb caec caec caeb caec cacb caec cb0c cb0c cb0c cacb cacb caeb caec cacb cacb caeb caeb caea caca cacb cacb cacb cacb caeb c2cb c2ab c2ab c2cb c2ab c28a c2ab ba8b ba8b ba8b ba8b b28b b26b b24a b24a b24a ba6b ba8b c2ac caec cb2c d34c d36d d38d d38e d3ad dbad dbad dbce dbee dbee dbcd dbee dc0e dc0e dc0e dbed dc0d dc0d dbed dbed dbed dbed dc0e dbed dbee dbec dbed dbed dc0d dbed dbed dbed dbed e40d e3ed dbed dbed dbcd dbcc dbcc dbac dbac d3ac d38c db8c d38c d38c db8c d38c d38c d36b d38b d36b d38b dc2c ed4f f611 fe52 fe93 feb4 fed4 fed5 fed4 fed4 feb4 f631 e58f cc0d aa8a a229 aa4a aa4a b24a b26a b28b b28b baab bacb baec c30c baab aa09 8148 68a7 5887 5067 5087 5067 5087 58a7 58a7 58c8 60c8 60e8 60e8 6109 60e8 60e8 60c8 58c8 58c8 60c8 58a7 5887 5887 5887 58a7 5887 5887 
e44e e42d e42d e42d e42d e42d e42e e44e e44d ec8e ec8d ec6e e44d e40c e40c e3ec e3ec e3ec e3ec e3eb e3ec e3ec e40c e44d e44c e44d e42c e42d e42d e42d e44d e42d e42d e40c e3cc dbab db4b caea ba8a aa09 a1c9 9988 9968 9989 a1c9 a1c9 a9e9 a9e9 aa09 aa09 b229 b229 b229 b22a b22a aa09 b209 b24a aa29 aa29 aa29 aa29 aa29 b229 b229 ba6a ba4a ba6a ba8a ba8b c28a c2aa c2aa c2aa c2ab c2aa cacb caaa c2ca caca caca c2cb caca cacb cacb cacb caeb cacb cacb cacb cacb caeb cacb caeb caeb cacb caec d2cb cb0c cacb d2eb cacb cacb cacb cacb caec cb2c d30c d2eb caeb d2eb d30c d30c cacb d2eb cacb d2cb d2cb d2cb d2cb d2eb d32c caec d2ab d2cb cacb cacb cacb cacb caeb cb0c cb2d cb0d c30d c30d c30d c36e c3af c431 cc91 cc30 cc92 cc92 c451 c451 c430 c430 c3ef bbaf bb8e bb0c c2ec c2cb c2ca c2aa c2aa c28a c2aa c2cb c2cb c2ab c2cb cacb cacb cacb cacb caeb cacb cacb caec cacb caec caec caec cb0c caec caeb caeb cacb cacb cacb cacb caeb caeb caca cacb caeb cacb caeb cacb c2cb cacb cacb c2cb c2ab c28b ba8b ba8b ba6b ba8b ba8b ba6a b26a b22a b22a b24a b28b ba6b c2ac caec cb2c d34c d34c d38d d3ad d38d d3ae d38d dbad dbce dbce dbce dbee dbee dc0e dc0e dc0e dc0d dbed dbed dbed dbed dbed dbed dbed dbed dbed dc0d e3ec e3ec e3ed e3ec dbcd dbec dbed dbec dbed dbcc dbcd dbac dbac dbad d3ad d38d d38c d3ac d38c d38c db8c d3ac d36c d38c d38c d38c d36c db8c e46d ed8f f611 fe52 fe93 feb4 fed5 fed4 fed5 fed4 fe93 f631 e52f c38c aa4a aa4a aa6a aa4a b28b b2ab b28b bacb baec bacb aa6a 91c9 7908 60a7 5087 58a7 50a7 5087 5087 50a7 58a7 58a7 60c8 60c8 60e8 60e8 6108 60e8 60e8 60c8 60c8 60a7 60c7 58a7 5887 5887 5887 58a7 5887 5887 
e44e e42d e44e e42d e42d e42d e42e e46e e46e ec8e ec8e ec4d e42d e3ec e3ec e3cb e3cb e3ab e3cb dbab e3cb e3ec e40c e44d e44d e44d e44d e42d e42e e44e e44d e42d e42d ec0c e3cc e38c db4b d30b c2ab b229 a1c9 99a9 9169 9989 a1c9 a1e9 a9c9 a9e9 aa09 b209 b229 b22a b22a b24a b24a aa29 aa29 b229 b209 b229 aa09 aa29 b209 b229 ba29 b26a ba6a ba6a ba6a ba4a c28a c2aa c2aa c2aa c2aa c2aa cacb caaa cacb caca cacb caca caca cacb caeb cacb caeb caeb cacb cacb cacb cacb caeb caeb d2eb caeb caeb d2eb d2cb caec d2ec d2cb d2cb cacb d2cb cacb cb0b caeb caeb caeb d30b d30c d2ec cacb d2eb d2cb d2cb d2cb d2cb d2cb cacb d2eb cb0c cb0d caec cb0d c2ed cb6e c34f c36e c3f0 c3af c3b0 c3d0 c3f0 c431 c471 cc92 ccb1 ccd2 ccf2 ccf2 ccf3 ccf3 d533 d553 d533 d554 d553 d533 cd13 ccb2 c410 c3cf bb6e baec c2cb c28a baaa ba8a c2aa c2cb c2cb c2ab cacb cacb cacb cacb cacb c2eb caec cb0c cb0d caec cb0d cb0c cb0c cb0c caec cacb caeb cacb cacb cacb cacb cacb caeb cacb cacb cacb cacb cacb c2ab c2aa c2ab c2ab ba8b ba8b ba6a ba6b ba6b ba6a ba4a b24a b22a b24a b26b ba8b c2ab caec cb0c d34d d36c d38d d38d d38d d38d d38c d3ad d3ad d3ce dbce dbee dbee dbee dbed dbee dc0d dbed dc0d dbcd dbcd dbed dbed dbed dbed dbed dbed e3ed e3ec e3ec e3ec dbec dbcc dbcc dbcc dbcc dbcc dbcc dbac dbac d3ac d3ad d3ad d38c d38c d38c d38c d38c d38c d38c d38c d38c d38b d36c d38c dbcc e4ae f5b0 f631 f672 fe94 feb4 fed5 fed5 fed5 feb4 fe73 f611 dcee bb4b aa6a aa8b aa6a b28b ba8b baab bacb baab aa4a 8968 68a7 5887 5087 5087 5087 58a7 5087 5887 58a7 58a7 60c7 60c8 60c8 60e8 6108 6108 6108 60e8 60c7 58c7 5887 5887 5887 5887 5887 5887 5887 58a7 58a7 
e44e e44e e42d e42d e42d e40d e44d ec6e ec8e ec8e ec8d ec4d e40c e3ec e3ab e38b db8b e38b db8b db8c e3ab e3ed e42d e44d e44d e44d e44d e42d e42d e42e e44d e44d e42d e40c e3ec db8c db2b d30a c28a b229 a1c9 99a9 9988 99a8 a1a9 a1c9 a9e9 a9e9 a9e9 aa0a b209 b22a b229 b22a b22a aa29 aa29 b229 b229 b229 b209 b209 b209 b229 ba29 ba69 ba6a ba6a ba6a c26a c28a c2aa c2aa c2aa c2aa c2aa caaa caca cacb caca caeb caca caca caca caeb cacb caeb cacb caeb cacb cacb d2eb d2eb caeb d2eb d2eb d2ec d2cc d2eb d2eb d2eb cacb cacb caeb d2cb cacb cacb caeb caeb d30b d32b d2eb d2eb d2eb d2eb d2cb d2ca d2cb caab cacb caec cb2e c36f cbaf cbb0 c3cf c3d0 c410 c411 bbf1 c3f0 bbd0 c411 c451 ccb2 ccb2 cc91 cc91 ccb2 ccf2 cd33 d533 cd13 cd33 cd33 cd33 d574 d533 d532 d573 d533 d553 d574 d594 d553 ccf2 c471 c3af bb6e baec baab ba8b ba8b baab c2cb c2ab c2cb c2cb c2cb c2cb c2ec cb0c cb0c c30d cb0c cb0c caec caec cacb cacb caeb cacb cacb cacb cacb cacb cacb cacb cacb cacb cacb cacb c2ab c28b c2aa c2ab baab baab ba6a ba6a ba6b ba6a ba6b b24b b24a b24a b26b ba8b c2ab caec d30c d34d d36c d38d d38d d38d d38d d38d d3ad d38d d3ad dbcd dbcd dbce dbee dbee dbed dbed dbee dbed dbcd dbcd dbed dbed dbed dbed dbed dbed e3ed e3ec e3ec e3ec dbcc dbcc dbcc dbcd dbac dbac dbac dbac d3ac d38c d38c d38c d38c d38c d38c d36b d36c d38c d38c d36b d36c d36c d36b d38c d3ac dbec e4ee f5d0 f632 fe73 fe94 feb4 fed5 fed5 fef4 feb4 fe72 edd0 dcad bb0b aa6a aa6a baab bacb baeb b28a a1e9 8128 60a7 5067 5067 5087 5087 5087 5887 5087 5887 58a7 58c8 60c8 60e8 60c8 60e8 60e8 60e8 58e8 60e8 60e8 58a7 5887 5067 5887 5867 5887 5887 58a7 5887 5887 
e42e e42d e40d e42d e42d e42d e44d ec8e ec8e ec8d ec4d e42c e3ec e3ab db8b db6b db4b db6b db4b db6b dbab e3ec e42d e44d e44d e44d e44d e42d e42d e44d e44d e44d e42d ec0c e3cc db8b db4b d2ea c289 b209 a1c8 9988 9188 9988 a1a9 a1c9 a9c9 a9c9 aa09 aa09 b20a b22a b229 b229 aa29 aa09 aa29 b229 b209 b209 b22a b229 b209 b249 ba29 ba49 ba49 c26a c26a c28a c28a caaa caaa caaa caca c28a caaa caaa caca caca caeb caea caca caca caca caca cacb cacb caeb cacb cacb d2eb d2eb caeb d2eb d2cb d2eb d2eb d2eb d2eb d2eb d2eb cacb d2eb cacb cacb caeb caeb d2cb d2eb d30b d2ca d2eb d2cb d2cb d2cb cacb cacc cb0d c34f c36f c3d0 c3f0 c3f0 c411 c3d0 c3af bbd0 c3f0 c3f0 c3f0 c411 cc51 ccb2 ccd2 ccd2 ccb1 ccd2 ccd2 cd13 d533 d553 d553 d533 cd12 cd33 cd32 ccd2 ccf2 ccf2 cd33 d573 d552 d573 d594 d593 d594 d594 d553 ccd2 c471 bbaf bb0c baab ba8a c28a c28a c2ab c2ab c2ab c2cb cacc c2ec c2ec cacc cacc caec caec cacb cacb caec caeb c2cb cacb caeb caab cacb cacb cacb cacb caab c28b c2ab c2ab c28a c28a ba8b ba8b ba6a ba6a b26b b26a b26b b22a b22a b24a ba4a ba8b c2ab caec d32c d34c d36c d38d d3ad d38d d38d d38d d38d d38d d3ad dbad dbad dbce dbce dbce dbed dbed dbee dbed dbed dbed dbed dbcd dbed dbed dbcd dbcd dbcc dbcc dbcc e3cc dbcc dbcd dbcc dbac dbac dbac db8c dbac dbac db6c d36c d36c d38c d36b d36c d36b d36c d36b d38c d38c d38c d36b d36b d36c d36c d3ac dc0d ed0e f5d1 f651 fe93 f6b4 fed4 fed5 fef5 fef5 fed4 fe72 edb0 d46d bb0b b28a baab baaa b28a 91c9 70e8 5887 5067 5067 5087 5087 5087 5887 5887 5887 5887 58a7 60c8 60c8 60c8 60c8 60c7 60c8 60a7 58c8 58c7 58c7 58a7 5887 5887 58a7 5887 6086 5886 5886 5887 5886 
e42d e42d e42d e42d e44e e46d ec6d ec8d ec6d ec6d ec2d e40d e3cc e38a db6b db0a daea db0a db2a db6b e38b e3ec e42c ec4d e44d e44d e44d e42d e44d e44d ec4d ec4d ec2d ec0c e3cc e38b db4b d2ea c289 b209 a1a8 9968 9188 99a8 a1a9 a1c9 a1c9 a9e9 a9e9 aa09 b20a b229 b229 b1e9 b229 aa29 aa49 aa29 b229 b209 b229 b229 b229 b229 ba49 ba4a ba6a c28b c28a c28a c28a caaa ca8a caaa caaa c2aa caaa caaa caca cacb d2ca cacb caca caca caca caca cacb cacb caeb caeb caeb cb0b d2eb cacb d2cb d2cb d2cb d2eb d2cb d2cb d2cb cacb caeb d2cb caaa cacb cacb cacb caeb d2cb d2cb d2cb d2cb cacb caec caec c2ed c32e c3af c3b0 bb8f c3b0 c3d0 c410 cc10 c3af bb8f bb8f bbaf c3f0 c3f0 c410 cc30 cc71 ccb1 cc71 cc91 ccd2 ccd2 ccf3 d512 d512 d554 d533 cd33 cd13 ccf2 ccf3 ccf2 ccf2 cd12 d553 d532 d553 d573 d553 dd94 dd94 dd94 ddd4 dd93 d573 cd13 c431 bb0d ba8b ba8b c28a c2ab c2ab c2aa c2cb c2ec c2ec cacc cacb cacc cacc cacc caed cacb cacb c2cb cacb cacb cacc caab cacb c2ab cacb c2ab c2ab c28b c2ab c28a c28b ba6a ba8b ba6b ba6b b26b b26a b26b b24a aa2a b24a ba6b ba8b c2cc cb0c d32c d34c db4c d38d db8d db8d d38d d38d d38d d38d dbad dbad dbad dbce dbce dbce dbce dbee dbed dbee dbed dbcd dbcd dbcd dbcd dbcd dbcd dbcd dbac dbac dbac dbcc dbac dbac dbac db8c db8c db8c db8c db6b dbac db8c d36c d36c d36c d36c d34c d36b d36c d36b d38c d36b d36c d38c d36b d36c d36b d36c d36c dc0c ed4f f610 fe52 fe93 fed5 fed5 fed5 fef5 fef5 fed4 fe72 edb1 d44d bb0b bacb aa6a 91a9 70e8 5887 5087 5087 5067 5088 50a7 58a8 58a7 58a8 58a7 58a8 60c8 60e8 60e8 60c7 60c7 60a7 60c7 60a7 58a7 5887 58a7 58a8 58a8 58c8 58a7 58a7 58a7 5887 5887 5886 5887 
e42d e42d e42d e42d ec4e ec8e ecad ec8d ec6d ec4c e40c e3cb dbab db4a db2a d2c9 d2c9 d2ca d32b db6b e3ab e3ec e42d ec4c ec4d e44d ec4d e42d e44d ec4e ec6d ec4d ec4d ec2d e3ec e38b db4b d30a c28a b1e9 a1a8 9168 9168 9988 a188 a1a8 a1c8 a9e9 a9c9 a9e9 aa09 aa09 b209 a9e9 b209 b209 aa29 aa2a b229 b209 b229 b229 b24a b229 ba29 ba4a ba4a ba8b c28a c26a c28a ca8a ca8a ca8a c2aa caca caaa caab cacb cacb cacb cacb caca caca caaa caca cacb cacb caeb cacb d2eb d2cb caeb d2cb d2cb caeb d2eb d2cb d2eb cacb d2cb cacb caab cacb caaa cacb caeb caec cb0d cb0d cb2e cb2e cb2d c30e baed bb0e bb4e c3af c3cf c3af bb8f c3cf c3d0 c3cf c3af c3cf c3cf c3cf c3cf c410 c3cf c3f0 c410 c431 cc50 c471 c471 cc71 cc91 ccb1 cc91 d4f2 d533 d513 d533 ccf2 cd33 cd12 ccf2 d512 d512 d532 cd53 d553 d552 d553 d573 ddb4 dd94 ddb4 ddb4 ddd5 ddf5 ddb4 d533 c471 bb6e baab ba8b ba8a c28b c2ab c2cc c2cc c2cc c2cc caec caec c2cc caec c2cb cacb c2cb cacb cacb cacb c2ab c2cb caab caab c2ab c2aa c28b c28b c28a ba6b ba6a ba6b ba6a ba6a ba6b ba4a b26b b24a aa2a b26b b26b ba8b c2cb caeb d32c d34d db6d db6c db8c db8d db8d d38d d38d d38d db8d dbad dbad dbae d3ae d3ce dbce dbee dbce dbcd dbed dbed dbcd dbad dbad dbcd dbcc dbac dbac dbac db8c dbac dbac dbac db8c db8c db8c db8c db8c db8c db8c db6c db6b d36c d34b d36c d36c d34b db4b d36c d36b d36b db6b d36c d36b d36b d36c d36b d34b d36b e44d ed6f f611 fe73 feb5 fed5 fed5 fef5 fef5 fef5 fed4 fe72 ed90 cbec b24a 8968 68a7 5887 5087 5087 5067 5067 58a8 5087 58a7 58c8 58c8 60c7 60c8 60c8 60c8 60c8 60c7 60c7 60c8 60a8 58a7 5087 58a7 58c8 58e8 58c8 58a7 5887 5887 5887 5867 5887 58a7 5887 
e42d e42d e42d ec6d ec6d ec8e ec8e ec8d ec2d e40d e3cb e3ab db4a d2e9 d2a9 ca89 ca89 d2aa d34b db8c e3ec e40c e44d ec4c ec4d ec6d ec6d ec4d e44d ec4d ec4e ec4d ec2d ec0c e3cb e3ac db4b d30a c269 b1e9 a1a8 9948 9148 9168 9988 99ca a1c9 a9e9 a9e9 a9e9 a9e9 a9e9 aa09 aa09 aa09 b209 b209 aa09 aa09 a9e9 b1e9 b229 b24a b229 b229 b22a ba4a ba6a ba6a c269 c28a c28a c28a ca8a caaa caaa caaa caab caaa cacb cacb c2aa cacb caaa caaa c2aa caca cacb cacb caca d2cb cacb cacb cacb cacb cacb d2eb d2cb caeb cacb d2ab caab cacb caed caac cb0d cbb0 cbb0 cbb0 cbd0 c3af bb6e bb0d bacc bacc b32e bb4e c38e c36e bb6e c38f c3af c38f c38f c38e c38e c3f0 cbf0 cbef c410 c3cf c3ef c3f0 c430 c431 c431 c471 ccb2 ccb1 ccb1 ccb2 cc91 ccf2 d512 d4d1 ccb1 d512 d512 d533 ccf1 d533 d532 d553 d553 d594 d573 d573 ddb4 ddb4 ddb4 ddb4 ddd4 ddd5 ddd5 ddd4 ddb4 d574 c451 bb2d b26b b26a ba8b bacc c2cc c2ab c2cb c2cc c2ec c2cc c2ab c2ab c2ab c2cc cacc caab c2ab cacb cacb caab c2ab c2ab c28a ba8a ba6b c26a ba6a ba6a ba6a ba6a b24a b26b b24a b24a b22a b22a b24b ba6a ba8a c2ab caeb d32c d34c d36d db8d dbad dbad dbad d38d d3ad d38d db8d db8d db8d dbae d3ae d3ae d3ae dbce dbce dbcd dbcd dbed dbcd dbcc dbac dbac dbac dbac dbac dbac db8c db8c db8c dbac db8c db8c db8c db8b db6c db6b db8c db6c db6c d36c d36c d36b d36c d34b d34b d36b d36b d34b db6b d36b d36b db6b d36b d36c d34b d34b d38b e48d f5d0 fe32 fe94 feb5 fed5 fef5 fef5 fef5 fef5 fed4 fe72 dcce 99e9 6087 5087 5087 5067 5087 5088 5087 5887 50a7 5887 60c8 60e8 60c7 60c7 60c7 60e8 60c8 60c8 60c8 60c8 58a8 58c8 58a7 58a7 58c7 58c8 60a7 5887 58a7 58a7 5887 5887 5866 5887 60a6 
e42e e44d e46e ec8e ec8d ec8e ec8d ec4d e40d e3ec e3ac db6b d2ea ca89 c249 ba29 c249 caaa db2b dbac e3cc e40c e44d ec6d ec6d ec4d ec6d ec6d e44d e44d ec2d ec4d ec2d ec0c e3ec e3ab db4b d30a c289 b1e9 a188 9168 9168 9169 99a9 99ea 99c9 a1c9 a1c9 a20a aa09 aa0a aa09 a9e9 a9e9 aa09 aa09 aa09 aa09 aa09 b209 b229 b229 b24a b22a b24a ba4a ba6a ba6a c24a c28b c28a c26a c28a c28a c2aa c2ab caaa caaa c2ab caaa caaa cacb caaa caaa caaa caaa caca cacb cacb caca cacb cacb cacb d2cb cacb caeb caaa d2aa d2cb caab d2cc d3ae d450 cb8f cbcf cbef c3cf c38f bb6e bb0d bb0d bacc bacc bacc b2ed b2ed bb4e c34e bb6e bb6e bb4e bb2d bb4e bb4e c3ae c3af c3af c3ae c410 c3ef cc10 c410 cc0f c410 cc30 cc51 d4b1 cc91 cc91 ccd2 ccd2 ccd1 ccb1 ccd2 ccf2 d532 d533 d533 d512 d512 d573 d573 dd73 d573 d594 d593 dd93 dd93 ddb4 ddb4 ddd4 ddb4 ddb4 ddd5 ddd5 ddf5 ddd4 d554 c451 b34e b2ab b2cc baab ba8b c28b c28b c28b c2cb c2ab c2ab c2ab c2ab c2cb c2ab c2ab c2ab c2ab c2ab c2ab c2ab c28b ba8a c28a c26a c26a ba6a ba6a b26a b24b b24a b24a b22a b20a aa2a b24a ba4a c26a ca8b caec d30c d34c db6c db8d dbad dbad dbad d38d d3ad db8d db8d db8d dbad dbad dbad d38d d3ae dbce dbcd dbce dbcd dbcd dbcd dbcd dbad dbac db8c db8c db8c db8c db6c db8c db8c db8b db8c db8c dbac db8c db8c db6b db6c db6c db6c d36c d36c db6b d34b d36b d36b db6b db6b db6b d36c d36c d36c db6b d36c d36b d36b d34b d34b dbac ecce f5d0 fe32 fe93 feb4 fed5 fef6 fef6 ff16 fef4 fe92 dc8d 8128 4847 4867 4867 5067 5087 5087 50a7 58a7 58a7 58a7 60c8 60c8 60c8 60a7 60c7 60c8 60c8 60c7 5887 5887 5887 5887 58a7 58c8 60e8 58c7 58a8 5887 5087 58c7 58c7 5886 60a7 60c7 60c7 
e44e e44d ec6e ec8d ecae ec8e ec6d e42d e3ec e3ac db8b db0a caa9 ba29 b1e8 b1e9 c249 caca d32b db8c e3cc e40c e44d ec6d ec6d ec6d ec4d ec6d ec6d ec4d ec4d ec4d ec4d ec0c e3ec e3ac db4b d2ea c289 b209 a1a8 9168 8968 9168 9189 99a9 99a8 99a9 a1a9 a1e9 a9e9 aa09 a9e9 a9e9 a9e9 aa09 a9e9 aa09 aa09 b229 b209 aa09 b229 b229 b229 b24a b24a ba4a ba6a c26a c28a c28a c28a c28a c28a c2aa c2ab c2cb c2aa c2aa caaa caaa caca cacb caaa caaa caca caca caca cacb caca cacb cacb cacb caaa caaa cacb caab cacb cbcf cb0c cacb cb2d cb4d cb6d c36d c34d bb2d bb0c bb0d baec baec bacc bacc baec b2ed bb0d bb6f c34e bb4e bb4e bb4e b30d bb2e bb4e c3af bb6f bb6e c36e c3cf cbcf cc10 c430 c40f c430 cc51 cc91 cc90 cc70 cc50 ccb1 ccb2 ccd2 ccd3 ccf3 d513 d532 d553 d513 d573 d574 d573 d573 d573 d552 d553 d573 ddb3 dd93 dd73 d594 ddb4 ddd5 ddb4 ddd5 ddf5 ddf5 e5f5 ddf4 ddd4 d554 c471 b32e b28b b26b ba6a ba6a ba8b c2ab c2ab c28b c28b c2ab c2cb c2ab c2ab c2ab c28b c2ab c2ab c2ab c28b ba8b ba8a c26a ba6a ba6a ba4a b24a b24b b24a b22a b22a aa0a b209 b24a ba4a c26a caab d2eb d32c db2c db6c db8d dbad dbad dbad db8d db8c db8d db8d db8d dbad d3ad dbad d3ad db8d dbad dbad dbce dbad dbcd dbcd dbed dbcd dbac dbac db6c db8c db6b db6c db6c db8b db8c db8b db8c db8c db8c db8b db8c db6b db6b db8c db8c db6c db6c d36c d36c db6c d36c d36b db6b d38c d38c db8c d38c d38c d36c d36b d36b d36c d36c dbed ed0f fdf1 fe73 fe94 fed5 fef6 ff16 ff15 fed3 f5cf aaaa 5887 4867 4867 5087 5087 5087 5887 5887 5887 58a7 60c8 60c8 60c8 60c8 60c8 60c8 60c8 60c7 5887 5887 5887 5087 58a7 60c7 60c8 60a7 58a7 5887 5087 5887 5887 58a7 5886 60c7 60e7 60c7 
ec6d ec8e ecae eccd ecae ec6e ec2c e40c e3cc e3ab db4a caa9 ba29 a9c8 a188 a9a8 c249 caaa d32b dbac e3ec e42c e44d ec6d ec6c ec6d e44d ec6d e44d ec4d ec4d ec4d ec4d ec2c e3cc e3ab db4b d2ea c269 b209 99a8 9148 8948 8968 9168 9968 9988 a1a9 a1c9 a1e9 a1e9 a1e9 a1c9 a9e9 aa09 a9e9 aa09 aa09 aa09 aa09 aa0a aa2a b22a b22a b22a b229 b24a ba29 ba49 ba6a ba8a c28a c28b c26a c28b c2aa c28a ca8a c2aa c28a cacb caab caab c2cb c2ab caaa caab cacb caeb cacb cacb caab caab cacb caaa caaa caab d2cb dbed e46d c289 ba4a bacc baec baec baec baec baec baab bacc bacc bacc baec baed bacc bb0d bb2d bb6e bb4d bb4d bb4d bb2d b30d bb4e c36e bb8e bb6e c36e c36e c38e c3cf c3ef c3b0 c3af cc30 cc2f cc50 cc50 c430 c430 ccb2 cc91 ccd1 cd12 ccd1 ccd2 d4f2 d553 d573 d594 d573 d573 d552 d553 d573 d573 dd93 dd93 dd94 dd93 dd93 dd73 dd94 ddb4 ddd4 ddd5 ddd5 ddd5 ddd5 ddd5 ddf5 ddb4 cd53 bc31 b32d b26b aa4a b26a b24a ba6a ba8b ba8b bacc ba8b c28b c28b c28b c28a c28b c28a c28a ba8b ba8b ba8b ba6b ba6a ba6a ba6a b24a b26b b22a b24a aa2a aa2a aa0a b22a ba4a ba6b c2ab caec d32c d34c db8d db8c dbad dbad dbad dbad db8c db8d db8d db8d d38d d3ad d38d d38d d38d db8d db8d d38d db8d dbad dbcd dbcd dbac dbad db8c db6c db6c d36c d36c db6b db6b db6c db6b db6c db8c db8c db6c db6c db6c db8b db8c db8c db6c db6b d34c db4b db6c d36b d34b d36c db8c db8c d38c db8c d38c d38c db6c d36c d38c d36c d38c dc0d ed2f fe31 fe93 fed5 fef6 fef4 fe92 ed8f bb0a 60a7 4847 4867 4867 5067 5067 5087 50a8 5887 58a8 60a8 60e8 60c8 60c8 60a7 60e8 60c8 60c7 5887 5087 5087 5087 5887 58a7 60c7 58a7 58a7 58a7 5087 5887 5867 5887 60a7 60c7 60c7 58a6 5866 
ec8d ecae ecce ecae ec8d ec4d ec0c e3cc e38c db6b d2ea c269 a9e8 9988 9148 a9c8 ba49 caca d32b db8b e3ec e42c e44d ec6d ec6d ec6d ec6d ec6c e46d e44d ec4d ec2d ec4d ec0c e3cc e38b db2a d2ea ca89 b209 9988 9168 8928 9148 9168 9188 99a9 a1c9 a1e9 a1c9 a9c8 a9e9 a1e9 a9e9 a9e9 a9e9 aa09 aa09 aa09 aa09 aa09 aa29 aa09 b229 b209 b229 b22a b229 ba29 ba6a ba6a c26a c28a c26a ba8a c28a c28a c26a c28a c28a caeb cacb cacb c2ab cacb cacb cacb caab cacb caaa caca cacb cacb caaa caaa ca8a caab d32a e4ef c30a a1ea b22a baab bacc baab baec baab bacb bacc b2cc baed bacc bacc bacc b2ac baed bb2d c32d bb2d c34d bb2d bb2d b30d bb4d bb4e bb6e bb4e c36e c36e c36e bbaf c3af c3af c3af c410 c3ef c430 c430 cc30 cc71 ccf2 d4f2 d4d2 ccf2 ccf2 d512 d513 d553 d573 d553 d533 d573 dd93 d573 d552 dd94 dd94 dd93 dd73 d573 dd93 dd93 ddb4 ddb4 ddd5 ddd5 ddd5 ddd5 ddd5 ddd5 ddd5 ddd5 ddb4 ddb4 d533 bc10 b30d aa4b aa2a b22a b26b b26b b28b ba6a ba6a ba8a ba6a ba6a c28b ba8b ba8a c28a ba8b ba6a ba4a ba6a ba4a b24a b24b b24b b24a b22a b22a aa2a aa0a b20a b24b ba6b caab d2ec d32c db4c db8d dbad e3ad dbcd dbad dbad dbac db8c d38d db8d d38d d38d d38d d36d d38d d38d d36d d36d d38d d38d dbad dbad dbcd dbcd db8c d36c db6c d34c d36c db6b db4b db6c db6b db8c db8c db8b db8c db6c db6b db8c db6c db6c db6c db6c d36c db6b db8c d36c d36c d36c db8c d38c d38c db8c db8c d38c db8c d38c d38c d38c d38c dbad e42d f5b0 fe52 feb4 feb3 fe52 ed2e b2ca 68e7 4867 4867 5087 5087 5087 5087 5087 58a7 58a8 60c7 60c8 60e8 60c7 60e8 60e8 60c8 60c8 58c7 5887 5067 5887 58a7 60a8 60c7 58c8 5887 5087 5887 5887 58a7 58c7 60c7 60c7 60c7 5886 4846 4026 
ec8e ec8e ecae ec8e ec4d e42c e3ec e3ac db6b d2ea ca8a a9e8 9968 9128 9148 a1c9 ba49 caca d30b db6b e3cb e42d ec4c ec6d ec8c ec6e ec4d ec4d e46d ec4d ec4d ec4d ec2d ebec e3cb e36a db2a d2ea c269 b209 9988 9148 8908 9148 9188 99a8 99a9 a1c9 99c9 a1e9 a9e9 a20a aa0a aa0a aa09 aa09 aa09 aa09 aa09 aa09 aa2a aa09 aa09 aa29 b229 b22a b24a b24a ba4a ba6a ba6a ba6a c26a c26a ba6a c26a c28a c28a c2ab c28a c2ab c2ab c2aa c2ab ca8a caab cacb cacb caab caeb caca cacb caaa cacb caab cacb cacb d2ea d34a ba6a b24b ba4a ba8b baab c2ab c2cc baab baac bacc baec c30c baec baab b2cc bacc bb0d bb2d c32d c34d bb4e bb2d bb2e bb2d bb2d bb4e c36e c36e c36d bb2d bb4d c36e c38e c38e bb8e c3af c3cf cc30 cc10 cc71 cc70 cc91 d4f2 d513 d4f2 d513 d4f2 d511 d533 d532 d533 d532 d573 d553 d573 d552 dd74 dd73 d594 ddb4 dd93 dd93 dd94 dd94 ddb4 ddd4 ddd5 ddd5 ddf5 ddf5 ddd5 ddb4 ddd5 ddf6 ddf6 e615 ddf5 cd74 bc10 aaac aa2a aa4a aa2a b22a b22a b24a b24a ba6a ba6a ba6a ba6a ba6a ba6a ba6a ba6a ba6a ba6a b24b b26b b24b b24a b24a b22a aa4a aa2a aa0a b22a b24b ba6b ca8b d2ec d34c db6c db8d dbad e3cd e3cd dbcd dbad dbad dbad dbad db8d db8d d36d d36d d34c d38d d36d d34d d36d d34c d36c db6d db8d dbcd dbcd dbac db8c db8c db6c db6c db6c db6b db8c db8c db8c db8c dbac db8c db6c db6b db6c db6c db6c db6c db6c d36c d36c db8c db8c db8c db8c db8c db8c db8c db6c db6c db8c db8c dbad dbac dbad dbcd dbad dbcd ecaf fdd1 fe51 f5af dc4c 9a09 60a7 5087 5067 5087 50a7 5087 5087 5087 5887 58a7 60c7 60a7 60a7 60a7 60c8 60c8 60c8 60c7 5887 5887 58a8 58a8 58a8 60c8 60c8 60c8 5887 5087 5887 5887 5887 60a7 6108 6908 60e8 58a7 4846 4026 4026 
ecaf ec8e ec8e ec6d ec4d e40c e3cb e38b db2a caaa b229 9988 9147 8948 9188 a9e9 ba69 caca d32b db6b e3cc e40c ec4d ec6d ec8d ec6e ec4d ec4d ec6d ec4d ec4d ec4c e42d e3ec e3cb e36a db4b d2ea c269 a9e8 9968 9148 8927 8948 9189 99a9 99a9 a1a9 99c9 a1e9 aa0a aa2a a20a aa0a aa4b a209 aa0a aa09 aa09 aa09 aa29 aa0a aa09 aa2a b209 b24a b24a b24a b24a ba6a ba6a c28a ba6a ba6a ba6a c28a c28a c28b c2aa c28b c2ab c28a c28a c28a ca8a caab c2aa caaa caca cacb caca caaa caaa caab caab caeb d36c c2aa ba6a ba6a ba8a ba6b ba8b ba8b baab ba8b ba8a bacc bacc baab baec baec baec baec baec bb0d c32d c34e c34d bb2d bb0d bb4e bb2d bb6e c36e c36e c34e c30d bb0d bb6e c38e bb6e bb4e c3af c3af c3cf cc10 cbef cc70 cc90 cc90 d4d1 d4f2 d4f1 d4f1 d4d2 d532 d533 d512 cd33 d553 dd53 d512 d533 d573 dd94 ddb4 dd73 ddb4 ddb4 ddb4 dd94 dd94 ddb4 ddd5 ddd4 ddd5 ddd5 ddd5 ddf5 ddd4 ddd5 ddd5 ddf6 de16 de16 ddf5 ddd5 c4b2 ab2d a24b a1e9 a209 aa29 aa09 b229 b24a b24a ba6a ba6a ba8a ba6a ba6a ba6a b26a b26b b24a b24a b22a b24a b24a b24a aa2a aa2a aa09 b20a b22a ba4a c2ab d2cb d32c db4c db8d dbad e3ce e3cd e3cd e3cd e3cd dbcd dbad dbad dbad db8c d34c d34d d34c d34d d32c d32d d32c d32c d34c d36d dbad dbad dbad db8d db8c db6c db6c db6b db6b db6c db6c db8c db8c db8c db8c db6c db6b db6c db8c db6b db6c db6c d36c d36c db8c db8c db8c db8c db8c db6c db8c db8c db8c dbad dbac dbad dbad dbad dbcd dbed e3cd ec4e f50e e4ad bb0a 8168 58a7 5087 50a8 5087 5087 5087 5087 58a7 5887 58a7 58a7 60a7 60a7 60a7 60c8 60c8 60c7 60a7 5887 5087 58a8 60e8 60c8 60c8 60a7 58c8 58a8 50a7 5087 58c8 58a7 60c8 6908 6949 6929 58c7 4866 3825 4046 60c8 
ecaf ec8e ec6e ec4d ec0c e3ec e38b db2a caca ba49 a1c8 9168 9148 9148 99a8 aa09 ba4a caca d32b db6b e3cc e40c ec4d ec6d ec8d ec6e ec6e ec4e ec4d ec4d ec2d ec2d ec2c e3ec e3ab e36b db2b d2ca c289 a9e8 9968 8948 8928 8948 9188 9989 99a9 99c9 a1e9 a1e9 a20a aa0a a20a aa0a aa2a a20a aa09 aa09 a9e9 aa09 aa09 aa09 a9e9 aa09 b229 b22a b24a b24a b24a ba4a ba6b ba6a ba6a ba8b ba8b ba6a c28a c26a c28a c28a c2aa c2aa c2aa c2aa caaa caaa caab caaa cacb caaa caca caaa caab ca8b cacb dbee d36b ba6a b26a ba6a c28a ba8a ba6a ba6a ba6a b26a b26b ba8b baab baab baec baed c30c baec bacc c32c c32d bacb baec bb2d c34d c36e bb2d c36e c36d c32d bb2d bb2d bb6e bb6e c34e cbae c38e c38e c3cf c3af c3f0 c410 cc10 cc50 cc90 cc91 cc71 ccb1 d4d1 d4b1 d4d2 d533 d552 d553 d552 d553 d573 dd73 dd93 dd94 ddb4 ddb4 dd94 dd94 ddb4 ddd5 ddb4 ddb4 ddd5 ddd5 ddf5 ddd4 ddb4 ddd5 ddd5 ddf5 ddf6 ddd6 ddf6 ddf6 ddf6 e615 ddf5 d573 bc11 a26b 9a4a 9a2a a1e9 a1e9 aa09 aa09 b22a b24a b28b b24a b26a ba6a ba4a b24a b22a aa4a b24a b24b b26a b22a b22a aa0a aa0a aa0a b22a ba4b c28b d2ec d32d db8d db8d dbad e3cd e3cd e3ed e3ed e3ed dbcd dbcd dbad dbad db8d d34c d32c d30c cb0c cb0c caec caeb caec d30c d32c d36d dbad dbcd dbad dbac db8c db6c db6c db6b db8c db8c db8c dbac db8c db8c db6b db6c db6c db6c db6b db6c db6c db6c db8c db8c db8c db8c db8c db8d db8c dbad db8c db8c dbac dbad dbac dbad dbac dbcd e3ed e3ed e3ed d32b a209 68e7 58a7 50a7 5087 5087 5087 5067 5087 5887 58a7 60a7 60c7 60e8 60c7 60a7 60c7 60a7 6087 58a7 5887 5067 5087 58a8 60e8 60e8 60c8 58c8 58c8 50a8 50a8 58a7 60c8 60e8 6929 7149 6929 58a7 4866 4046 4867 6928 a2cd 
ec8e ec8d ec4d ec2d e3ec e3ac db4b d2ca c269 a9c8 9988 9168 9148 9148 9988 a9e9 ba6a caca d32b db8b e3ec e42c ec4d ec6d ec6d ec6d ec6e ec6e ec4d ec4d ec4d ec4d ec2c e3ec e3ac e38b db2b d2ca c269 a9e8 9968 8948 8928 9148 9188 9988 99c9 a1c9 a1ea a1e9 a20a aa09 a1e9 aa0a aa0a aa09 aa2a aa09 aa09 aa09 aa09 aa09 aa09 aa09 aa09 b22a b229 b24a b24a b24a ba6a ba6a ba6a c28a c26b c26a ba6a c28a c28a c2aa c2aa c28a c28a c2aa ca8a c2ab caab caaa caab caaa caaa caaa caab caab db8c e4ad caca c26a ba6a ba8a ba6a ba6a b24a b24a b26b ba6a ba8b baab baab baab baec c2ec c2ec bacc bb0c c30c baec bacc bb0d bb2d c34d c32d c32d c36d c34d c36e c34d c38e c38e c34d c36d c36e c36e c38e c38e c3f0 c410 c3cf cc0f cc0f cc50 cc70 cc91 cc91 ccd2 d4f2 d532 d533 d512 d553 d553 dd53 dd53 dd94 dd73 dd93 ddb4 ddb4 ddb4 ddb4 dd94 ddb5 ddd5 ddf5 e5d5 ddb4 ddd5 ddf5 ddd4 ddb4 ddb5 ddd5 ddd5 d5b5 d5b5 d594 d595 ddd6 de37 de58 de18 c555 bd14 b4b3 ab8f a22a 99c9 a1e9 aa0a b22a b26b b24a b26a b24a b24a b24a b22a b22a b22a b22a b22a b22a aa2a aa0a aa0a aa0a b24b ba6b c28b d2ec d34d db8e e3ad dbcd e3cd e3ed e3ed e3ee e3ee e3ee dbcd dbad dbad dbad d36c d32b caec caec c2cb c2ab c2aa c2ab caeb d30c d34c db6c dbad dbcd db8c db8c db6c db6c db6c db8c e38c e3ac dbad dbac db8c db4b db6c db6c db6c db6b db6c db6c db6c db6c db8c db8c db8c db8c db8c db8c dbad db8c db8c dbac dbad dbac dbcd e3cd e3cd e3ed e3cc d30b 99c9 68c8 5887 5087 5087 5087 5087 5087 5067 5067 5887 58a7 60c7 60c8 60e7 60c7 60c7 60a7 5887 5887 5887 5087 5867 58a7 60c7 60c8 60c8 58c8 58a8 58a7 58a8 58a8 58c8 60e8 6929 6949 6108 58a7 4867 4846 5067 7169 aacc d3ee 
ec6e ec4d e42d ec0d e3cc e36b db0a ca89 b1e9 9968 91a9 91a9 9168 9148 9988 a9e9 ba6a caca d32b db8b e3cc e40c ec4d ec6d ec6d ec6d ec6d ec6d ec6d ec4d ec2d ec2d ec2c ec0c e3cc db8b db4b d2c9 c269 a9e9 9968 8928 8948 9148 9188 99a9 9989 a1a9 a1e9 a209 aa4b aa09 a9ea a9e9 a9e9 aa09 aa09 aa09 aa0a aa09 aa09 aa09 aa09 aa2a aa29 b22a b229 b24a b26a b26a ba6a ba8a c26a c28a c28a ba6a ba6a ba6a c28a c2ab c2aa c28a c28a c2ab c28b caab caaa ca8a ca8b caaa cacb cacb caab d2ca e3ed d32a c26a ba8a ba69 ba4a ba29 ba4a b24a ba4a b28b ba8b baab baab baab ba8b baab bacb baec c2ec c30c c2cb baec c30c c32d bb2d c32d bb2d bb0d c32d cb6d c36e c34d c36d c34d bb2d c38e c3af bb2d bb6e c3cf cbcf cbcf cbce cbef c40f cc50 cc50 cc71 ccf1 d4d1 d4f2 d533 dd53 d553 d554 dd74 dd94 dd53 dd53 d574 dd93 dd93 dd93 dd94 dd94 ddd5 dd94 ddb4 ddd5 ddd5 ddd5 ddb4 ddb4 ddb4 d594 d594 d5b5 d595 d595 d5f7 de37 de58 e678 e698 ee99 eeb9 eed9 eef9 eed9 de57 bc71 9a2a 99a9 a1c9 a1e9 aa4a b22a b24a aa4a aa4a aa2a aa0a aa0a aa2a b22a aa2a aa2a aa2a aa2a a9ea b20a b22b ba6b c2ac d2ec d34d db6d dbad e3cd e3ed e3ed e3ed e3ed e3ed e3ed e3cd e3cd e3ce dbad d36c d32c caeb c2ab c28b ba4a ba6a ba6b c28b cacb d30c d36d db6d dbad dbad db8d db8c db8c db8c db8c db8c e38c dbac db8c db8c db6b db6c db6c db6c db6b db6c db6c db8c db8c db8c db8c db6c db6c db8c db8c db8c db8c dbac dbad e3ad e3cd e3cd e3cd e40d e3cd cb2b a1e9 68e8 5087 5087 5087 5087 5067 5087 5087 5067 5887 58a7 60a7 60a7 60c7 60c7 60c7 60a7 6087 5887 5867 5887 58a7 60c8 60c8 60e8 60c8 58c8 50a8 50a8 58a8 58a7 58c8 60e8 6929 718a 6929 58a7 4867 4867 5088 798a aacc d3ce e46f 
ec4d ec2d e3ec e3cc db6b db0b caaa b229 a1a9 9168 9188 91a8 9988 9968 9968 aa09 ba69 caea d32b db8c e3cc e40d ec4d ec6d ec6d ec6d ec6d ec6d ec6d ec4d ec4d ec2d e42d e40c e3cc e38b db4b d2c9 c269 a9e9 9988 8948 8928 8948 9188 9989 99a9 a1c9 a1e9 a20a aa0a a9e9 a9ea a9e9 aa09 aa2a a9e9 aa09 a9e9 aa09 aa2a aa09 aa09 b20a b22a b22a b22a b24a ba6a ba6a ba8a ba8a baab ba6a ba6a c26a c26a c28b ba8b c28a caab ca8a c2ab c2ab c2ab c2cb caab caab c2aa ca8a caab d2ab cacb d30b d32a c2aa ba69 ba4a ba49 b24a b22a b24a b26b ba4a ba8b baab baab ba8b ba8a ba8b baab c2ec c2ec baec baec bacb bb0d c30c bb2d bb0d bb0c baec bb0c c32d c32d bb4d c34e c34d c36d c34d c32d c36e c34d c38e cbef cb8e cbae cbcf cbef cbf0 cc71 cc50 cc71 d4d2 d4f2 d512 d512 dd53 dd93 dd74 dd53 dd73 d553 dd73 dd73 dd73 dd74 dd94 ddb4 ddb4 dd94 dd94 ddd4 ddb4 dd93 dd94 dd94 d594 d574 d575 d5d6 de17 de38 e657 e677 e698 e678 e678 ee98 ee98 ee98 eeb8 eef9 eef9 f719 e677 bc10 99c9 9168 99a9 a1e9 aa0a aa2a aa2a aa09 aa2a aa0a aa0a aa0a aa2a aa0a aa2a a22a a20a a1ea aa2a b24b b26b c28b d2ec d32c db6c dbad e3ad e3cd e3ed e3ed e3ed e3ed e3cd e3cd e3cd e3ce dbad db8c d32b cacb c28a ba4a a9e9 aa09 aa0a b22a ba8b cacb d32c d34c db8d dbad dbad dbad db8c db6c db6c db8c db6c db8b e38c db8c db6c db6b db6c db6c db6c db6c db6c db8d db6c db8c db8c db6c db6b db8c db8c db8c db8d e3ac dbad e38c e3cd e3ed e3ed e3ac cb2b a1c9 68c8 58a8 50a8 5087 5087 5087 5066 5887 58a7 5887 5887 60c7 60c7 60a7 60c7 60a7 60a7 58a7 5887 5887 5867 5887 60c7 60e8 60e8 58a7 58a8 50c8 50a8 5087 58a8 58a8 6108 6949 71aa 71ab 6929 5887 5067 60e8 79ca a2ed c3ae dc2e e48e 
ec2d e40d e3cc e38b db2a caaa ba49 a1c9 9188 9968 9188 9188 9988 9988 99a8 aa09 ba6a d2ea db2b db8c e3cc e40c ec4c ec6d ec6d ec6d ec6d ec6e ec6d ec6d ec4d e44d e42d e3ec e3cc db6b db2b d2a9 c249 a9c9 9988 9148 8948 8948 9188 99a9 a1a9 a1c9 a1c9 a1e9 a9e9 aa09 aa2a a9e9 a9e9 aa09 aa09 aa0a aa09 aa09 aa09 aa2a aa0a aa2a b22a b24a b24a b24a b26a b24a ba6a ba6a ba6a ba8a ba6a ba6a c28a c28a c28a c2cb caab c2aa c2cb c2ab caab c2ab c2ab ca8a caaa caaa cacb cacb d2eb d2eb ca8a ba69 ba4a ba49 ba4a ba4a ba4a b26b ba8b ba8b baab bacb ba8b ba8b baab bacc c2cc baab baec bacc bacb bacb baec baec baec bb0d baec baec bb0d c32d c34e c32d c30d c32d c34d c34d c34d c32d c34e c3ae cbae c34d c38d cbae cbef cc0f cc30 cc50 d491 d4b0 d4d1 d532 dd74 dd53 dd12 dd53 dd73 dd73 dd53 d553 dd94 dd94 dd73 dd73 dd94 ddb4 ddb4 dd93 d533 d533 d553 d574 d595 ddd6 de17 de58 e678 e657 e677 e658 e657 e677 e678 e657 e657 e678 ee98 ee98 eeb8 eef9 f6f9 eef8 ddf5 b38e 91a9 9189 99c9 a1e9 a20a aa2a aa0a aa2a aa0a aa2a aa2a a20a aa0a aa0a a22a a20a a1ea a20a b24b b26b c28b cb0c d32c db6c dbad e3ad e3cd e3ed e3cd e3ec e3ed e3cd e3cd e3cd e3ee dbad db8c db4c d2ec c28a b229 a1c8 99a9 99a9 a1a9 aa0a ba6b cacb d32c d36d db8d dbad dbad db8c db6c db6b db6c db6c db8c e38c db8c db6c db6c db6c db6c db6c db6c db6c db8c db8c db6c db8c db8c db8c db8c db8c db8c db8d db8c dbad e3ac e3cd e3ed e3ac d30b a1e9 68c8 5087 50a7 5087 5067 5087 5067 5867 58a7 58a7 60a7 60a7 60c8 60c7 60a7 60c7 60c7 60a7 5887 50a7 5067 5887 60c7 68e8 68e7 60c8 5087 50a8 50a8 50a7 5887 58c8 60e8 6929 716a 71aa 718a 6108 5887 6908 8a0b ab0d c3ae d3ee dc2e e46e 
ebed e3cc e3ac db4b d2ca c249 a9e9 9988 9168 9988 9988 9988 9988 9989 99a8 aa09 ba6a caca d32b db8b e3cc e40c ec2c ec6d ec6d ec6d ec6d ec6d ec6d ec6d ec4e e42d ec0d e3ec e3ab db6b db2a d2a9 c249 aa29 9988 9148 8948 9148 9988 99a8 a1a9 a1e9 a1e9 a1e9 a9e9 aa09 aa2a a9e9 aa09 aa0a a9e9 aa2a aa2a aa0a aa09 aa0a aa2a aa09 b22a aa09 b229 ba6a ba6a b26a c26a ba8a ba6a ba6a c28a ba8a c28a c2aa c28a c2ab caab caaa c2ab c2ab caaa caab c2ab caca caca caaa cacb d2eb d2ea c26a ba4a b24a b229 ba49 ba4a ba4a ba6a ba8b baac baab baac ba8b baab bacc bacb baab baab baac bacc bacb ba8b bacb bacc bacc b2cc baec c32c bb0d c32d c34d c34d c36e c34d c34d c36d c32d c32d c36d c34d c38e c38e c34d c36e cbaf cbae cbcf cc50 d430 d450 d4b1 d4d1 dcf1 dd33 dd53 dd53 dd73 dd73 dd53 dd94 ddb4 dd94 dd53 d574 dd93 dd73 d553 d512 d513 cd14 cd55 d5d6 de17 de38 e657 e677 e677 e677 e657 e637 e657 e657 e657 e657 e677 e657 e636 e657 e677 ee98 eeb8 eeda eed9 eed8 de16 ab8f 91a9 9188 99a9 99c9 a1e9 a1e9 a1e9 aa0a a9e9 aa09 a20a a20a a20a a20a a1ea a1ca a1ea aa4a b26b c28b caec d32c db4d db8d e3ad e3ed e3ed e3ed e3cd e3cd e3cd e3cd e3cd e3cd dbad db8d d34c d30c c2ab b22a 99a9 8948 8128 8928 9989 aa2a c28b caec d32c d36d db8d dbad db8c dbad db8c db6c e38c db8c dbac db8c db8c db6c db6c db6c db6c db6b db6c db6c db6c db8c db8c db6c db8c db8c db8c db8d e38c e38c e3ad e3cd e3ed e3cd d30b a20a 68e8 5087 5087 5047 5046 5046 5867 5887 5867 60a7 60a7 60a7 60c8 60c7 60c7 60c7 60a7 58a7 5887 5067 50a7 5887 60a7 60c7 60c7 58a7 5887 5087 58a7 58a7 58c8 58c8 60e9 694a 696a 716a 694a 6929 6908 7969 924c b32d c3ae cbee d3ee d40e dc2e 
ebac e3ab db6b d2ea c269 a9e9 9988 9168 9989 99a9 99a9 99a9 9988 9988 a1c9 a9e9 ba69 caaa d34b db6b e3cc e40d ec4d ec6d ec6d ec6d ec6d ec6e ec6e ec6d ec6d ec4d ec2c e3ec e3ab db6b db2a caaa c26a aa29 99a9 9168 8968 9168 9188 99a9 a1a9 a1c9 a1c9 a1e9 a9e9 aa09 a9e9 aa09 a9e9 aa0a a9e9 aa2a aa4a aa2a aa0a aa0a aa0a aa09 b22a b22a b22a b24a b24a ba6a ba6a ba8a ba8a c26a c26a c28a c28a c28a c28a c2ab ca8a caaa caaa caaa caaa caab caaa cacb caca cacb caca caeb c28a ba29 b229 b22a b249 ba4a ba4a ba6a ba8b ba8b ba8b ba8b baab bacc bacb c2cb bacb baab c2cb bacc baab bacc baab baab b2ab baed c30c c32c c32d c32c c30c c34e cb8e cb4d c34d cb6d cb4d c34d c36d c34d c38e c3af c36e c38e cb8e cb8e cbef d430 d40f cc30 d491 d491 d4b1 d4f2 dd73 dd32 dcf2 dd53 dd73 dd53 dd73 dd94 dd94 dd94 d4f1 d4b1 d4b2 ccf3 cd55 d5b7 de18 de37 e678 e657 e657 e636 e636 e637 e657 e657 e657 e637 e637 e637 e637 e656 e677 e658 e636 e636 ee78 e698 eeb8 eed9 eed9 eed8 d5d5 a34e 91c9 9168 9188 99a9 a1c9 a1c9 a20a a20a a1ea aa0a a22b a1ea a1ea a1ea a1c9 a9ea aa2a ba6b c28a caeb d30c db4d dbad e3cd e3ed e3ed e3ed e3cd e3cd e3cd e3ed e3cd dbce dbad db6d db4c d30c c2cb b22a 91a9 80e7 70c7 70c7 8128 a1c9 b24a c2ab cb0c d32c db6d db8d db8d dbad db8c db6c db6c db8c db8c db8c db8c db6c db6c db6c db8d db6c db6c db6c db6c db8c db6c db6c db6c db6c db8c e36c e38c e3ad e3cd ebed e3cd d34c aa09 70c7 5087 5046 5066 5067 5066 5846 5867 5887 6087 60c8 60c8 60c8 60c8 60c8 60c7 60c8 58c8 5887 5067 5067 58a7 60c7 60c7 60e8 58a7 5887 5887 58a7 58a7 58e8 6149 6129 6929 696a 71cb 696a 6929 6929 81ca 9a8c b34e c3ae cbee cbce cbce cbce d40e 
e38b db6b d2ea c269 b1e9 99a8 9968 9988 99a9 a1a9 a1a8 99a8 9988 9988 99c9 aa09 ba69 caca d32b db8c e3cc e40d e42d ec6d ec6d ec6d ec6d ec6d ec4d ec6d ec6d ec4d e42c e3ec e3ab db6b db0a caca c269 aa09 99a9 9168 8948 9148 9188 9988 a1a9 a1c9 a1e9 a1e9 a9c9 a9c9 a9e9 aa0a aa2a aa29 aa2a aa2a aa2a aa0a aa09 aa0a aa0a aa0a aa09 b22a b24a b24a b26a ba4a ba4a ba6a ba8a ba6a c28a c28b c26a c28a c2aa c2ab caaa c28a caaa caaa caaa c2cb c2aa cacb cacb caeb caaa c28a ba6a ba4a ba29 b22a b24a ba4a ba6a ba8b ba6a ba8b ba6b baab c2cb c2cb baab b2ab baab baec baab ba8b b28b b2ab ba8b baab baec c2ec c30c c30c c30c c32d c34d cb6d cb6d c34d c32c cb4d cb6d cb4d c34d cbae cb6e c38e cb8e cb8e cbae cbce cbce cbef cc30 d3ef d450 d490 d4b1 d4b1 d4f2 dd32 dd32 d532 d4f2 d553 dd73 dd32 d4f1 d4d2 cc91 ccd3 d575 ddd6 de37 e658 e678 e657 ee57 e657 e637 e616 e616 e636 e657 e637 e636 e657 e637 e636 e637 e637 e657 e657 e657 e637 e636 e678 e678 ee98 eed9 eed9 eeb7 d5f5 b3d0 91e9 8968 9188 9988 99c9 a1c9 a20a a20a a1ea a20a 99ea a20a a1ea a1c9 a1ea b20a ba4a c28b cacb d32c db4c dbad e3cd e3ed e3cd e3ed e3cd e3ed e3cd e3cd e3ad dbce dbad db8d db4d d30c c2ec b26a 99c9 8108 68a7 6887 70c7 9148 a1c9 ba6a c2ab cb0c d34c db6c dbad dbad dbad db8d db6c db6c db6c e36c db8c db6c db6c db6c db6c db6c db6c db6c db6c db8c db6c db6b db6c db6c e36c e36c e38d e3ad e3cd e3cc db4c aa29 78e7 5887 5087 5087 5087 5867 5867 5867 5887 60c7 60e8 68e8 60c8 60c8 60c7 60c8 60c8 60a8 58a7 5087 5087 58a7 60e8 60e7 60c7 58a7 5887 5087 5087 58a7 58c8 6129 6149 694a 694a 696b 71ab 716a 798b 8a2c a2cd bb4e c3cf cbef cc0f cbce c3ae cb8d cbad 
e32a db0a ca89 b209 a1a8 9988 9988 99a9 99c9 a1a8 a1c8 99a8 9988 99a8 99a8 aa09 ba69 caca d32b db8b e3ac e3ec e42d ec4d ec6d ec6d ec6d ec4d ec6d ec4d ec4d e44d e42c e3ec e3ab db6b d30a caaa c249 aa09 9988 9148 8928 9168 91a8 99a9 a1c9 a1c9 a1ea a1ea a9e9 a9c9 aa0a a9ea aa2a aa09 aa0a aa29 b22a aa09 aa09 aa09 aa2a aa09 b229 b22a b24a b24a b24a b24a ba6a ba6a ba8a c28a c28a c28a c28a c2aa c2aa c2ab c2cb c2aa c2ab ca8a caab c2aa c2aa caca caeb caaa ba4a b24a b24a ba29 ba49 b24a b24a ba6a ba6a ba8b b26a ba8b bacb c2ab ba8a baab b28b b2ab baab baab b26b b28b b2ab baac bacc bacb c2ec c30c c2ec bacb c30c c34d c36e c38d c32c c34d c36d cb6d cb6d cb6d cb6d cb8e cb8e cb8e cb8e cbce cbee cbae cbae cbce cbef cc0f d471 d430 d470 d4f2 dd32 dd12 dd12 d512 d532 dd53 d491 cc30 c472 ccf4 d554 ddf6 e637 e637 e656 e678 e637 e636 e617 e617 e637 e637 e637 de16 e636 e637 e637 e637 e637 e637 e616 e636 e637 e637 e636 e657 e658 e678 e679 e698 eed9 eefa eed9 eeb7 de16 ab8f 89a9 8968 9168 91a8 99a9 99c9 99a9 99e9 9a0a 99ea a1ea a1ea a1c9 a1ea aa0a b24a c28b cacb d30c db4c db8d e3cd e3ee e3ee e3ed e3ee e3ed e3cd e3cd e3cd dbcd dbce dbad db6d d32c c2ec ba6a 99e9 8128 6887 5846 6087 78c7 9168 aa09 ba6a c2ab d30b db4c db8d db8d dbad e3ac db8c db6c db8c db6c db8c db8c db6c db6c db6c db6c db8d db6c db6d db8d db8c db6c db8c db8d dbad e3ad e3ad e3cd e3cd db4b b229 78e8 5887 5909 594a 5929 58c8 5887 5867 58a7 60c8 60e8 60c8 60a7 60c7 60e8 60e8 60c8 60a7 5887 50a7 5087 58a7 60c7 68e8 60e8 58a7 58a7 5087 58a8 58a7 58a7 6109 6109 6109 694a 698b 718b 718b 81ab 922c a2ee bb6e c3ce cbcf cc0f d40e c3ae bb4d c38d cbee 
dac9 caa9 ba29 a1a8 9988 9988 99a8 99c9 99e9 99a8 a1c9 99a8 99a9 99a8 99a8 a1e9 ba69 caca d30b db8b e3ac e3ec e42d ec4d ec4d ec6d ec6d ec6d ec4d ec4d ec4d ec4c ec2c e40c e3cb db6b db0a caaa c249 a9e9 99a9 9148 8948 8968 91a9 99a9 99c9 a1ea a1ea a1ea a9e9 a9c9 a9ea a9e9 aa29 a209 a9e9 aa09 aa0a a9e9 aa09 aa09 aa0a aa09 b22a b249 b229 b22a b24a ba6a ba6a ba6a c28a ba8a c28a c28a c28a c28a c28a c2aa caaa caab c2ca c28a caaa c2aa cacb caca c2ca ba6a b24a ba4a b229 ba4a ba6a ba6b ba6a ba8b ba6b ba6a ba8b baab c2ab baab baab baab ba8b b28b baab b26b aa4b aa8c baab baec c30c c2ec c30c baec bb2d bb0d c32d c36e cb8d cb6d cb6d cbae c38e c38e d38d cb6d cb8e d3ae cbae cbae cb8d cb8e cb8e cb8e cb8e cbae cbce d3ef d450 d490 d4d1 d4f1 d4f2 dd12 dd12 d4b1 cc70 cc51 c451 cd14 ddb6 ddf6 e616 e5f6 e615 e616 e616 e616 de17 de38 e657 e658 e637 e637 e616 de16 e5f5 e616 e616 e616 e616 de16 de17 de17 de37 e678 e658 e677 e698 e678 e698 ee98 eed9 eefa eefa eed9 eeb7 d5f6 ab8f 8989 8968 8968 8988 9188 91a9 91c9 99c9 99a9 99ca 99c9 99c9 a1ea aa2a b24b c28b caeb d32c db6d dbad e3cd e3ed e3ee e3ed e3cd e3cd e3cd e3ed e3ce e3cd dbce db8d db6d d34d caec ba8b a1e9 8128 6887 5067 5867 68a7 8148 99ea aa2a ba6b cacb d30c db6d db6d e3ad e3ad db8d db8c db8c db8c db6c db6c db6c db6c db6c db6c db6c db6c db8c db8c db8c db8c db6c e38c e3ad e3ad ebcd e3ee db8c ba49 7907 5887 5087 5087 50c8 58a7 5887 5887 5887 60a7 60c7 60c7 60a7 60a7 60a7 60c8 60c8 60a7 5887 5087 5087 58a7 68e7 6908 60e8 58a7 58a7 58a7 58c8 58c8 58a7 58c7 60e8 6129 694a 696b 71ab 79ab 81ec 926d aaee b36f c3af cbcf cbee cbee cbee c38d c38e cc0e d44f 
ca89 ba49 a1a8 9988 9988 99a8 99a9 a209 a1c9 a1a9 a1a8 99c8 9988 9988 99a8 a9e9 ba49 caca d32b db8b e3ac e3ec e42c e44c ec4d ec6e ec6d ec6e ec6e ec6e ec4d ec4d ec2d e40c e3cc db6b d30a caaa c249 b1e8 a1a8 9148 8948 8969 91a9 91c9 99e9 a1ea a1e9 a209 aa2a a9ea aa09 a9e9 aa09 aa0a a9e9 aa09 aa09 aa0a aa09 aa09 a9e9 aa29 b24a b229 b229 b229 b24a ba6a ba6a ba6a c28a ba8b c28a c28a c28a c28a c28a c28a c28a c28b c2ab caab cacb cacb caeb c2ab ba8a ba8a b24a b249 ba4a ba6a ba6b ba6b b24a b28b ba6b ba8b baab baab ba8b baab ba8a b26a b26b b26b b24a b26b b28b baac baab bacc c30c c30d bb0d c30c c30c c32c cb4d cb4d cb6d cb6d cb4d cb8e cb8e cb8e d38e cbae d3ce cbce cbae c32c c34d cbae c36d cb6d cbae d3ae cbcf d42f d470 d470 d4b0 dd12 d4d1 d46f cc50 c3ef c410 ccd3 d554 e616 e637 e616 e636 e616 e5f6 e5d5 e616 de17 e616 e678 e657 e636 e637 e616 e5f6 ddf6 ddf6 ddb5 ddd5 ddf6 de37 de17 e637 e657 e678 e698 e678 e637 e677 e657 e657 e657 e677 e698 eeb8 eed9 eed8 eed7 d5d5 a30d 89e9 8188 8168 8968 8988 8988 91a9 91a9 99a9 99a9 99a9 a1e9 a22a b24a c28b caeb d32c db6c db8d e3cd e3ed e3ed e3ed e3ed e3ed e3cd e3ce e3ee e3ce dbce db8d db6d d32c caeb ba6a a1c9 8928 6887 5046 5067 60a7 70e8 8989 a20a b24a c2ab cb0b d34c db4d db8c e3ad dbad dbad db6c db6c db6c db4c db6c db6c db4c db6c db6c db6c db6c db6c db6d db8c e38c e38c e3ad e3ad ebcd e38c c2ca 8948 5867 5067 5047 5087 5087 5087 5887 5887 60a7 60c7 60c7 60c7 60a7 60c7 60c7 60c7 5887 5887 5066 5067 5887 60c7 68c8 68e8 58c7 5087 58a7 58c7 58c8 58c8 58a7 58e8 60e8 6109 694a 718b 79ac 8a2d 9aad ab2e bb8f c3cf c3ef cbcf cbce cbce c38e c3ae cc0e d46f d46f 
b209 a9e9 9968 9188 99a9 99a8 a1a8 a1c9 a1c9 a1c9 a1a9 99a9 99a8 9988 99a8 a9e9 ba49 cacb d32a db6b dbab e3ec e42c ec4d e44e ec4d ec6e ec6e ec6e ec4d ec4d ec4e ec2d e3ec e3cc db6b d32b caca ba49 aa4a 99a8 9148 8948 9189 91a9 99c9 a1c9 a1e9 a209 a1e9 aa09 aa0a a209 aa09 aa09 aa09 aa09 a9e9 aa09 aa0a aa09 aa09 aa09 aa2a b229 aa29 b22a b229 b24a ba6a ba6a c26a c28a c2ab baaa ba8a c28a c28a c28a c2aa c2aa c2ab c2ab c2ab c2cb caeb caeb ba8a baab ba6b b26b ba6a ba8b b24a ba8b ba6b ba6b ba6a ba8b ba8b baab ba8b baab ba8b ba6b b28a b2ac b28b b2ab b2ac baab bacc bacb c2ec baec c32d c30c bb0d c32d c32c c34d c36d c32c c32d cb6d cb6d cb6d cbae d38d d3ce d3ce cb8d c34d c36e cb8e cb6e cb6e cbae cb8e cbcf d3ef d3ef d450 d4b0 d4d1 d490 cbef bb8e c3f0 c4d3 d554 ddd5 e5f6 e616 e616 e5f6 e616 e617 e616 de17 e616 e636 e617 ddf5 e616 ddf6 ddd6 ddd5 ddd6 ddf6 de37 de17 de16 ddf6 e637 e616 e615 e616 e616 e616 de16 de37 de37 de37 e657 e657 de57 e678 e678 e698 e698 eeb8 eeb8 d5f7 b4d4 9b6f 926b 8988 8148 8968 8968 9188 99a8 99a8 9989 a1a9 a1e9 b24a c2ab caeb d32c db4c e38c e3cd e3ed e3ed e3cd e3ed e3ee e3cd e3cd e3cd e3cd dbad dbad db6d d32c caeb ba6a a1c9 8927 6887 5067 50c8 50c8 60e8 7928 91c9 a20a ba4a c2cb d2ec d30c db6c db8d e38d e38c e38c e38c db6c db6c db6c db4c db4c db4c db6c db8d db6c db8d e38c e38d e38c e3ad e3cd ebcd e38c caca 9168 60a7 5087 5047 5046 5047 5087 5887 58a7 60c8 60e8 68c8 60e8 60c8 60a7 60c7 60a7 6087 5887 5887 5067 5887 68c8 68e8 68e8 6087 5087 58a7 58e8 58c8 60c8 60c8 60e8 6129 6129 6109 692a 71ab 8a2c a2ee b34e bbaf cbcf cbef cbef c3cf bbae c3ae cbce cc2e d44f d46f d48f 
a1c9 99a8 9988 99a9 99a9 99a9 a1a8 a1c9 a1e9 a1a8 a1c9 a1c9 9989 9988 99a8 a9e9 ba49 caaa d30a db6b dbac e3ec e42c ec2d ec4d ec6d ec6e e44e ec6e e44d ec4d ec2d e40d e40d e3ac db6b d30b caca ba69 aa09 99a9 9148 8948 8948 9148 99a9 99c9 a1e9 a1e9 a9ea aa09 aa0a aa09 aa09 aa0a a9e9 aa09 a9e9 aa09 aa09 aa09 aa09 b20a b229 b229 b249 b229 b24a b24a ba4a ba6a c26a c28a c28a ba8a c28a c28a c28a c28b c2aa caaa caab c2ab caab cb0c d32b c28a ba4a ba6a ba4a ba6a ba8a ba8b ba4a b26a ba4a b26a ba6a ba8a ba8b baab baab ba8a ba8b baab baab bacc baab bacb baac baab bacc c2ec c32c c30c c30c c32d c30c c32d c34d cb8d cb6e c34d cb6d cb2d c36d cbae cb6d cb6d cb8d cb6d c36d cb6d c34d cb4d cb6e cb6d cbae cbae cbae cbae d40f d4b1 d470 cc2f c38e bb8f c472 d534 dd94 ddb5 e5b5 e5f5 e616 ddf6 ddd5 e5f5 e637 e637 e637 e5f6 ddd5 e5f6 de16 ddf6 ddb5 ddd6 ddd6 ddd4 ddf6 e636 e636 e616 ddd6 ddf6 ddf6 ddf6 de17 de16 de17 de16 e637 e657 e658 e658 e657 e678 e677 e678 e678 e698 ee98 eeb9 eed9 e6b8 d657 bd34 9aed 89a9 8968 8127 8948 9188 9188 9188 a1a9 a9e9 b22a c28b cacb d32c db4c dbad dbad e3ed e3ed e3ed e3ed e3ed e3cd e3cd e3cd dbce dbee dbce db8d d32c caeb ba6a a1c9 8948 6887 5867 5067 50a7 5887 6887 7907 91a9 a9e9 ba6a caab d2eb d32c db6d e38d e3ac e38c e38c db6c db6c db6c db4c db6c db4c db6c db6c db8c db6d e38d e38d e3ad e3cd ebcd e38c caeb 99a8 60a7 5067 5067 5047 5047 5067 5887 5887 60c7 68e8 68e8 68c8 60e8 60c8 60c7 60c7 60a7 5887 5867 5087 5887 60a7 68e8 68e8 60a7 5887 5087 5887 60c8 60e8 60c8 60c8 60e9 6109 6109 692a 716a 81ec a2ad b34e c3af c3cf cbce cbef cbef c3ce bb8e c3ef d44f d46f d46f d48f d48f 
91c9 91a9 9988 99c9 99c9 a1c9 a1a9 a1a9 a1a9 a1a9 a1c9 99c9 9988 99a8 99a8 a9e9 ba49 caaa d30b db6c e38b e3ec e40d e42e ec4d e46d e46e e44e e46e e44e ec4e e44e ec2d e40d e3ac db6c d32b caca c26a b209 99a8 9148 8948 8948 9168 99a8 99a8 a1c9 a1e9 a1e9 a1e9 aa2a aa09 a9e9 a9e9 aa09 aa2a a9e9 aa09 aa29 aa09 aa2a aa4a aa29 aa29 b229 b229 ba4a b24a ba4a ba4a ba6a c28a ba8a c28a ba8a c2ab c28a c28a c2ab c2cb c28a c2ab cacb d32b caeb ba4a ba29 ba4a b22a ba4a ba6a ba8b ba4a ba6b b26a b26a ba6a ba6a ba8b ba8b ba8b ba8b ba8b baab ba8b c2ab baab baab baab baec c30d c32d c30c c30c c30c c32d c32d cb4d cb4d cb6e cb6d cb4d c34d cb6d cb6d cb8e cb6e cb6d cb6e cb4d cb6d c32d c34d c34d c34e c36e cb6d cb8e cbae cbae cc0f cc0f cbae c36e c431 d554 ddd5 ddd5 ddb5 dd94 ddb5 ddb6 ddd5 e615 ddf6 ddd5 e5f5 e616 e5f6 ddf6 ddd6 ddd6 ddf6 e616 ddf6 ddf5 de17 dd95 ddf6 ddf6 ddd5 de16 de37 de37 de17 e617 e636 e637 e637 e637 e637 e637 e657 e658 e657 e657 e677 e658 e657 e698 e698 e698 ee98 eeb8 f6d8 eed8 ce17 b430 9a2a 7907 8128 8948 8968 9168 9989 a1c9 b22a c26a cacb d32c db6c dbad e3cd e3ed e3ed e3ee e3ed e3cd e3cd e3cd e3cd e3ee e3ee dbef db6c d32c cacb ba6a a1e9 8948 70a7 6087 5087 5067 5046 5866 68a6 80e7 9989 aa0a ba6b cacb d30c db2c db8c db8c dbac e38c db8c db6b db6c db4c db4c db6c db6c db4c e36c e38d e38d e38d e3ad e3cd e3ac d30b a1a8 68a7 5046 5047 5066 5067 5066 5887 5887 5887 60c7 60c7 68c8 68c8 68c8 60c8 60c8 60a7 60a7 5887 5087 5887 60c7 68e8 68e8 60a7 5887 58a7 58c8 5887 60c8 60c8 60e8 58e8 58e9 58e9 690a 716a 822c a2cd bb6f c3ae c3af c3af c3ce cbee c3cf c3ae c3ef d44f d46f d48f d48f d46f d46f 
99c9 91c9 99a8 99c9 a1c9 a1c9 a1c9 a1c9 a1c9 a1c9 99c9 99c9 99a9 99a9 99c9 aa09 ba49 caaa d32b db6c e3ac e3ec e40d e42e ec4d e46e e46e ec6e ec6e ec4e ec4e e42e e42d e40c e3ac db6b d30b caca ba6a aa09 a1e9 9168 8928 8948 9168 9988 99a8 a1c9 a1e9 a1c9 a9e9 a9e9 aa09 a9e9 aa0a aa0a aa0a aa09 aa09 aa09 aa09 aa29 aa09 aa09 aa0a b229 b229 ba29 ba4a ba49 ba4a ba8a c28a ba8a c28a c2aa c28a c2aa c28a ba8a c28a c28b caeb d34b caca ba8a b22a b24a b22a b209 b24a ba4a baaa c28a ba6b ba8a ba6b ba6a ba8a ba8b ba8a ba6b ba8a ba8b ba8b ba8b baab baab bacb baec c30c cb2d c30c c30c c30c c34d cb4d cb6e cb8e cb8e cb6e cb4d cb6e cb8e cb4d cb6d cb6e c34d cb6e cb6d c32d c34d cb4d c32d c32d cb6e cb8e cb8e cb8d c34d bb4e c36e bb8e c3f0 ccd2 dd74 ddb4 e5d5 ddf5 ddd5 ddd6 dd94 ddf5 ddb5 dd94 dd94 ddd5 ddb5 ddb5 ddb5 ddd6 ddd6 ddf6 ddf6 e5f5 ddf6 ddb5 ddf6 ddf7 e616 e637 e616 ddf5 e616 e657 e637 e637 e637 e637 e637 e657 e657 e637 e636 e637 e657 e657 e657 e637 e636 e677 e678 e678 e677 ee77 ee98 eeb8 eef8 de56 b411 81a9 78e7 78e7 8127 8948 9989 a1c9 b22a c28a caeb d30c db4c db8d e3cd e3ee e3ed e3cd e3cd e3cd e3cd e3ce e3cd e3ee e3ee dbad db6c d32c cacb ba4a a1e9 8948 70a7 6087 5887 5067 5046 5866 6067 70a7 8927 99a9 a9e9 c2aa caeb d30c db4c db8c db8c e38c db8c db6c db6c db4b db4b db4c db4c db6c e38c e38d e38d e3ad e3cd e3ad d32b a9e9 70a7 5867 5046 5067 5067 5067 5887 5887 5887 60a7 68e7 68c7 60a7 60a7 60c7 60e8 60e8 60a7 5887 5887 58a7 60c7 60c7 60c7 60a8 5887 5887 58c8 60c8 60c7 60c8 60c8 58c8 58c8 58c9 60e9 716b 8a2c a30e bb6e c3cf c3ae c3ae c3af c3ae c3ae c3ae c3ef cc4f d48f d490 d490 d48f d48f d46f 
9989 99a9 9988 a1c9 a1c9 a1c9 a1c9 a1c9 99e9 a1e9 99c9 99c9 99a9 99a9 99e9 aa0a ba6a caca d30b db6b e38b e3ed e40d e42e e44e e44e e44e e44e ec4e ec4e e42d ec2d e42d e3ed e3ac db8c db2b caca ba6a a9e9 99c9 9168 8948 8948 9168 91a9 99c9 a1e9 a1e9 a1e9 a1e9 a1e9 a9e9 a9e9 aa0a aa2a aa09 aa09 a9e9 a9e9 aa09 aa09 aa29 aa09 aa09 b229 b229 b229 b24a b24a ba6a ba6a ba8a c26a c28a c2ab c28a c2ab ba8a ba6a c26a c2cb dc6f dbac c26a b229 b209 b22a aa2a aa29 b22a b22a ba6a ba6a ba8b ba8a ba6a ba6a ba6a ba6a ba6a ba8b ba6b b26a b28b ba8b baab bacb bacb c2eb c30d c30c c30d c34e cb4d cb4d cb6e d3ae cb6e cb8e c36d c34d cb4d cb8e cb8e cb8f c36e cb8e cb6d c34d c34d c34d c34d c32d c30c c34d c34d c32d bb2d bb0d bb8f c411 ccd3 d4f2 dd12 dd73 ddb5 e5d4 e5f6 ddd5 ddd5 ddb5 dd73 ddb4 ddb5 dd75 dd74 ddb5 ddb5 dd95 dd94 ddb5 dd95 dd95 ddd6 ddf6 e617 e617 e616 ddf6 e5f5 e636 e637 ddf7 e616 e637 e637 e637 e637 e636 e637 e657 e637 e616 e637 e657 e657 e657 e657 e637 e657 e698 e678 e678 e698 e678 e698 eeb8 eeb7 de77 b3f1 7948 70c7 8107 8928 9188 99c8 aa29 ba6a cacb d30b db4c db8d dbad e3cd e3cd e3cd e3cd e3cd e3ee e3ce e3cd e3ce e3ce e3ad db6d d32c caeb ba8a a209 8968 70c7 5887 5866 5867 5867 5066 5866 6066 7086 8128 99a8 b229 c28b d2ca d30b db4c db6c db8c db8c db6c db4c db4b db2b db4b db4c db6c e38c e38d e3ad e3cd e3cd db4b aa29 70c7 5867 5087 5067 5087 5887 5887 5887 60a7 60a7 68c7 68a7 60c7 60e8 60c7 60e8 60e8 60c7 58a7 5887 5887 60c8 60e8 60c7 60a7 5887 5087 58a7 58c8 60a7 60c7 6108 58c8 58a8 58c9 58e9 714a 8a2c ab0e c38f cbcf cbcf c3ae c38e bb8e bb6e c38e c3ee cc2f d46f d4b0 d48f d48f d490 d48f d46f 
99a9 99a9 99a8 a1c9 a1e9 a1c9 a1a9 a1c9 99c9 a1c9 a1c9 99c9 99a9 99c9 99a9 aa0a ba6a caca d30b db6b dbac e3ed e40d e42d e44d e44d e42d e44e e44e e44e e42d e42d e42d e40d e3cc db6b db2c caca ba6a aa09 99a9 9168 8948 8948 9168 99a9 99c9 a1c9 a1c9 a1e9 a1e9 a9e9 aa09 a9e9 aa0a aa2a aa0a aa09 aa0a a9e9 a9e9 a9e9 aa29 aa09 b229 b209 b22a b229 b24a ba4a ba6a ba6a c28a c26a ba8b ba6a c26a c28a ba6a ba6a ba6a d38c ed2f db8b c229 b1e9 b209 b209 b24a b209 b24a b26a ba8a ba4a ba6a ba6a ba6a ba6a ba6a ba8b ba6a ba6b b26b ba8b ba8b baab c2cb c2ec c2ec baab c2ec c32d cb4d cb2d c32d cb6d cbae cbae cb6d c32c baec c34d cb8d cb4d d38e cbae cb4d cb6e cb6d c34d bb2d bb4e c2ec baec bb2d c32d baec baed bb4e c3d0 d4b1 dd94 dd74 dd12 dd33 dd73 e5b3 e5b5 e5d4 ddd5 dd94 ddb4 ddb5 dd94 dd94 ddb5 d595 dd94 dd93 dd54 d533 dd95 ddb5 ddd6 e5f6 e616 e616 e637 e617 e637 ddf7 e5f6 e637 e658 ddf6 e5f5 e637 e637 e637 e637 e637 e657 e657 e637 e637 e637 e637 e637 e637 de37 de16 e657 e677 e678 e698 e698 e6b9 e699 eeb8 eeb7 de16 9acc 7948 8127 8108 8948 99a8 a9e9 ba49 caca d30b db4c db8c dbac e3cd e3cd e3ed e3cd e3ed e3ee e3ce e3cd e3ce dbce dbad db6d d32c caeb ba8a a209 8968 70c7 6087 5887 5887 5887 5866 5866 5846 6066 70a6 8927 9988 b229 c28a d2ca d2eb db4c db6b db8c db8c db4b db4b db2b db4b db4c db6c e38c e38d e3ad e3cd db6c ba49 7908 5887 5067 5087 5087 5087 5887 58a7 5887 60a7 68c7 60c7 60c7 60c7 68e8 60c8 60c7 60c8 58a7 5887 58a7 58a7 60c7 60e8 58a8 58a7 58a7 58a7 60c8 60e8 60c8 58a7 58a7 5087 50a8 60e9 716b 8a2c ab0e c38f cbef cbef cbcf c38e bb6e bb6e c38e cbef cc2f d46f d46f d46f d46f d46f d46f d48f d48f 
99c9 99c9 99c8 99c9 a1e9 a1c9 99c9 a1c9 a1c9 99c9 99c8 99a9 9988 99a9 9988 a1e9 ba4a c2ab d30b db6c e3ac e3ed e40d e42d e44d e46d e44d e44e e44d e42d e44e e44e e44e e40d e3cc db8c d32c caca ba6a aa09 99c9 8969 8148 8968 9189 9189 99a9 a1a9 a1e9 a1c9 a9e9 aa09 aa09 a9e9 aa09 aa0a aa0a aa2a aa09 aa09 aa09 aa09 aa09 aa09 b209 b22a b22a b24a b24a ba6a ba8a c26a ba8a c26a ba8a ba8a ba8a ba6a ba4a b26b bacb e4ef ed2f d32a ba09 a9e9 b209 b24a b24a aa2a b24a b26a b24a ba6a ba6a ba4a ba6a ba6a ba8a ba6a ba8a baab ba8b baab c2ab c2ab c2cc c2ec c2ec c2ec c2ec c2ec c32d cb4d cb4e cb8e cb8d cb2c c30d bb2d c34d c32d c34d cb8d d36d cb4e cb6d cb4d c30d c32d c32d bb0d bacc bacc b2ac b2cc b2ed bbd0 cc71 dcf1 dd12 e572 ddb5 dd94 dd73 dd94 dd52 dd94 dd73 dd93 ddb4 ddb4 ddb4 ddb4 dd74 dd52 dd94 dd75 dd74 ddb5 ddb6 ddd5 ddd5 ddf6 ddf6 e5f6 e616 e616 e617 e637 e637 e617 e5f5 e657 de17 ddf6 e636 e637 e636 de37 de37 e636 de37 de37 e637 de37 de37 de17 de17 de17 de16 e657 e678 e678 e698 e698 e698 eed9 eed9 eef9 e6d8 c555 a32d 8988 78e7 8928 9168 a1c9 ba4a caaa d30b db4c db6c dbac e3cd e3cd e3cd e3cd e3ed e3ed e3ce e3ce e3ce dbcd dbad db6c d30c caeb ba6a a1e9 9168 78c7 6087 5887 5887 5887 5867 5866 5846 5846 6066 70a6 8107 9988 b209 ba6a caaa cb0b d36d d3ce d3ee d3ce d3ce d34c db2b db6b db8c dbad e38c e3ac db6c ba6a 8128 5887 5067 5067 5087 5087 5887 5887 58c8 60a7 60c7 68e8 60a7 60a7 60c7 60c8 60c8 60c8 60c8 58a7 58a7 58c8 60e8 60e8 60c8 58a7 58a7 58c8 60c8 60e8 68e8 60c8 58a7 5087 5067 58a8 694a 8a4d ab2f c3af cbcf cbef c3cf c3af c38e bb6e c3ae cc0f cc2f d44f d46f d46f d46f d46f d46f d46f d48f d46f 
a1c9 a1e9 99c9 a1c9 a1c9 a1c9 99c9 99e9 a1c9 99e9 99c9 99a9 99a9 99a9 99a9 a1e9 b229 c2aa d32b db6c e3ac e3ec e40d e42d ec4d e44e e44d e44e e44d ec2e ec2d ec4e e44e e42d e3ec db8b d32b caca c26a aa0a 99a9 8969 8928 8969 9189 91a9 9988 a1a8 a1e9 a1c9 a9e9 a1e9 a9c9 a9e9 aa09 aa0a aa0a aa2a aa2a aa0a aa0a aa09 aa0a aa2a b24a b24b b24a ba4a b26a ba4a ba4a c26a ba8a ba6a ba8a ba6a ba6a ba4a b22a b26b d3ee f5b1 ecad c28a b209 aa09 aa0a b22a aa2a b24a b24a b24a b24a ba4a ba6a b24a ba6a ba6a c28a ba6a c2ab c2ab c2cb c2ab c2ab baab baec c2ec c2ec c2ec c32d c32d cb4d cb6e d34d cb4d c32d c34d c32d c32d c34d c34d c38e cb4d cb6e cb8e cb4d cb2d c32d baec c2ec baec b28b aa6c aaad bb6f cc72 d513 dcf3 dcf2 dd73 dd74 e5b3 e5d5 dd74 dd53 dd53 dd53 dd52 dd94 dd94 ddb4 dd74 d533 d513 d534 ddb5 ddf6 ddd6 ddb5 ddf6 ddd6 ddb5 ddd5 e5d5 ddd6 ddf6 e616 e637 e637 e636 e637 ddf6 e616 e637 de17 de16 e616 e637 de17 de16 ddd6 ddd6 ddf6 ddf7 de16 de57 de58 de58 de57 de37 de37 e657 e678 e678 e678 e678 e698 eed9 eef9 eef9 e6d8 cdd6 9acd 70c7 8108 8948 a1c9 b26a c2cb cb0b d32c db8c dbad e3ad e3cd e3cd e3cd e3cd e3cd e3ce e3ce e3ee e3ce dbce db6d d30c caeb ba6a a20a 8968 78e8 60a7 5887 5867 5866 5887 5867 5866 5866 5846 5846 6886 78e7 9188 a20a bb0d cc51 d533 dd96 ddf7 de16 ddf6 d4f3 d3ef dc30 dcf2 e4d2 e3cd db6c c28a 8928 5887 5067 5087 5087 58a7 58a8 5887 58a7 60c7 60c7 68e8 60e8 60a7 6087 60c8 60c8 60e8 60e8 58c8 58c8 60a7 60c7 60c8 60c7 58a7 58a7 58c8 60e8 60c7 60c8 60a7 58a7 5087 5067 5087 6909 8a2c ab0e c3af cbef cbcf c3ae c38e bb6e bb6e c3ae cc0f d44f d44f d46f d46f d46f d46f d44f d44f d44f d44f d44f 
99e9 99e9 99e9 99c9 a1c9 99c9 99c9 99a9 99c8 99c9 99a9 99a8 9988 9968 9988 a1e9 b229 caca d32b db6c dbac e3cc e40d e42d ec4d e44e ec4d e44e e44d ec2d ec4d e44e e44e e42d e3cc db8c db4b cacb c28a aa2a 99a9 9169 8949 9148 9169 9988 99a9 a1c9 a1e9 a1e9 a1c9 a1c9 a9c9 a9e9 aa09 aa09 aa09 aa2a aa09 aa0a aa09 aa0a aa2a b22a b26b b24a b24a b24a b24a b26a ba4a ba6a ba6a ba8a ba6a ba4a ba4a b24a b20a c2eb ed91 f5b0 e40c c26a a9ea aa2a b24a b22a b209 b22a b22a ba4a b26a b24a ba6a ba6a ba6a ba4a ba4a b26a ba6a c2ab c2ab c28b c2ab c2cb c2cb cb0c c30c c30c cb2d cb2d cb2d cb4c cb2d c36d cb6d cb4d c32c cb4d cb2c c32c cb6e cb4d cb8d cb4d bb0c bacc bb0d baec bacc b28c aa8c b32e c3f0 d490 dd12 dd53 dd74 dd94 dd32 e552 dd53 dd52 dd73 dd54 dd74 dd94 dd74 dd52 dd32 d4d1 d513 d534 dd74 dd95 ddb5 e5d5 e5d5 ddd6 ddd5 ddd5 ddf6 ddd6 ddb5 ddd5 de16 e5f6 e616 e637 e617 de17 ddf6 de16 de17 de16 de16 ddf6 e5f6 ddf6 de16 ddf7 ddf6 de16 de17 e637 e637 e637 e657 de58 de37 e636 de37 e678 e657 e678 e678 e678 e6b9 eefa eef9 eef9 eed7 c4f3 7948 78c7 8948 99c9 b24a c2ab d30c db4c db8d dbad e3ac e3ad e3cd e3cd e3cd dbce e3cd e3cd e3ce e3ce dbce db6d d32c caeb ba8b a1e9 8969 70e8 6087 5867 5867 5887 5867 5887 5866 5046 5046 5046 5066 60e8 8a6c bc52 d595 e657 e677 ee97 e656 e636 e616 ddf6 ddd6 e617 e657 e636 dd54 c38e 8948 6087 5087 5087 5087 5087 58c8 58a7 5887 60c7 60e8 60a7 60c8 60c8 60c8 60c8 60e8 6109 6108 60c8 58c8 60e8 60c7 60c8 58a7 5887 5887 58a7 60a8 60e8 60c8 58a7 5887 5887 5888 58a8 692a 8a2c ab0e c3af cbef cbee cbcf c38e c36e bb8e c3af cc0f d44f d470 d46f d46f d44f d44f d44f d44f d44f d44f d42f d44f 
99c9 99c9 99c9 99c9 99c9 99c9 99c9 99a8 99a8 99c9 99a8 99a8 9988 9988 9988 a1c9 b229 c2aa d30b db6c dbac e3ed e40d e42d e44e e46e e44e e44e e44e e42d e42e e42e e42e e40d e3cc db8b db2b caca ba8a aa0a 99c9 8948 8128 8948 9168 9168 99a8 99a9 99c9 a1c9 a1c9 a1e9 a1c9 a9c9 a9e9 a1e9 a1e9 a1e9 a1e9 a1e9 a20a a20a aa0a aa0a aa2a aa2a b22a ba29 b24a b24a ba4a ba6a ba4a ba4a ba6a ba49 ba29 b22a b22a dc4f fe32 f52e d36b ba2a a9e9 aa2a b22a b209 b22a b22a b22a b24a ba6a ba6a c28a ba6a ba4a c26a ba4a b24a ba8b ba8b baab baab c28b c2ec c30c cb0c cb0c cb2d cb4d cb4d c32d cb2c cb4d cb8e cb6d cb2c c30c c32d cb2d cb4d cb6d cb4c c30c b2ab aaac b2cc bacc b28c aaac b30e c3f0 d4b1 d4d2 d491 dd11 e5b5 e594 dd93 dd53 dcf1 dcf1 d4f2 dd32 dd94 ddb5 dd94 dd73 d4d2 d4d2 d533 dd33 dd94 dd74 dd94 ddb5 ddb5 ddd5 ddd5 ddf6 ddb5 ddb4 ddf6 ddd6 ddd5 ddf5 ddd6 ddd6 ddf5 de16 de17 de17 ddd6 ddf6 ddd6 ddd6 ddf7 de17 de17 e616 e657 de37 de16 ddf6 e617 e637 de37 e657 e657 de58 de37 de37 e658 e658 e658 e678 e678 e698 e6b9 eefa eef9 eef8 de36 9acd 70c7 8128 9988 aa2a c2aa cb0b d34c db8d dbad e3cd e3cd e3ed e3cd e3cd e3cd e3cd e3ed e3cd e3ce dbce db6d d32c caeb ba6a a22a 8969 70c7 6087 5887 5887 5887 5867 5066 5066 5046 4887 4887 6149 9370 cd95 e657 ee97 ee97 e635 e5d5 ddb5 ddf7 de37 e657 ee98 ee98 ee98 eeb8 ee96 cd54 7169 4867 4867 50a8 5088 5087 58a8 5887 58a7 60c8 6108 60e8 60c8 60e8 60e8 60c8 60c7 58c8 60c8 60c8 58c8 60c8 60c8 60e8 58a7 5887 58a8 60e8 60e8 6108 60c7 5887 5067 5087 58a8 714a 8a4d ab2e c3af cbef cbef cbcf c3ae c38e c38e cbcf cc0f d450 d48f d490 d46f d46f d44f d44f d44f d44f d44f d44f d42f d44f 
99ea 99c9 99c9 99a9 99c9 99c9 99a9 99a8 99a9 99c9 a1c8 99c9 9988 9988 9988 a1a8 b229 c2aa d30b db4c dbac e3ed e40d e42d ec4e ec4d e44d e44e e44e e44e e42d e44e e42d e40d e3cc db6b db2b caca ba6a aa09 9988 8928 8128 8948 9168 9189 9988 99a9 99a9 a1c8 a1c9 a1c9 a1c9 a1e9 a1e9 a1e9 a1e9 a1e9 a1e9 a1c9 a20a aa0a aa09 aa29 aa2a aa2a b22a b22a b22a b24a b22a ba4a ba4a ba4a ba6a ba29 b209 b20a bacb edb2 fe10 ec6d d32b ba4a b1ea aa0a b209 b209 b22a b24a ba4a b24b ba4a ba6a ba8a ba4a ba6a c26a c28b ba6a ba6b bacb baab ba8b baab c2ec caec c30d cb0c cb0c cb4d d36d cb2d c2ec c32d cb2c c30c c2ec c32d cb4d cb4d cb4d cb2c bacb b2ac b2ab b28b aa2a aa6c b30e c3cf cc51 d471 dcd2 dd33 dd33 dcf1 e5b4 dd73 dd12 dd12 d512 d4f2 d4f2 dd12 dd53 dd32 d4f2 d513 dd74 dd74 dd73 dd74 dd53 dd73 dd74 ddb5 ddd5 ddb5 ddb5 e5d5 ddd5 dd95 ddd5 ddf5 ddb6 ddb5 ddd5 ddd6 ddd6 ddf6 ddf6 ddd5 d5b5 ddb6 ddd6 ddf6 e636 e637 e637 de17 e616 e637 de37 de17 ddf6 de16 e637 de37 de37 de57 de58 de58 e658 de37 e657 e658 e657 e678 e678 eeb9 eefa eef9 e6b8 bcd3 8189 8107 9168 a9e9 ba8a caeb d32c db8d dbad dbcd e3cd e3cd e3ed e3ed e3cd e3cd e3ed e3cd e3ce dbce db8d d32c cacb b26a a209 8968 70e7 6087 5867 5867 5067 5046 4846 4866 4867 50e9 7a8e b4b3 d617 eeb8 ee76 e5f4 ddb4 ddb5 ddf7 de58 e698 eeb9 eed9 eef9 f6fa f71a eef9 eeb8 de77 8b2f 4888 4888 4888 5087 50a8 58a8 58a7 60c8 60e8 60c7 60c7 60a8 60c8 6108 6108 60c8 58c8 58a8 60c7 60c7 60c7 60c8 58c7 58c8 58a7 60c8 60e8 60e8 60e8 60c8 5087 5067 5087 68e9 8a0c ab0e c3af cbef cbef cbce c3af c38e c38e c3cf cc2f d470 d46f d48f d48f d44f d44f d44f d44f d44f d44f d42f d44f d44e d44f 
99c9 99c9 99c9 99a9 99c9 99c9 99c9 a1a9 a1c9 a1c9 a1c8 a1c9 99a8 99a9 9988 a1c9 b229 c2aa d30b d34b db8c e3ec e40d e42d e44e ec4d ec4d ec4e e44e e44e e44d e44e e42d e40d e3cc db6c d32b caca ba6a a9e9 9968 8948 8128 8928 9148 9168 9188 99a9 99c9 a1c9 a1c9 a1e9 a9e9 a9e9 a9e9 a9e9 aa09 aa09 a1e9 a1e9 aa0a aa09 aa09 aa09 aa2a aa2a b22a b22a b22a b22a ba4a ba4a ba6a ba6a ba49 b24a b20a b22b d40e fe53 f58f ec8d d36b ba4a aa0a a9e9 b22a b22a b22a b24a ba4a b24a b22a ba6a c28a c26a c26a c26a c28b c2ab ba8b baab c2ab c28b c2ec c2ec c2ec cb0c cb0c caeb cb0c c30c c32d c2eb baab bacc c32d cb4c cb2c cb4d cb2c c2ec c2ec bb0c baab b26b aa4b b2ac c36e d470 d4b2 dcd2 d4d2 dd12 dd53 dcf1 dc90 dcd1 dd12 d4f2 d4f2 d513 d533 d533 d4b1 d491 d4b2 d512 dd74 dd73 dd73 dd53 dd53 dd74 dd74 dd74 ddb4 ddd5 ddb5 dd95 ddd5 ddd5 ddd5 ddb5 dd94 ddd5 ddb6 ddb5 ddb5 ddb5 dd95 dd95 d5d6 ddd6 de17 ddf7 ddf6 de16 e617 e637 e637 ddf6 ddf6 e616 de36 de17 ddf6 ddf5 de36 de37 de37 de37 de57 de37 de37 de17 de37 de37 e657 e658 e699 e6d9 eefa e6f9 d657 a3d0 8169 8948 a1c9 ba69 caea d32b db8d dbad dbcd dbed e3cd e3ed e3ed e3ed e3cd e3cd e3cd dbcd dbcd db8d d32c c2cb b24a a1e9 8968 68a7 5887 5066 5066 5066 4866 4867 50c8 722c a432 cdb6 e677 e677 e5f5 d553 d554 de17 e678 e698 eeb8 eed9 eed9 eed9 eed9 f6d9 f6f9 f719 f719 ef18 c555 594a 4888 4888 5088 5088 5087 58a7 58a7 60c8 60e8 60c8 60c8 60c7 60c8 60c8 58a7 58a7 5887 60a7 60a7 60a7 58a7 50a7 58c8 60c7 60c8 60c8 60c7 60c8 58a8 5887 58a8 6929 8a0c aaee c3af cbf0 cbef cbcf c3af c38e c38f c3cf cc0f d44f d470 d46f d46f d46f d44f d44f d44f d44f d44f d44f d44f d42f d44f d42f 
99a9 99c9 99a9 99c9 99c9 a1c8 a1c9 a1c9 a1e9 a1e9 a1e9 a1c9 99a8 99c9 a188 a1c9 b229 c2aa d2eb db4b dbac e3cc e40d e42e ec4e ec6e ec6e ec6d ec4e ec4d ec4e e42e e42d e40d e3cc db8c d30b caea c249 a9c8 9988 8928 8128 8928 8948 9168 9168 99a9 a1c9 a1e9 a1c9 a9e9 a9e9 a9e9 a9e9 a9e9 aa09 a9e9 a9e9 a9e9 a9e9 aa09 aa09 a9e9 aa0a b22a b22a b209 b229 ba29 ba49 c26a ba6a ba4a b24a b22a b20a b26b e510 fe52 f54f ec4c d30a ba2a aa2a a9ea aa0a aa0a b20a b26a ba29 b22a b24a c2ab c28b ba4a ba4a c28a ba6a baab baab ba6b baac bacc caec cb0c cb0c cb0c c2cb baab c2eb c2cb b26b b26b baec cb4c cb4c cb4c cb2c cb0c c2ec c2eb c2aa ba8a b24b b26b bb0d cc10 d430 dc90 dd12 dd33 dd12 dd12 dcf1 dc90 d470 d450 d491 d4f2 d574 dd33 d4d2 d4d2 d4f2 d512 dd32 dcf2 dcf1 dd32 dd53 dd73 dd95 dd94 dd73 dd95 dd94 ddb4 ddb5 dd74 dd94 ddd6 ddb5 ddd5 ddb5 dd95 dd94 dd74 d574 d574 ddb6 ddd6 ddf7 e5f6 e616 e5f6 ddf6 de17 e617 e617 e5f6 e5f6 ddf6 ddd6 ddf5 de15 ddf6 ddd6 de15 de37 de37 de37 de17 de17 de37 de37 de37 de57 de58 de38 e658 e699 eeda eefa e6d8 d616 a32e 8948 99a8 ba49 caca d32b d36d dbad e40e e3ee e3ed e3ed e3ed e3ed e3ed e3cd e3cd dbcd dbad db6d d32c c2cb b26a 99c9 8127 6066 5066 4866 4866 4846 4887 616a 9370 c596 de57 ee76 e635 d532 ccd2 d595 de58 e698 eeb8 ee98 ee98 eeb8 eeb8 ee98 ee98 eeb8 eed9 f6d9 f719 f739 de77 7a6d 4088 4888 4887 5087 5887 58a8 58a8 60c8 60c8 60c8 68e8 60a7 60a7 60a7 58a7 58a7 60c7 60c7 60c8 5887 58a7 58c7 58a7 60c8 60c7 60c8 60c8 58a8 5887 58c8 68e9 81ec aaee bb8f cbef cbef cbcf c3af c38e c3ae cbef cc30 d44f d44f d44f d44f d44f d46f d44f d46f d44f d44f d44f d44f d44f d44f d44f d42e 
99ca 99c9 99c9 a1e9 99e9 a1c8 a1c9 a1c9 a1c9 a9e9 a1e9 a1c8 a1c8 a1a8 a1a8 a9c8 b249 c28a d2ea db4b dbac e3cc e40c e42d ec6d ec6e ec6e ec6d ec4e ec4d ec4d ec4e ec2d e3ec e3cc db8c d32b caca ba49 a9e9 9968 8968 8148 8948 8948 8948 9189 9989 a1c9 a1e9 a1e9 aa09 a9e9 aa09 aa09 a9e9 aa09 aa09 a9e9 b209 a9e9 aa09 aa09 a9e9 b209 b209 b229 b22a b24a ba29 ba4a ba6a ba6a ba8b b2ab b22a b20a c32b f613 fe11 f52f e3cc caca b20a a9e9 a9ea aa0a b22a b209 b22a b229 ba4a ba6a c28a ba8a b229 b22a baab ba8a ba6a ba8b c2cb c2cb cb0c cb0c c30c c2cc bacc bacc baac baac baac baec c30c cb2d cb2c cb0c c2eb c2ec c2eb baaa b28a b26a b22a b26c c3af d471 dcb1 dcd2 dcd2 dd12 dd12 dcb1 dc91 dc90 d491 d491 d471 d4d2 d4f2 d4b1 d4b1 d4d2 dd12 dd73 dd53 dd32 d512 d4d2 dcf2 dd74 dd95 dd94 ddb5 dd74 dd73 dd94 dd54 dd74 dd95 dd75 dd94 ddb5 ddb5 dd94 d554 d534 ddb5 ddd6 ddb5 e5d5 e5f6 e5f6 ddf6 ddd5 ddd5 ddd5 e5f6 e616 de16 ddf6 ddf6 de16 de16 ddf6 ddf6 de16 de17 ddf6 de37 e637 e657 de17 de37 de58 de57 de58 de57 de57 de37 de58 e678 e699 e6b9 e6d9 e6b8 cd95 a2cd 9989 b229 caca d32b db4c dbad dc0e e3ee e3ed e3ed e40d e40d e40d e3ed e3ee dbcd dbad db6c cb2c c2aa b229 99c8 78e7 5866 4846 4046 4087 5929 82ef bd15 de17 e677 e635 d552 ccf2 c514 d5f7 e678 eeb8 ee98 ee97 ee77 e677 e677 ee98 ee78 ee57 e657 ee78 eeb9 f6f9 f739 e6b7 a38f 48a8 4888 5067 5087 5887 58a8 58a7 60c7 60c7 60c8 60c8 60c7 60a8 5887 58a7 60a7 60a7 5887 5867 5067 58a8 58a7 60a7 60e8 60e8 60e8 60c8 58c8 58a8 68e9 81ab a2ce bb8f cbf0 d3ef cbee cbae c3af c3ae c3ef cc30 d44f d44f d44f d44f d42e d42f d44f d44f d44f d44f d44f d44f d44f d44e d44f d44f d42e 
a1ea a1c9 99c9 a1c9 a1c9 a1e9 a1c9 a1c9 a1e9 a9e9 a9e9 a9e8 a1e9 a1a9 a1a8 a9e9 b229 c28a d2eb db4a e3ab e3cc e40c e44d ec8e ec6d ec6e ec6d ec6e ec4e ec6d ec6e ec2d e3ec e3cc db8c d32b caca ba6a aa09 9188 8927 8948 8948 9168 9168 9988 99a9 a1c9 a1e9 a9e9 aa09 aa09 a9e9 aa09 aa09 aa09 b209 b1e9 b209 b209 b209 b209 b209 b229 b229 b229 b24a ba4a ba6a ba49 ba49 ba6a ba6a ba6b b22a b22a d3ee fe32 fdb0 f50d dbec caaa a9c9 a9c9 a9e9 aa0a aa2a aa2a b24a b24a ba4a ba8b ba4a b209 a9e9 b26a ba8b ba6b baab cacc caec c2ec cacb cb0c c2ec bacb ba8b ba8b baac bacc cb0d cb4d cb4d caec c2ab c2cc c30b c2ec baab ba6a b24a b26b baed cbcf d450 dcb1 dcd1 dd12 dd12 dcd1 dc90 d450 d470 d471 d4b2 d4f2 dcf2 d491 d4b2 d4f3 dd13 dd13 dcf2 dd32 dd32 dd32 d513 d513 dd54 dd52 ddb4 dd95 dd74 ddb5 dd74 dd53 dd54 dd53 dd74 dd94 dd75 dd12 d533 d534 dd74 ddd6 e5f6 e5f6 e5f6 ddd5 e5b5 ddd5 ddd6 ddd6 ddb5 dd94 dd94 e5f6 e616 ddf6 ddf6 ddf6 de16 de17 de17 de17 de17 de37 de37 e657 e637 de17 de17 de36 de37 de37 de17 de37 de37 de37 de58 de58 e678 e698 e6b8 de97 c514 a24b b229 c2aa d30b d36c dbad dbcd e3ed e3ed e3ed e3ed e3ed e3ed e3ec e40d dbcd db8c d36d caeb ba8a aa08 91a8 68a6 5066 4067 48c8 722c a453 d5f7 e697 e656 ddb3 ccd1 c4b2 d5b6 de38 e698 ee98 ee98 ee97 e677 e657 e657 e657 e677 e637 e616 e617 e678 ee98 f6d8 f719 eed8 ac31 48a8 4888 4867 5887 5888 58a8 58a7 60c7 60c7 60c7 60e7 58c7 5887 5887 58a7 60a7 5887 5887 5067 5887 58a7 60a7 60a7 60c8 60e8 58c8 58a8 58a8 60a8 796a a28d bb8f cc10 d410 cbef cbae c3af c3af cbcf cc0f d42f d44f d44f d42f d42f d42f d42f d42f d44f d42f d44f d42f d42f d42e d44f cc2f d44f d44f 
a1e9 a1e9 a1e9 a1e9 a1e9 a1e9 a1ea aa09 a1e9 a1e9 a9e9 a9e9 a209 a9e9 a1e9 a9e9 b249 caaa d2ea db4b db8b e3ec e40c e44d ec6d ec8e ec6e ec6d ec8e ec6e ec6e ec6d ec4d e40d e3ec db8b db4b caca ba69 aa09 9989 8948 8948 8968 9148 9968 9988 a1a9 a1c9 a1e9 a9e9 a9e9 a9e9 a9e9 aa09 a9e9 aa09 b209 b1e9 b1e9 b1e9 aa09 b209 b22a b22a b229 b229 ba49 ba49 ba4a ba4a ba6a ba6a ba6a b22a b20a ba4a e4f0 fe52 f5b0 ecad e40c caca aa0a a9c9 aa2a b22a b20a b24a b24a b22a b22a aa0a a9ea aa2a ba6a c28b ba8b c2cb c2cb c2cb cacb c2ab c2ab c2cc c2cc ba8b b2ac bacc c2ec caec cb2c cb2d c30c c2ec c30c cb2c c30b baab b26a b24a b26b c38e d450 dc50 dc50 dcb1 dcd1 dcb1 d490 d490 d470 d430 d450 dcd1 d4f2 d490 d491 d4d2 dd33 dd33 dd33 dd12 dcf2 dcd1 dcf2 dd33 dd94 dd74 dd73 dd54 dd33 dd74 d554 dd53 dd94 dd74 dd74 dd74 dd13 d4f3 dcf2 d533 d574 dd94 dd95 ddb4 e5d6 ddf6 ddf6 e5f6 ddb6 dd94 ddb5 ddd5 ddf5 ddd5 dd95 ddb5 ddf5 de16 de16 ddf6 ddf5 ddf6 ddf5 de37 de37 ddf6 ddf6 ddf6 ddd5 ddb5 ddf6 de17 de37 de37 de37 de36 de37 de37 de37 de38 de58 e658 e698 e699 de77 c4f4 b34e c2cb d2ea db4b dbac dbcc e3cc e3ed e3ec e40d e3ec e3ed e3ed e3cc dbac db8c d32b c2ca b249 a1c8 8127 60c7 5909 724c a412 cdd6 e677 e656 e5f4 d553 ccd3 cd55 de17 e678 ee77 ee77 ee77 e677 e677 e657 e636 ddd5 ddf6 e636 de36 e637 e658 ee98 eeb9 f6d9 f718 eef8 ac30 4868 4868 5067 5888 58a8 58c8 60e8 60e8 60e8 60a7 5887 5887 5867 5867 60a7 6087 5887 5887 58a7 5887 60a8 60a7 60c8 60c7 58a7 5087 5087 58a8 7129 9a6d bb6f cbf0 cc10 d3ef cbcf c3af c3af cbef cc2f d44f d44f d44f d44f d44f d42f d42f d44f d42f d44f d44f d42f d44f d42f d42e d42f d42f d44f d42e 
a1e9 a1e9 a1e9 a1e9 a9e9 a1e9 a9e9 aa09 aa09 a9e9 a9e9 a9e9 a9e9 a9c9 a9c9 a9e9 b249 c28a d2eb db6b e38b e3cc e42d e44e ec6d ec6e ec6e ec6e ec6e ec6d ec6d ec6d e46d e42d e3ec e3ac db4b caca ba6a aa09 99a8 9168 8948 9168 9168 9988 99a8 a1c9 a1c9 a1e9 a9e9 aa09 a9e9 b209 aa09 b209 b1e9 b209 b209 b209 b209 b209 b209 b229 b229 ba29 ba29 ba49 b24a ba4a ba69 c26a ba6a ba4a b22a b1ea ba8a edb2 fe32 f5b0 ec8d db6b c28a b20a a9e9 aa09 b209 b209 b24a b22a b209 a9ea a1ea b26b ba8b ba8a c28b c26a c2cb c2eb caab c2ab c2ab c2ab ba8b bacc bacc c2ab ba8b c2ec cb2c cb0c c32d cb6e cb2d cb0c c30b baab b22a aa4b bb0d cb8e d3ce dc4f dcb1 dc91 dc70 dc0e d42f d450 d450 d491 d4f2 d491 d42f d450 d491 dcf1 dd33 dd33 dd12 dd13 dd12 d513 d4f3 dd33 dd53 dd33 dd74 dd53 dd53 dd53 d533 dd33 d554 dd33 dd53 dd54 d4f2 d4b2 d4d2 d514 dd73 ddb4 dd73 dd73 dd94 ddb5 e5d5 e5d6 ddd6 ddd6 ddb5 ddb5 ddb5 ddd5 ddd5 ddd5 ddd5 ddb5 ddd5 e616 de16 ddf6 ddd5 dd74 dd93 d574 d574 d5d6 ddf6 ddd6 ddd5 de16 de17 de16 de37 de17 de16 de37 de37 de37 de37 de37 de37 e658 e679 e699 de78 cdb6 ccb3 d36d db2a db8b e3cc e3cc e3cc e3cc e3ec e3ec e3ed e3ec dbcc dbac d38c d30a c2aa aa09 9188 8189 8a6d ac32 cd96 de57 e656 e5f4 d573 cd32 d575 ddf7 e658 e698 ee78 e677 e657 e657 e657 e636 e616 de16 ddf6 de16 e616 e636 e657 ee78 ee98 eeb9 f6d9 f6f8 e6d7 abf0 4868 4867 5088 58a8 58a8 58c8 60e8 60e8 60e8 5887 58a7 58a7 5867 5866 5886 5887 5867 58a7 58a7 60a7 60a7 60c7 60a7 5887 5046 4846 5067 6909 920c b32f cbcf d410 d3ef cbcf cbaf c3af cbcf cc2f d44f d44f d46f d44f d44f d42f d42f d44e d44f d42f d44f d44f d44f d42f d42f d42f d40f cc2f d42f d42f 
a9e9 a209 a9e9 a9e9 a9e9 aa09 aa09 aa09 aa09 a9e9 a9e8 a9e9 a9c8 a9c8 a9c8 a9e8 ba29 ca8a d30b db4a db8c e3ec e40d e44e ec6e ec6d ec6e ec6e ec6e ec6d ec6e ec6d ec6e ec2d e3ec e3ac db6b caca ba69 b1e9 a188 9148 9148 9168 9968 9988 a1a8 a1e9 a1c9 a1e9 aa09 aa09 a9e9 b209 b229 b209 b209 b229 b229 b229 b209 b1e9 b209 b209 b229 ba4a ba49 ba49 ba4a ba6a ba6a ba6a c28a ba4a b22a b1ea cb2c fe53 fe11 f590 e3cb d30a c28a b22a a9c9 a1e9 a9e9 aa09 aa09 aa09 aa0a b24a ba4a c26b c28b ba6a c2ab c26a ba6a bacb c2eb c28a b24b ba6b c2cc c2ac c2cc c2cc c2cc caec cb2d cb0c c2cb c2cc c2eb c2eb b26a a9ea aa4b bb6e d42f dc50 d42f d40f dc2f dc90 d430 d3ae d3ae cc10 d4d2 d4d2 d470 d410 d471 d4d2 dcd2 dcd2 dcf1 dd33 dd13 dcf2 dd13 dd74 dd74 d512 d4d2 dcf2 dd33 dd54 dd54 dd13 dd33 d534 dd13 dd53 d4d2 d491 d4b2 d4f3 dd12 dd73 dd94 dd94 dd74 dd54 dd33 dd94 ddb5 ddb4 ddb5 ddd6 ddd6 ddd6 ddb5 ddd5 ddd6 ddd6 ddd5 ddd6 ddb6 ddf6 e616 de16 dd94 cc91 cc71 d554 ddd6 ddf6 de16 ddf6 ddf6 de16 de17 de16 de16 de17 de17 de16 de17 de17 ddf6 de16 de17 de17 de58 de79 e678 e698 e698 d575 d3ad db6b e3ab e3cc e3cc e3cc e3cc e3cc e3cc e3cc dbac db6b d34b caea b26a a24b a30f bc93 d5f7 e677 e656 ddd4 d5b4 d553 cd54 d5d6 de37 e678 e678 e677 e657 e636 e636 e636 e617 de16 ddf6 ddf6 de16 e616 e636 e657 e678 ee98 ee98 eeb9 f6d9 f6d8 e6b7 9b4e 48a8 4887 5088 50a8 58a8 58a8 60a8 60c7 6108 58a7 60c7 60c7 5887 6087 58a7 5887 5887 60c8 60c8 60c8 60a7 60e7 58a7 5046 4826 4847 60c8 89ec ab0e cbcf d3ef d3ef cbcf cbaf c3af cbcf d40f d450 d44f d44f d44f d44f d42f d42f d42f d42f d42f d42f d42f d42f d42f d42f d42f d42f cc0f cc2f d40e d42f 
aa09 a209 aa09 aa09 aa29 aa09 aa09 aa09 aa09 aa09 aa09 aa09 a9c8 a9c8 a9e9 a9e8 ba29 ca89 d2ea db4b dbac e3ec e40d e42e e44e e46e ec6d ec6e ec6e ec6d ec6e ec6d ec6d ec2d e3ec e3ac db6c caca ba8a b208 a188 9148 9148 9168 9168 9989 9988 a1c9 a1e9 a9c9 aa09 aa09 a9e9 aa09 b209 b209 b209 b209 b229 b229 b209 b1e9 a9e9 b209 b209 b24a b249 ba49 ba49 ba69 ba49 ba6a ba69 ba4a b20a b1ea d42e fe74 fe31 f52e db8b caaa c28a b24a a9e9 a1c9 a1e9 aa09 aa0a b22a ba49 ba6a ba4a b22a ba4a ba6a b229 b209 baab baab ba8b ba4a baac cacb cacc c2cc c2ec caec caec caec c2ab ba8b baab bacb baab b24b aa4b b2cc cb8e d3ef d40f dc4f dc4f d42f d3ae d3ae d3ef d3ef cc10 cc30 cc0f cbef cc30 d491 dcf2 dcd2 dcd2 dcb1 dcd2 dcf2 dd12 dd54 dd13 dd12 dd53 d512 d4f2 dcb1 d4f2 d533 dd33 dd54 dd33 dd32 d4f2 d491 d471 d4f3 dd33 dd54 dd33 dd12 dd33 dd94 dd95 dd74 d554 dd54 dd74 ddb5 dd95 ddb4 ddb5 ddb5 dd95 ddd5 ddf6 ddf6 ddd6 ddf6 ddf6 ddf6 ddd5 d512 d4b2 ccd2 d534 d594 ddb5 ddd6 ddf6 ddf6 ddf7 de16 de17 ddf6 de17 de17 de16 de16 ddf6 ddf6 d5f6 ddd6 ddf6 de17 de17 de37 de58 e678 e677 e657 dd34 dbac e3ab e3ec e3ec e3cb e3cc e3ac e3ac dbac db8b d34b cb4c c36e c3f1 c4f4 ddd6 e656 e656 ddf4 ddb4 d594 d594 d5b6 de17 e678 e677 e657 e657 e656 e636 de16 e616 e616 de16 ddf6 de16 e616 e616 e637 e657 e657 e678 ee98 ee99 eeb9 f6d9 eed7 de77 824b 48a8 4888 5087 58a8 58a8 5887 58a7 60c8 58e8 60e8 60e8 60c7 5887 5887 5887 5887 58a7 60c8 60a7 60c7 60c7 60c7 5887 4846 4846 5887 818b aace c38f cc10 d3f0 cbf0 cbcf c3af cbcf cc0f d44f d44f d44f d44f d44f d42f d42e d44f d42f d42f d42f d40f d42f d42f d42f d40f d42f d40f d40f d40f cc0e cc0f 
aa0a aa2a aa09 aa09 aa09 aa29 a9e9 aa09 aa09 aa09 aa09 a9e9 a9e9 a9e9 a9e9 b209 ba49 ca89 d30a db4b dbac e3cc e40c e42d ec4d e46d ec6d ec8e ec8e ec8d ec6e ec6d ec6e ec4d e3ed e3cc db4b caeb c28a b229 9988 9148 9148 9168 9968 99a9 99a8 a1c9 a1c9 a9e9 aa09 aa29 aa09 aa09 b209 b209 aa09 b209 a9e9 b229 b209 b1e8 a9e9 b209 b209 b229 b229 ba49 ba29 ba4a ba49 ba6a ba49 b22a a9ea a9ea dcaf fe94 f5d0 ec8d db2a caca c2aa ba6a aa0a a1e9 aa09 b20a b22a b22a ba29 b22a b1e9 b209 b209 b209 b24a ba8b c28b c28a ba8b c28b c2ab c2ac c2cc cacb caec cacb c2cb c28b baab c2cb baab ba8b b24a aa8b c30d d3ce d3ee dc70 d430 d3ee d3ef d3ef d38e cbae cbaf d40f cc2f c3ae cb8f d40f dc91 dcd2 dcd1 dcd2 dcd2 dcf3 dd12 dd33 d4d2 d4d2 d4f2 d4d2 dcb2 dcf1 d534 dd13 dcf2 dd12 dd13 dd12 dd54 d4d2 d471 d492 d4d2 dd32 dd73 dd74 dd53 dd33 dd33 dd53 dd53 dd73 dd74 dd74 dd53 dd74 dd74 dd95 dd94 dd95 dd95 ddb5 ddf6 ddf7 de17 ddf7 ddd5 dd94 d4f2 cc71 d4f2 d574 ddb5 d594 ddb5 ddd6 ddf6 ddf6 ddf6 ddf6 ddf6 ddf6 de16 ddf6 ddf6 ddf6 ddf6 ddf6 ddf6 d5d6 d5d6 ddd6 ddd6 ddf7 ddf7 de37 de38 e656 de37 dc90 e3ab e3eb e3ec e3cb e3cb db8b dbac db8c db8d d3ef d4d3 ddb6 de37 e676 e615 ddb4 dd94 d573 d574 d595 ddf7 e657 e677 e657 e657 e656 e636 e616 de16 de16 e616 de16 de16 de16 e616 e616 e637 e657 e677 e678 e698 ee98 ee99 eeb9 f6d8 eed7 d5d5 698a 4888 4888 50a8 58c8 58c8 58a7 58a7 58a7 58a7 60c7 60c7 60a7 5887 5867 5887 5067 5887 60a7 60a7 60a7 60a7 58a7 5887 5047 5888 794a a28d c36f cbef d410 d3ef cbcf cbaf cbcf cc0f d42f d46f d44f d44f d44f d44f d44f d42f d42f d42f d42f d42f d42f d44f d42f d42f d40f d42f d40f cc0e d40f d40e d40f 
aa0a aa09 aa09 aa09 aa09 aa09 aa09 aa09 aa09 aa09 aa09 a9e9 a9e9 a9e9 aa09 b229 c249 d2aa db0a db6b e3ac e3cc e40c e42c e46d ec6d ec6e ec8d ecae ec8e ec8e ec8d ec8e ec6d e3ec e3cc db6b d2ea c28a b209 9988 9148 9148 9148 9968 99a8 99c9 a1c9 a1e9 a9e9 a9e9 aa09 a9e9 aa09 b229 b209 b209 b209 a9e9 b229 aa09 a9e9 aa09 b209 b209 b209 b229 ba29 ba29 ba49 ba49 ba49 b249 aa09 a9ca b26a ed92 fe72 f56f e40c db6b d30b cacb ba8a b22a aa2a aa0a aa2a b22a b22a b1e9 aa0a b22a a9c9 aa0a b229 ba4a ba6a ba8a ba4a b22a ba6a c2ab c2cb cacc cacc c2ab ba6b ba6b baac baab ba8b ba8b b28c bacc c38e d38d d3ad d3ef dc0e dc2f d3ae cb8e cbae d3cf d430 cbef c32d c36e cc10 d450 dc50 d42f dc70 dcb1 dcf2 dd12 dd13 dcd2 d4b1 d4b1 d491 d471 d471 d4b1 dcf3 dd33 dd94 dd54 dcf3 dcd1 d470 d450 d4b2 d513 dd12 dd32 dcf2 dcf2 dd32 dd74 dd54 dd13 dd32 dd13 dcd2 dd32 dd53 dd54 dd13 dcf2 dd53 dd95 ddb5 ddb6 ddb5 ddb5 e5f6 ddf5 ddb5 d513 d4d2 d554 d574 dd94 dd94 d594 dd74 ddb5 ddb5 ddd5 ddd5 ddd5 ddd6 ddd6 ddd6 ddd5 ddd6 ddd6 ddd6 ddd6 ddf6 ddd6 d5d6 d5d6 d5b5 d5b5 d5d6 d5d6 d5d6 de17 de37 de57 dd54 e3cc e3cb e3cc e3ab e3ab db8b db8d dc0f dcd3 ddd6 e637 e636 e5f4 ddb3 dd73 dd94 d594 d5b5 de16 de37 e657 e657 e657 e636 e636 de16 de16 de16 de16 de16 de16 de16 de16 e616 e616 e616 e637 e657 e677 e678 ee78 ee98 eeb9 eeb9 eed8 eed7 c4f3 5909 48a8 5088 50c8 58c8 58c8 58e8 58a7 58a7 58a7 58a7 60a7 58a7 5887 5867 5887 5867 5887 60a7 60a7 60a7 60a7 60a8 60a8 68a8 794a 9a4d bb4e cbcf d40f d3ef cbcf cbcf cbae cbef d42f d44f d44f d44f d44f d44f d42f d42f d42f d42e d44f d42f d42f d42f d42f cc2f d42f cc2f d42f d42f cc0f cc0e d40f d40f 
aa09 aa09 aa09 aa09 a9e9 a9e9 aa09 aa09 aa09 aa09 aa2a a9e9 a9e8 a9e8 b1e9 ba29 c249 d2aa db0a db6b e3ad e3ed e40d ec4d ec6d ec6d ec8e ec8e ecae ecae ec8e ecae ec8e ec6d e42c e3cc db6b d30a c289 aa09 a188 9148 9148 9148 9188 99a9 99c9 a1c9 a1c9 a1e9 aa09 aa09 aa09 a9e9 aa09 aa09 aa09 b209 aa09 b209 a9e9 a9e9 aa09 a9e9 b229 b209 b229 b249 ba49 ba49 b229 b229 b22a a9e9 a9ca c30b f613 fe31 ed4f e42d db8b d30a caea ba8a b209 b229 b24a aa2a b22a b22a b22a aa0a a9ea b22a b24a b20a b24a ba4a b22a b24a ba8b c2ab c2ac c2ab ba8b ba6b ba6b baab c2cb c2cb baab ba8b ba8c c34e d3cf d3ae d3ce d3ae d3ad d3ce d3ae d38d cbce cbef cbee cbae c32d c38f d40f d450 dc50 dc71 d450 d450 d4b1 dd13 d4f3 d4d2 d4b1 d491 d491 d471 d4b1 d4d2 d4b2 dcd1 dd33 dd12 dd32 d4f2 d410 d410 d4b2 dd13 dd33 dcf2 dcd2 dcf2 d4f2 d4f3 dd12 dd53 dd13 dcf2 dcf2 dd33 d513 d4b1 dd12 d554 d513 dd12 dd74 dd95 dd73 dd53 dcd1 dd12 dd12 d513 d4f3 d553 dd94 d573 dd74 d553 d574 d554 d574 d574 d5b5 d5b5 d5b5 d5d6 ddd6 ddd6 ddb5 dd94 ddb5 ddb5 d595 ddb5 d5b6 d5d6 d5d6 d5b6 d574 d594 d5b5 d595 d595 d5d6 de16 ddd6 dc50 dbab dbcb e3cd dbee dc71 dd33 ddb5 e616 e635 e614 ddb4 dd93 dd94 dd94 d595 ddf6 e657 e657 e657 e636 e636 de16 de16 de16 de16 de16 ddf6 ddf6 de16 e616 e616 e636 e616 e616 e637 e637 e637 e657 e678 ee78 eeb8 eeb9 eeb8 f6d8 eeb7 abcf 50c8 48a8 50c8 50e8 58c8 58c8 58e8 58a8 60c7 58a8 5887 5887 5887 5067 5867 5887 58a7 60a7 60c7 60a7 60c8 60e8 68e9 7109 814a 9a0c b32f cbaf d3cf d3ef cbcf cbaf cbaf cbef d410 d44f d450 d44f d44f d44f d44f d42f d42f d42f d42f d42f d42f d44f d44f d42f d42f d40f d40f cc0f d42f d40f cc0e cc0f d40f 
aa09 aa09 aa09 a9e9 b1e9 aa09 aa09 a9e9 aa09 aa09 aa29 aa09 aa09 a9c8 b1e9 ba08 c249 d2a9 d30a db6b e3ac e40d e42d ec4d ec6d ec8d ec8e ecae ecae ecae ecaf ecaf ecae ec6e e42d e3cc db6b d30a c269 b209 a1a8 9168 8948 9168 9189 99ea a20a a1a8 a1c9 a9e9 aa09 aa09 aa09 aa09 aa09 a9e9 b209 b209 aa09 a9e9 a9c8 a9e9 a9e9 aa2a aa09 b229 b229 b229 ba29 b229 b229 b229 aa09 a9c9 a9c9 d3ed fe73 fe11 f52e e44d dbcc d32b caea c2aa b22a b209 b22a a9e9 aa2a b24a b24a b24a b22a b20a b24b b22a b24a ba4b ba6a ba6a c28a c2ab c2ab ba6b ba6b c28b c2cb c2ec caec c28b ba6b baac c34e d3ce d3cf d3ae d3ef d3ee d36d d34c d38e d3ae d40e cbee bb0d c32e cbae d410 d430 d40f d40f d450 dc91 dcb1 d430 d430 d4b1 d4b1 d491 d4b1 d4b2 d492 d491 dd12 dd33 d491 d490 dcd1 d450 d430 cc71 d4b2 dcd1 dd12 dd12 d4f3 d512 dcf3 d4f2 dcf2 dcf2 dcf2 dcf1 dd12 dcf3 dd12 dd33 d514 d4d2 dd53 dd95 dd53 dd74 dd74 d4b2 d491 ccb2 d534 d533 dd33 dd74 dd73 d553 d4d1 d513 d554 d574 d595 d595 d595 ddd6 d5d6 d5b5 ddb5 ddd5 ddb5 d595 d554 d574 dd95 d595 d595 d595 d5b5 d596 d595 d575 d553 d595 cd95 d595 d595 d5b5 ddf5 dd75 dbef dbcd dc91 dd74 de16 e615 e5d4 dd93 ddb4 ddb4 e5b4 e5b4 ddb5 ddf6 de37 e657 e657 e637 e636 e616 de16 de16 de16 ddf6 de16 ddf6 de16 de16 e617 e637 e636 e616 e616 e616 de16 de16 e636 e658 e658 ee78 eeb9 eeb9 eed8 eed7 e697 92ac 48a8 48a8 50c8 58c8 58c8 60e8 58c8 58a8 60c8 60c8 58a7 5887 5887 5066 5887 58a7 5887 6087 60a8 60a8 60c8 6909 7109 794a 91ec aace c38f d3cf d3cf cbcf cbaf cbaf cbcf cc0f d430 d44f d44f d44f d44f d44f d42f d44f d44f d42f d42f d42f d42f d44f d42f d42f cc0f cc0f cc0f d40e d42e d40f cc0f cc2f d40f 
aa09 aa09 aa09 aa09 b209 aa09 aa09 aa09 a9e9 aa09 aa09 a9e9 aa08 b1e9 b1e8 ba09 c249 caa9 d30a db6b e3ac e3ec e42d ec4d ec6d ec8e ec8d ecae ecae ecae ecae ecae ecae ec6e ec2d e3cc db8b d2ea c269 b229 a1a8 9168 8948 9147 9168 99a8 a1c9 a1a8 a1c8 a1c9 a9c9 aa09 aa09 aa09 aa09 a9e9 a9e9 a9e9 a9e9 a9e9 a9e9 a9e9 aa09 aa09 aa09 b209 b209 b229 b229 b229 b229 b209 a9e9 a1a9 a9e9 e4f0 fe73 fe10 f50e ec8d e3ec db4b cb0b c2aa ba6a b229 b209 aa2a b24a b24a b22a b209 b20a ba4a ba4a b22a ba6a c28b ba6b ba6a c2ab c28b ba6b c26b c2ab caec cacb c2cb c28b ba4b baac cb6e d38e d3ae d3ce d3ef d3ce d3ae d34d cb4d cb8e d3ce cb8d c30c c34e d3cf d3ce d3ce d40f d450 d451 d450 d491 d450 d450 d430 d430 d450 dc91 dcf2 dd13 dd12 d4f3 d491 dcd1 d4d2 cc30 d40f d451 d4b2 dd11 dd12 dcf2 d4b1 d4b1 dcf2 d513 dd13 dd12 dcd1 dcd2 dcf2 d4d2 dcb1 dd12 d513 d4f2 dd33 dd75 dd95 dd94 dd74 dd53 d513 d4f3 d4f3 d513 dd53 dd53 dd74 dd95 d595 d575 d534 d554 dd94 d595 ddb5 ddd5 d595 ddb5 ddd5 d5b5 dd74 dd74 dd94 d574 d534 d554 d574 d575 d575 d575 d554 d595 d574 cd74 cd34 d554 d595 d575 d575 d575 d5b5 ddd6 dd54 dd54 e5f5 e635 e615 ddd3 dd93 d594 ddb4 dd94 ddd5 e616 e637 e636 e636 e636 e636 e616 de16 de16 ddf6 de16 ddf5 ddf6 ddf6 ddf6 e616 e637 e637 e637 e616 e616 e616 ddd5 ddd5 ddf6 e657 e657 e658 ee78 eeb9 eed9 eeb8 f6d7 d616 7189 4067 5088 50a8 58a7 58a7 58a7 58a7 58c8 60e8 60e8 58a7 5887 5087 5066 58a7 60a7 6087 60a7 60c8 60e9 6909 712a 796a 8a0c aace c36f d3cf d3ef d3cf cbaf cbaf cbcf cc0f d430 d44f d44f d46f d44f d44f d44f d44f d450 d42f d42f d42f d42f d42f d42f d42f d42f cc0f d42f d42f d42e d40e cc0f cc0f d42f cc0f 
aa0a aa09 a9e9 aa09 aa09 aa29 a9e9 aa09 a9e9 a9e9 aa2a a9e8 b1e9 b1e9 b209 b229 c269 caa9 d30a db6b e3ab e40c e44d ec6d ec8e ec8d ecae ecae ecce ecae ecae ecae ec8e ec6d ec2c e3cc db6b d2ea c269 b229 a188 9168 8948 9147 9168 9988 a1a8 a1a8 a1e9 a9c9 a9c8 a9e9 a9e9 aa09 aa29 aa09 aa09 a9e9 a9e8 a9e9 a9e9 a9e9 aa09 a9e9 a9e9 b1e9 b1e9 ba29 b229 b229 b209 b209 a9e9 a9a9 ba4a edd2 fe73 fdf0 f50e e4ae e3ec db8c d36c caaa c28a ba4a ba6a ba4a ba4a b229 b20a aa09 b22a ba4a ba4a ba4a c26a c28a c28a c28a c28b c2cc c2ac ca8b cacc cb0c c2ab ba4a b22b baed cb8e d3cf d3af d38e d3ae d38e d38d d38d d3ae d3ad cb6c baec c30d cb6d d3ae d3ae d3ce d3ef d3cf d44f d4b2 d40f d3cf d40f d430 d450 d471 d492 d492 dcd1 dd12 dd33 dd33 d492 d430 d42f d430 d470 dd12 dd12 dcf2 dcb1 dcd1 dcf2 dcd2 dcb1 dcd1 dd12 dcf2 dcd2 dcf2 dcd2 d4b1 d4b1 d4b1 dcf2 dd13 dd13 dd54 dd74 dd33 dd13 d512 d533 dd53 dd53 dd33 dd53 dd33 d533 d554 d574 dd95 dd95 d595 d574 d594 ddb5 d595 d595 d595 dd74 dd74 dd53 d513 d513 d513 d534 d554 d575 d575 d533 d574 cd54 d553 d554 cd34 cd13 ccd3 cd13 cd55 cd34 d575 d594 ddd5 e5f5 e5d4 e5d3 ddb3 ddb4 ddb4 ddb5 ddd5 ddf6 e616 e637 e657 e636 e616 e5f5 e616 de16 de16 ddf6 ddf6 ddf6 ddf5 ddf5 ddf6 de16 de16 e616 e616 de17 e616 e616 e616 ddb5 ddb4 ddd5 de16 e637 e657 e657 ee77 eeb9 eeb8 eed7 eeb7 bcd1 50c8 4867 5067 5087 5887 58a7 5887 5887 60c8 60c7 58a7 5887 5887 5067 5867 58a7 60a7 60e7 60a8 60c8 60c8 68e9 714a 89ec a2ae c34f cbcf d3ef d3cf cbaf cbaf cbcf d3ef d430 d430 d44f d44f d46f d44f d430 d44f d42f d42f d430 d42f d42f d42f d42f d42f d42f d42f cc2f d42f d40f d42f d40f cc2f cc2f d42f d42f 
aa2b aa0a a9e9 a9e9 aa09 aa09 a9c9 a9e9 a9e9 a9e9 a9e9 a9e8 a9e9 a9e9 b1e8 b229 ba49 caa9 caea db6b e3ab e3ec e42d ec6e ec8e ecad ecad ecae ecce ecae ecad ecae ec8e ec6d ec2d e3cc db6b d2ea c269 b209 99a8 9148 8927 9148 9168 9988 a1a8 a1a8 a1c9 a9e9 a9e9 b1e9 a9e9 a9e9 aa09 a9e9 a9e9 a9e9 a9e9 aa09 a9e9 a9e9 a9e8 aa09 b209 b208 b209 ba29 b229 b229 b208 b229 a9c9 a1a9 ba8a f633 fe72 fdaf f52e ed0e e3cb dbac db6b d30b caca c2aa caca c26a ba4a b24a b22a b22a b22a ba2a ba4a ba4a ba8b ba09 b22a ba6a caab c2aa c2ac c2cb cacb c2cb ba8b b26b baed cb8e d38e d3af d3ce d3ae cb4d cb2d cb6d d3cf d40f c32c c30d c32d cbcf d3ae d3ae d3af d3af d40f d430 cb8e cbce d40f d3ef d3cf d450 d492 dcb2 dcd2 dcd2 d4b2 d471 d470 d491 d450 d410 d491 d4d2 dc91 dcb0 dcf1 dcd2 dcb1 dc91 dcd1 dcf1 dd12 d4d2 dcb1 dcb1 dd13 dcf2 dcf2 d4d2 d4d2 d491 d4b2 dcd2 dd12 d513 d4f2 d4f2 dd33 dd74 dd54 dd33 dd13 dd32 dd74 d513 d4f2 d513 d554 d574 d594 ddb6 d595 d575 d574 d594 d595 d574 d534 d533 d513 d513 d4f3 d4d3 d513 d554 d575 d575 d554 d513 cd54 cd13 d533 ccf3 cc92 c4b2 c4d3 cd54 d5b5 ddf5 ddf4 ddb3 dd73 d532 d532 ddb4 ddf5 ddd5 ddf6 e616 e657 e657 e637 e636 e616 ddb5 ddd5 ddf6 ddf6 ddf6 de16 ddf6 ddd5 ddf6 ddf5 ddf6 e616 de16 e617 e616 e616 e636 e616 dd94 dd33 d533 ddb5 ddf6 e617 e657 e637 ee57 ee98 eeb8 eeb7 e656 92ec 4888 4847 5067 5887 5887 5887 58a7 58a7 60a7 60c7 58c7 58a7 5867 5887 5887 6087 60c7 60e8 60c7 58a7 5887 68e9 81ab 9a8d bb4f cbaf d3ef d3ef cbaf cb8e cbaf cbcf d42f d450 d450 d46f d44f d44f d450 d44f d44f d44f d44f d42f d42f d42f d42f d430 d44f d42f d42f d42f d42f d42f d42f d42f d42f d42f d42f d42e 
a9ea a9e9 a9e9 a9e9 aa09 aa09 aa09 a9e9 a9e9 a9e9 a9e9 a9e9 a9e8 a9e9 a9e8 b209 ba49 c289 d30a db6b e3ab e3ec e42c ec6d ec8d ecad ecae ecae ecae ecae ecae ecaf ec8e ec6d ec2d e3ac db6b d2ea c28a b229 a1a8 9148 9148 9148 9968 9988 a1c8 a1c9 a1c8 a9e9 a9c9 a9e9 b1e9 b1e9 a9e9 a9e9 a9e9 b1e9 aa09 a9e9 a9e9 aa09 a9e9 a9e9 b1e9 b209 b229 b209 b229 b229 b209 b209 a9c9 a1a9 c2eb f654 fe31 f58f f52e ecad dbcb dbac db6b d32b d32b ca8a cb0b caaa c26a ba69 b209 b229 b22a b22a ba4a ba2a b22a aa0a b24b ba8b c2cc ba8b c2ab c28a ba6b b26b baac cb4d d34d d34d d38e d3ce d38e cb6d cb6e cb6e cbce cbae baec bacc cb4d d3ae d3ef d3ce d3ce d3ef d410 d40f cbae cb4d cb6d d38e d3ef d430 d451 d490 dcf3 dcf3 dcb1 d4b1 d470 cbcf d3cf d471 dcf2 dcf2 dcf2 dcd2 dc90 d470 dc6f dcd1 dcd2 dcd1 dcd1 dd12 dd12 dcf3 dcb1 dcb2 dcf2 dcd2 d4d2 d4d2 d4b2 d491 d4b1 d4b1 dcb2 dcf2 d513 dd33 dd33 dd53 dd33 d4f2 d513 d553 dd54 d534 d513 dd33 d554 d574 ddb5 d5b5 d595 d554 d533 d533 d534 d534 d554 d534 d4f3 d4d2 d4f3 d4f3 d4f2 d554 d554 d554 ccf3 ccd2 ccd3 cc70 c4b2 c492 cd13 d595 ddf5 ddd4 dd93 d512 d512 dd94 dd94 ddd5 ddf6 de16 de16 e636 e636 e636 e636 e616 ddf6 ddd5 ddd6 ddf6 ddf6 ddf6 ddf6 ddf6 ddf6 ddd6 ddf6 ddf6 e616 de17 de17 e617 e636 e636 e616 dd73 d4d2 d4b1 d4d1 dd53 ddb5 e616 e637 e616 e637 ee77 ee97 ee96 cd33 6969 4888 4847 5067 5067 5887 5887 58a7 58a7 60a7 6109 5909 50a7 5887 58a7 5887 60c7 60c8 60e8 58c8 5067 5067 7109 922d b32e cbaf d3ef d3ef cbcf cbaf cbaf cbef cc10 d450 d44f d44f d450 d44f d44f d42f d450 d44f d44f d44f d44f d42f d42f d42f d42f d42f d44f d42f d44f d42f d44f d42f d42f d42f d44f d44f d42f 
a9e9 a9e9 aa09 aa0a a9e9 a9e9 aa09 a9e9 a9e9 a9e9 a9e9 aa09 a9e9 a1e9 a9e9 b209 ba49 caa9 d30a db6b dbab e40c ec2c ec6d ec8d ecad ecae ecae ecae ecae ecae ecaf ec8e ec6d ec2d e3cc db6b d30b c2aa b229 a1a9 9168 9148 9168 9188 99a9 a1c9 a1c9 a1e9 a9c9 a9c9 aa09 aa09 b1e9 aa09 a9e9 a9e8 aa09 aa09 aa09 a9e9 a9e9 a9e8 b1e8 a9e9 b209 b229 b209 b229 b229 b209 aa09 a9e9 a1a9 cb4b f695 fe31 f56e f52e ec8d e42d dc2d d34c d36b db6b caea d30a d2ea c28a ba29 ba29 b209 b22a b209 b22a b22a ba6b ba4b ba4a bacb cacb ba6a b20a aa0a b24b baed cb8e d36d d34d d38e d3ae d38d d36d cb6e d38d cbee c32c b2ab bacc cb4d d3ae d3ae d3ae d3cf d3ef d40f d3ef cbae cb4d cb4e d3ae d3af d3cf d3ee d470 d430 d430 d4b1 d4b2 d410 d3f0 cc10 d450 dcd2 dcd1 dcf2 dcf2 dcb1 dcb0 d491 d451 dc70 dcd1 dcf2 dcd2 dcd2 dcf2 dd12 dcf2 dcb2 dc71 d450 d470 d4b1 d4f2 d491 d470 dc91 dcb1 dcf2 dcf2 dcf2 d4d2 d4b1 d4d2 d4f3 d513 dd12 dd54 dd54 d554 d4f2 dd33 dd74 dd95 d574 d574 d533 d513 d4f3 d513 d513 d534 d534 d554 d534 d4d2 d513 d4b2 d4f2 d533 d513 ccd2 cc71 c492 c471 cd34 ddd5 e5f5 ddd4 dd93 d553 d573 d574 dd94 ddd5 ddf6 e616 e636 e636 e616 e616 e616 e616 ddf5 ddf5 ddd6 ddd6 ddf6 ddf6 ddf6 ddf6 ddf6 ddf6 ddf6 ddf6 e5f6 de16 e616 de17 e617 e617 e616 e616 dd93 d4d1 d450 d470 d470 d4f2 dd94 ddf5 dd94 ddb4 e5f6 ee57 ee76 e676 a34d 5087 4887 5087 5087 5087 5887 58a7 58a7 5887 58a7 58c8 58c8 5887 5887 5887 5887 58a7 60a7 60c8 58c8 58a8 60c8 81ab aace c38f d3ef d3ef d3cf cbaf cbaf cbef d430 d450 d450 d44f d46f d46f d44f d44f d44f d42f d44f d470 d44f d44f d42f d42f d42f d42f d44f d42f d42f d42f d42f d44f d44f d42f d42f d42e d42f d42f 
a9e9 a9e9 a209 a1e9 aa09 a9e9 a9e9 a209 a9e9 a9e9 a9e9 a9e9 a9e8 a9e9 a9e8 b229 ba49 caaa d30b db6b e3ac e40d e44d ec6d ec8d ecae ecae ecae ecae ecae ec8e ecae ecae ec6e ec0c e3cc db6b d30b c28a aa29 9988 9168 8968 9148 9188 99c9 a1c9 a1c9 a9e9 a1c9 a9e9 a9e9 aa09 aa09 a9e9 aa09 a9e9 a9e9 a9e9 aa09 a9e9 a9e9 a9e9 b1e9 aa09 aa09 b209 b209 b209 b209 b209 b1e9 a1c9 a1aa c30b f674 fe10 f54e f50e ecad ec6c e40c e44d db4b db8b db6b d30b d30a c2aa c26a c26a ba49 a9e9 a188 aa0a b24a b22a ba4a c28b c2ab c28a ba4a aa0a b26b c30d d38e d38e d36d d32d d34c cb6e d36d cb8d d3ef c34d b2ab bacc c2ec cb8e d3ae d3ce d3cf d3ae d3ce d40f cbcf d3ae d3af d38e d3cf d410 d430 cbcf cb6e cb8e d470 d430 cbcf d3ce cbf0 d451 dcd2 dcd2 dcd1 dc91 dc71 d491 dc91 dcb1 d491 dc91 d470 d471 d470 dcd1 dcf2 dcd2 dc70 dc70 d471 d491 d471 d470 d470 dc90 dcb1 d4d2 d4b1 d490 d490 d471 d472 d4b2 d4f2 d4d1 d4f2 d512 d513 dd13 dd74 dd74 dd54 d513 d513 d533 d534 d513 d513 d513 d4d3 d4b2 d4f3 d534 d534 d554 d533 d4f3 d491 d4b2 cc50 ccd2 ccb2 cc91 ccb2 d533 ddb4 e5f4 ddb3 dd52 d553 d594 ddb4 ddb5 ddd5 ddf6 e616 e616 e5f5 e616 e5f6 ddf5 ddd4 ddd5 ddd5 ddd5 ddd6 ddd6 ddd5 ddf6 ddf6 ddf6 ddf6 ddf6 ddf6 e616 e616 ddf6 e616 e616 e637 e637 e616 e616 ddb4 d4d1 d450 cc30 cc30 d471 d512 d512 d450 d491 dd33 e5d5 ee15 e655 cd32 6969 5087 5067 50c8 58e8 58c7 58a7 5887 58c7 58c7 58c7 58a7 5087 5867 5866 58a7 5887 5867 58a7 60e9 692a 714a 818b a28e c36f cbcf d3ef d3cf cbaf cbaf cbcf cc10 d42f d450 d44f d44f d450 d450 d44f d44f d44f d44f d42f d450 d44f d42f d42f d44f d42f d44f d44f d42f d44f d42f d44f d44f d44f d42f d42e d42f d42f d42f 
a9e9 aa09 a1e9 a9e9 a20a a1c9 a1e9 a1e9 a1e9 a1e9 a1e9 a9e9 a1e9 a9e9 a9e9 b209 ba29 caaa d30b db8c e3ed e40c e44d ec8d ecae ec8e ec8e ec8e ecae ecae ec8e ec8e ec6e ec4d e42c e3cc db6b d30a c28a aa09 99a9 9188 8968 9148 9168 99a8 a1c9 a1c9 a9e9 a9e9 aa09 aa09 aa09 a9e9 a9e9 aa09 a9e9 a9e9 a9e9 a9e9 a9e9 a9e9 a9e9 a9e9 aa09 aa09 b209 b209 b229 b1e9 b209 aa09 a1c9 a1aa c36b f675 fdef f52e f54e ec6c e42d e42c e3ed dbac db6b db6c db2b d30b d32b caca c26a b209 a9c9 a9e9 a9c9 a9c9 b22a c28a ba6a ba6a ba6a b22a b2ab c32d d34d d36d d36d d36d cb4d cb0d cb4d cb6d cbcf c36d b28c b2ac c2ed d34d d38d d3ce d3ae d3ee d3ce cbae cb8e cb8f cb8e d3cf d40f d410 cbae cbcf cbd0 cbcf cb8f d3ef d3ef cbaf d3af d44f dc91 dcb1 dcd1 dcb1 dc91 d471 d471 d450 dc91 dcb1 dcb1 dcb1 d4b1 d471 d430 dc70 dcb1 d4b2 d451 d450 dc90 dc91 d490 d4b1 d491 d470 d490 d450 cc10 cc30 d471 d492 d4d2 d4f2 d4f2 d4d2 d4f2 d4d2 d4d2 d4f3 dd54 dd54 d534 d513 d4f3 d4f2 d513 d4f2 d4f3 d4d3 d4b2 d492 d4d2 d534 d534 d4f3 ccd2 cc51 cc50 cc31 cc51 d4d2 d553 ddb4 e5b3 dd72 dd32 dd73 dd73 dd94 ddd5 ddd5 de16 e616 e616 e616 e5f5 ddd5 e5d5 ddd5 ddb5 dd94 ddb5 ddb5 ddb5 ddd5 ddd5 ddf5 ddf6 ddf6 ddf6 ddf6 ddf6 ddf6 de16 e5f6 e616 e637 e617 e637 e637 e616 ddf5 d4d1 cc50 cc10 cc71 d4b1 d532 d4d1 c38d c38e cc51 dd33 dd94 e614 e635 9b0d 5087 5088 5047 50a7 5909 58c8 6108 58c7 60c7 58a7 5887 5867 5887 5887 60a7 60a7 5867 5887 58c8 692a 798b 89cc 9a8d bb4f cbaf d3cf d3cf cbaf cbae cbaf cc10 d430 d450 d450 d44f d450 d44f d44f d42f d42f d44f d450 d44f d450 d44f d44f d44f d44f d42f d44f d42f d42f d44f d44f d44f cc2f d44f d42f d42f d42f d42f d42f 
a9e9 a9e9 a1e9 a1c9 a1e8 a1e9 a1c9 a1c9 a1e9 a1e9 a1e9 a1e9 a1e8 a9e9 a9e9 aa09 ba49 caca d32b db8c e3cc e40c e44c ec6e ec8e ec8e ec8e ec8e ecae ec8e ec8e ec8e ec8e ec4d ec2c e3cc db8b d30a c289 aa29 99a8 9148 8948 9168 9168 9989 a1c9 a1c9 a1e9 a9e9 a9e9 aa2a aa09 aa09 a9e9 a9e9 a9e9 aa09 a9e9 aa09 a9e9 a9e9 a9e9 a9e8 b209 b209 b209 b209 b229 a9e8 a9e8 a9e9 a1a9 a1a9 cbcc f673 f5af f54e eced ecad ec6d e3ec ecad e3eb db8b db6b d32b db6c d34b caaa ba29 b22a aa09 a9e9 a1c9 aa2a ba4a ba4a ba29 b209 b20a c30d cb8e d38e d34d cb2d cb2c cb2d cb2c cb4d cb6d cb6d bacc b2ac baac c32d cb6d d34d d36d d3ae d3ef d3ae cb6d cb8e cb4d cb8e d3ce cbef cb8d cbcf cbaf d410 d430 d3ef d3ae cb4e cb8e d470 dc71 d410 d430 dc50 dc50 dc50 dc50 dcb1 dcb2 dc92 dc50 dc90 dc91 dc70 dc90 d470 d450 d430 d40f dc90 dcb1 d491 d470 dc70 dc70 d491 d450 cc10 cc10 cc71 d491 d491 d4b1 d4b2 d4b2 d4b1 dcf2 dcd2 dcd2 d470 d4d2 d492 d4f2 dd33 dd34 d4f3 d4d3 d492 d4b1 d4d2 d4f3 d4d3 d491 d4b2 d492 d4d3 d4f3 d4d2 c492 c452 c431 ccd2 d553 ddb3 e593 dd31 d532 d553 dd74 dd54 ddb5 de16 de37 e636 e616 e616 e5f5 e5f5 ddd5 dd94 dd94 ddb5 ddd5 ddb5 dd95 ddb5 ddd5 ddd6 ddd6 ddf6 de16 de16 ddf6 ddf6 de16 de16 de16 e5f6 e617 e637 e637 e637 e636 e616 d4d1 cc2f cc50 cc71 d4d1 d532 cc70 bb6d bb6d cc10 d4b2 dd13 ddb4 e655 cd54 60e8 4867 5067 5047 5067 58a7 58a7 6129 5908 58c7 5887 5067 5866 58a7 60a7 60a7 58a7 5887 58a8 60e9 714a 81ac a26d b34f cbaf d3ef d3cf d3af cbaf cbcf cbef d42f d450 d450 d44f d450 d450 d46f cc70 d42f d44f d44f d42f d42f d44f d44f d42f d44f d44f d42f cc2f d42f d42f d42f cc2f d44f d44f d44f d42f d42f cc2f cc2f d42f 
a9e8 aa29 aa09 a1c9 a1e9 a1e9 a1e9 a1e9 a1e9 a1c9 a1c9 a9e9 a1e9 a9e9 a9e9 b209 ba6a cacb d30b db6b e3cc e40c e44d ec6d ec8e ecae ec8e ecae ecae ecae ecae ecae ec8e ec6d ec2d e3cc e38c d32a c289 b229 99a9 9148 9148 9168 9968 99a9 a1c9 a1c9 a1e9 a1e9 a209 a9e9 a9e9 a9e9 a9e9 aa09 a9e9 a9e9 a9e9 a9e9 a9e9 a9e9 aa09 aa09 aa09 b229 b209 a9e9 aa09 a9e9 a9e8 a1c8 9989 a1a9 dc6e f673 fdae f50d ed0e ecad e44d e40c e3cc dbac e3ab db6b d32b d30b d36c caaa ba49 ba4a b209 aa2a b22a ba4a ba4a b22a b22a b24b c2ed d36e d38d d36d d34c cb4d caec cb0c cb4d cb8e c2ec b2cc b2ec baac c32d cb6d d3ae d38e d36d d36d d38d d38e cb4d cb8e d38e cb8e c34d cbaf c34e cbcf d410 d3ef d3ef d3af cb8e cbcf d3cf d42f dc4f d471 d431 d3f0 d3cf d410 dc30 dc50 dcb1 dcd2 dc50 d430 d450 d430 d430 d450 d470 d471 d471 d450 dc4f dcb0 d491 d3ce cbce cc30 d470 d4b1 d471 d471 d470 d491 d470 d491 d4b2 d493 dcb1 dcf2 dcb1 d471 dc71 d4b2 d4b2 dc91 dcd1 d4b2 d4b2 d4d2 d4b2 d491 d4d2 d4d3 cc92 cc51 cc92 cc51 cc70 cc71 cc91 ccf3 dd53 e5b3 dd72 dd11 d4f1 d532 dd73 dd94 ddd5 ddf5 e616 e636 e636 e615 e5f5 ddf5 ddd5 ddb5 ddb5 d5b5 ddb5 ddb5 ddb5 ddb5 ddb5 ddd5 ddd6 ddf6 ddf6 ddf6 de16 de16 ddf6 ddf6 de16 de16 de16 de17 e637 e657 e657 e657 e636 dd52 cc30 cc30 d491 d4f2 d4f1 cc0f c38e c3cf cc10 d491 dcd2 dd13 e5d4 e676 a3ae 5067 4867 5067 5067 5067 58a7 58a7 58c8 58c7 58c7 5887 5067 5887 58a7 60c7 60a7 5887 5888 60c9 692a 796b 920c b30e c3af d40f d3ef d3af cbaf cbaf cbcf cc0f d44f d44f d44f d46f d450 d450 d450 d44f d42f d42f d42f d42f d430 d42f d44f d44f d450 d44f d42f d42f d42f d42f d42f d42f d42f d44f d42f d42f cc2f cc4f d44f d44f 
a1e9 a1e9 aa09 a1c9 a1c9 a1c9 a1e9 a1e9 a1e9 a1c9 a1c9 a1c9 a9e9 a9c9 a9e9 b209 c26a caca d32b e36b e3cc e40d e44d ec6d ec8e ec8e ec8e ecae ec8e ec8e ec8d ec8e ec8d ec8e ec2d e3cc db8c d32b c28a aa2a a1c9 9169 8948 9189 9988 99a9 a1c9 a1c9 a1e9 a9e9 a9e9 a9e9 a9e9 a9e9 a9e9 a9e9 a9e8 a9e9 a9e9 a9e9 a9e9 a9e9 aa09 b209 aa09 aa09 b1e9 aa09 aa09 aa09 a9c8 a1c8 a189 a9c9 e510 fe31 f58f f54e ed0e ed0e eccd e40d dbec e3eb dbed db6b d2eb d36b d36c caea ca8a c28a ba6a b24a b20a b22a b209 b1ea c2cc cb2d d38e d38e d36d d34c cb2d cb2d cb2d cb2d c34d bacc b26b c2ec c2ec cb6e d38e d38e d36d d3ce d3cf cb4c cb4d cb6d cb8e cb8d c32d c34d c36e cbae d3ef cbaf d3ce d38e cb2d cb6e d3ef dc30 dc50 d430 d3ef d40f d410 d410 d431 d3ef d40f d450 d430 d42f d430 cbf0 cc32 d451 d451 dc71 dc70 dc90 dcb1 dc91 d40f cbef cbef c3cf cc10 d490 d4d2 d470 d470 d470 d491 d4b1 d491 d430 d471 dcb1 d492 dcb1 d4b2 dc71 d492 d471 d471 d471 d451 d451 d471 d4b2 d4b2 d471 d451 d491 cc92 cc11 cc10 c431 cc51 d4d2 dd73 e5b4 dd52 dd11 d4f1 dd52 dd53 dd94 ddb4 e5f5 e615 e5f4 e5f4 e5d4 ddd4 ddb4 ddb4 ddb5 ddb5 dd94 ddb5 ddd5 ddd5 ddd5 ddd5 ddd5 ddd5 ddf5 ddf6 ddf6 de16 de16 de17 ddf6 de16 de16 e616 de16 e637 e637 e637 e657 e657 e637 dd94 cc50 cc10 cc70 d4f2 d4b0 cbef c3cf cc50 d491 d491 cc31 d471 dd94 e676 d5b4 69a9 4867 5087 5087 50a8 5887 58a7 58a7 58a7 58a7 5908 50a7 5087 5887 58a7 60c8 58a7 58a8 58a8 610a 714a 89cc aace c38f d3ef d3ef d3cf cbaf cbaf cbcf cbef d430 d430 d450 d44f d44f d450 d44f d42f d42f d42f d42f d42f d42f d42f d42f d42f d44f d42f d42f d42f cc2f d42f cc2f d44f cc4f d42f d42f cc2f d42f cc2f d42f d42f d42f 
a1ea a1e9 a20a a1e9 a9e9 a1c8 a1c9 a9e9 a1e9 a1e9 a1c9 a1e9 a9c8 a9e9 b1e9 ba29 c26a d2ca db2b db6b e3cc e40d e42d ec6d ec8d ec8e ecad ecae ec8e ecae ecad ecae ec8d ec6d ec2d e3cc db8c db0b c2aa b24a a1a9 9168 8928 9168 9988 99a9 a1a9 a1c9 a1e9 a9e9 a9e9 aa09 aa09 a9c9 a9e9 aa09 a9e9 b1e9 a9e9 a9e9 a9e8 a9e9 a9e9 a9e9 a9e8 a9e8 a9e9 a9e9 b209 a9e9 a9c8 a1a8 9969 aa09 ed92 f611 f5af f56e f54f ed0d ecce ec6d e40c e40c e40c dbab db8c db2a db8c d30a caca caca c249 b249 b22a a9e9 aa2a baac cb2d cb0d cb0c d34d cb4d cb2c cb2d cb4d cb6e c30c b2ab b2ac baac c2ec cb2d d38e d38d d38e d38e d3ae d38e cb6d cb4d cb6e c32d bacc c30d cb6e d3ae d3ce d3ef cbef cb4e cb4e cb8e d40f d40f d40f dc30 d410 d410 d3cf d3cf d3ef dc91 d452 d3f1 cbf1 cc32 c3d1 c3d2 b392 bbd2 c3f1 cc11 cc31 d42f d42f d40f d410 cc10 cc10 d470 d471 d470 d450 dc90 d471 d450 d451 d450 d471 dc91 d471 dc71 d430 d491 d471 d470 d472 d471 d492 d451 d430 d451 d472 d451 d431 d471 cc71 cc31 cc31 cc51 cc31 c451 d4f2 dd73 dd73 dd52 dd31 dd12 dd11 dd33 ddb4 e5d5 e5f5 e5d4 e5d4 ddb4 ddb3 dd93 dd73 d553 d553 dd94 ddb4 ddb4 ddb5 ddd5 ddd5 ddd5 ddd5 ddd5 ddd5 ddf6 de16 de16 e616 e616 e616 e616 de16 de16 de16 de16 e617 e637 e657 e657 e657 e656 ddd5 cc70 cc30 cc71 d4b1 cc50 c3cf cc10 cc70 cc30 cbae c38e cbf0 d4f2 e635 ee97 abcf 50c8 4867 5067 5087 50a8 58c7 58c8 58a7 58a7 58e8 50a7 50c7 6109 60e8 60e8 60c8 58a7 58a8 58e9 694a 798b 9a6d bb6f cbef d3ef d3cf cbcf cb8e cbaf cbef d42f d450 d44f d44f d44f d44f d44f d42f d42f d42f d40f d42f d42f d42f d42f d450 d44f d42f d42f d42f d42f d44f cc2f cc2f d44f cc4f cc2f d42f d42f d42f cc2f d42f d42f d42e 
a1e9 a1e9 a1e9 a1e9 aa09 aa09 a9e9 a9e9 a1e9 a1e9 a9e9 a9e9 a9e9 b209 b209 ba29 c26a caca db0b db6b e3cc e40d e42d ec6e ec8d ecae ecae ecae ecae ecae ecae ecae ec8d ec4d ec2d e3ec e3ac d32b c2cb aa29 a1c9 9148 8927 9148 9168 9988 99a9 a1e9 a1e9 a1c9 a9c9 a9e9 a9e9 a9c9 a9e9 a9e9 a9c9 a9e9 a9e9 aa09 b209 a9e9 aa09 a9e9 a9e8 a9e9 a9e9 a9e9 a9e9 a9c8 a1c8 a188 9949 aa29 edb2 fe31 f5d0 f5f0 f54e ed50 ed2f ec6c e4ae e44c e42d e3eb db6b db4b e3ac db6b d34b caaa ba4a ba09 a9a9 a9e9 c2ec d34c d34d cb2d c2ec caec cb2d c30d cb2d cb4d baec b2ac baec c2cc c30d d38e d36d cb4d cb4d d38e d3ae d36d cb4d cb8e c30d baed bacd c30d cb4d d3cf d3ef d3cf cb6d cb4d cb0d d38e dbef d450 d450 d410 d3ef d3f0 d3f0 cbb0 cbd1 c3b1 c3d1 c412 c413 c433 bc33 b3f2 b3d2 a371 ab51 ab4f ab50 a2ee 9a6d a24b c38e d491 d430 d430 dc70 dc70 dc50 d450 d44f d430 d450 d471 d430 d430 dc50 dc70 dc91 d450 d40f d470 d451 d451 d451 d471 d471 d451 d431 d471 cc72 cbf0 cbef cc51 c411 c3f0 cc71 d533 dd93 dd72 dd52 dcd0 d4f2 dd53 dd94 dd74 ddb3 e615 e615 e5f4 ddb4 dd93 dd93 d573 d573 d573 d594 d594 ddb5 ddb5 ddd5 ddd5 ddd5 ddd5 ddf5 ddf5 ddf6 ddf6 de16 de16 e616 e616 e616 e616 e617 de16 de16 e616 de36 e637 e657 e657 e657 e677 e636 ccb1 c410 cc91 d490 cc0f c3ef cbee c3ad b2ec aa8b aaac bb4e d492 e5d5 eeb7 d5f5 7189 4867 4867 5067 50a8 50a8 58e8 60e8 60a8 58c8 58e8 58c8 58c8 6108 6949 60c8 60c8 58a8 58c8 60c9 712a 920c b30e cbcf d3ef d3cf d3cf cbaf cbae cbef d42f d42f d44f d44f d42f d44f d44f d42f d42f d42f d42f d42f d42f d42f d40f d42f d42f d44f d42f d42f d42f d42f d42f cc2f d42e d42f d44f cc2f d42f d42f d42f cc2f d42f d42f cc0f 
a9e9 a9e9 aa09 a9e9 aa09 a1e9 a9e9 a9e9 a1e9 a1e9 a9e9 aa09 aa09 b229 b229 c229 ca69 d2ca db0a db6b e3ab e40c e44d ec6d ec8e ecae ecae ec8e ecae ecae ec8e ecae ec8d ec6d ec2d e3ec db8c d32b c2aa aa09 a1a8 9168 8927 8928 9168 9988 99a9 99c9 a1e9 a209 a9e9 a9e9 aa09 a9e9 a9e9 a9c9 a1c9 a9e9 a9e9 a9e9 a9e9 a9e9 a9e9 a9e9 a9e9 aa09 a9e8 a9e9 a9e8 a9c8 a1a8 9988 9949 aa29 edd2 fe53 fdf0 f56f f5af f56f ecce ecce ec2c e48e e42c e3cc dc0d db8b e3ac e3cc db6b d2ea c28a b1e9 a9c9 c28b cb0c caec cb2c cb2c cb2d c2ec c30d cb6e cb4c b2ac b28b bb0d c2ec c30d d3ae d38d d36d d34d d34d d36d d36d cb6d c32d bacc c2ed c32e cb4e c32e cb4e d3ae d3ef cb6e cb2d c34e cb6f d38e dbcf d40f d40f d3ef c34e bb0e aace a2ae aace a2ae a2ae a2ce aaef b32f c3b0 cbd0 c36f aaef bbd1 cbaf c3cf b38f 9acf 89cc aaad d450 d430 d430 d450 dc50 d450 d430 d430 cbf0 c3f1 cc11 d431 d450 d430 d451 d471 d471 d410 d3ef cbf0 c411 c390 bb8f cc52 d431 d452 cbf0 cc30 cc11 c3af cbf0 cc51 d4f2 dd72 e592 dd52 dcb0 dcf2 dd12 dd74 dd94 e5d5 e5d5 e5b4 e5f5 e5f4 ddb4 dd93 dd94 dd94 ddb4 dd94 dd94 ddb4 ddb5 ddd5 ddd6 ddd6 ddd6 ddd5 ddf5 ddf5 ddf5 ddf6 de16 ddf6 de16 e616 e617 e616 e616 e616 de17 de16 e637 e637 e637 e657 e657 e657 e637 d533 cc50 cc71 cc4f c3ef bbad b2eb a209 9a2a 9a0a a22b b32e c411 dd74 ee97 ee97 abef 50a7 4847 4847 5067 5087 58a8 58a7 60a8 5887 58a7 58a8 5887 58a7 60e8 6908 60c8 58c8 60e9 60c9 690a 81ab aace c38f d3ef d3ef cbae cbaf cbae cbcf d40f d42f d44f d44f d44f d44f d44f d42f d44f d42f d42f d42f d40f d42f d42f d42f cc2f d42f d42f d42f d42f d42f d42f d42f cc2f d42e d42f cc2f cc2f cc2f cc2f cc0f cc2f cc2f cc2f cc0f 
aa09 a9e9 aa09 a9e9 aa09 a1c9 a9e9 aa09 aa09 a209 a9e9 aa09 b209 b229 ba09 c229 c269 caaa db2b db6b e3ab e40d e42d ec8d ecae ec8e ecad ecae ecae ecae ecae ecad ecad ec6d ec4d e3ec db8c d32b c2aa b209 a1a8 9148 8907 8928 9168 99a9 99a9 99c9 a1c9 aa09 aa09 a9e9 a9e9 a9e9 a9e8 a9e9 a9e9 a9e9 a9e9 a9e9 a9e9 a9e9 a9e9 a9c9 a9e9 aa09 b1e8 b1e8 a9c8 a9c8 a1c8 9988 9149 a9e9 edb1 f653 f5f1 f5f0 f58f f570 ed2e ec6c e46d ec8c e40c e42b e3eb e3eb e3ec e3ab e3ec db2b c26a ba6a ba6b c2ab caeb c2cb c2ec c2ec caec cb0d cb4d c34d b28b b26b bacc c2cc cb2d d36d d36d d36d d36e cb2c d34d cb6d cb4d c32d bacc baed c2ec cb2d cb6e cbaf cb8e cb2d cb2d c32e cb4d d3ef d3f0 d3cf d3af d38e c32e aa8e 9a2d a2cf ab30 b32f b30f aa8d a26d 9a4d 9a2c 9a4d 9a4c b2cd aa6d a2af bbb0 cc11 d451 d431 c3f0 a310 9a8e a30f aaef b32f bb8f c3b0 cbaf d410 d451 cbf0 bbd0 bbf1 bc12 bb90 b32f c3f0 cc11 cbd1 d432 c413 ab30 a310 926e 796b 926d b370 cc31 c412 c38f c3d0 cc10 d491 dd52 dd73 dd11 dcd0 d4b0 d513 dd94 ddd5 e5f6 e5d5 e5f5 e5d4 e5b4 e5d4 ddd4 ddb4 dd94 dd94 ddb4 ddd4 ddb5 ddb5 ddd5 ddb5 ddd6 ddd6 ddf6 ddf6 ddf6 ddf6 ddf6 ddf6 ddf6 e616 e5f6 e617 e636 e616 de16 e616 e616 e616 e616 e637 e637 e657 e677 e677 e636 dd53 d491 cc50 c3ee bb6c aa8a 91e9 91a8 9189 99ea a24b b2ed cc52 dd75 ee57 eeb7 d593 7188 4847 4846 4846 5066 5887 58a7 58a7 58c8 5887 5887 5887 58a7 60c7 60c7 60c8 58a8 58a8 58c9 60e9 794a 9a6d bb4f cbcf d3ef d3ef cbaf cbaf cbcf cc0f d42f d450 d44f d44f d42f d450 d44f d44f d44f d42f d42f d42f d42f cc2f d42f d42f d42f d42f d44f d42f cc2f cc2f d42f cc2f d42f cc2f cc2f cc2f d42f cc2f cc2f cc0f cc0f cc2e cc2e cc0f 
aa0a aa09 a9e9 a9e9 aa0a a1e9 a1e9 a1e9 a209 aa09 aa09 a9e9 b1e9 ba09 ba09 c229 c26a d2ca db2b e38b e3cb e40c ec2d ec8d ecae ecae ecae ecae ecce ecae ecae ecad ecae ec6d ec4d e40d e38c db2a caaa b229 99a8 9147 8127 8948 9168 9988 99a8 99c9 a1e9 a9e9 a9e9 a9e9 a9e9 a9e9 aa09 aa09 a9e9 a9e9 a9e9 b209 b1e9 b1e9 b1e9 a9e9 aa09 b1e8 b1e9 b1c8 a9c8 a9c8 a1a8 9988 9928 a9e9 ed91 f674 f611 f590 f5d1 f5b0 ed2e ed0d ec8d e46d e44c dbab dbec e3ab dbac e42c e38a db2a cacb c28a c2ab baac c2ab c28b c2cc c2ec c2ec cb2d bb0d aa6b aa8c baac c2ed cb4d d36d d36d d34d cb4d cb4d cb2d cb0c c32c bacc b2ac c2ec cb2d c32d cb2d cb4e cb8e cbae c30d c2ed cb6e d3af d3af d3cf d3cf cbd0 c30f aa4d a28e b32f c36f cb90 c32e c30e bace b2ae aa8d a26d 9a4d 89cc 818c 796b 92b0 bc33 d493 dc72 dc72 d452 c3b1 a331 9b32 9ad1 92d1 92f1 9ad1 928f 9a8e ab2e bb6f c390 cbd1 c412 b3d2 a310 9aaf a2ef 9a6e 9a8d 9b30 822d 8a6e 9aef 79ee 58a9 718a bbd1 c432 c3d1 cc31 dd33 dd73 dcd0 d490 d470 d4b1 dd13 dd94 e593 e5f4 e5f5 e5f5 e5d4 ddb4 ddb4 ddd5 ddd5 ddd5 ddd5 ddb5 ddd5 d5b4 d5b5 ddd5 ddd5 ddd5 ddd6 ddf6 ddf6 ddf6 ddf6 ddf6 e616 de16 ddf6 e616 e616 e637 e616 e616 e616 e616 e616 e617 e616 e636 e657 e657 e656 e615 dd52 cc6f cc0e bb4c a249 91a9 91a8 91c9 9a0a 99ea aa4b b2ed cbf0 dd74 ee57 eeb6 de15 92ab 5066 4847 4887 5087 5867 58a7 58a7 5887 58c7 5887 5887 5886 58a7 60c7 60c8 60e8 58c8 58a8 60c9 714a 8a0c b30e cbaf d3ef d3cf cbcf cbaf cbaf cbef d42f d450 d470 d450 d44f d42f d42f d44f d44f d42f d44f d42f d42f d42f cc2f d42f cc2f cc2f cc2f cc2f cc0f cc2f cc2f cc2f cc0f d42e cc0f cc2f cc2f cc0f cc2f cc2f cc0f cc0f cc0e cc2f cc0e 
aa09 aa09 aa09 a9e9 aa0a a209 a20a a209 a9e9 aa09 aa2a aa09 aa09 b209 ba29 c24a ca8a daca db2b e36b e3cc e3ec ec4c ec6d ec8e ecae ec8e ecae ecce ecae ecae ecae ec8e ec6d ec4c ebed e38b db2a c2aa b229 99a8 9148 8927 9148 9168 9968 9988 a1c9 a1e9 a1e9 a9e9 a9e9 a9e9 a9e9 aa09 aa09 a9e9 a9c8 aa09 aa29 a9e9 b209 b1e9 a9e9 b1e9 b1e9 b1e8 b1e8 a9e8 a9c8 a1a8 9988 9948 a1c9 e551 f653 f611 fdf1 fd8f f590 f5af f52e ecee eccd e40c dbcb db6a d32a dbcc e3ab e40c db8a caaa ba6a ba6a c2ab c2ab ba8b ba8b c2ec c30c baac aa4b b28c bacc c2ec cb4d d36d d36d d34d cb4c cb2d cb4d cb4d bacc b2ac baec c30d c2ec cb2d cb4d cb2d c34d c34d c30c c30d cb6e cb8e d36d d3af d3cf cb8f bb0e b2cf b350 c3b0 cb8f c34f baee a26d a26d a26d 9a6d 89eb 81ab 818a 798b 796b 690a 8a90 abf4 c433 d452 d453 c413 ab53 a353 a352 a312 9b11 9b12 92d1 824f 79ee 71ad 822e 8a4e 820d 820d 8a2d 81ec 81cc 798b 716b 58c9 58e9 610a 58c9 694a 614a 4868 50a9 92ce cc52 dd33 dd33 dcd1 d44f d450 d471 d513 dd74 ddd5 ddb4 e5b4 e5d5 e5d5 ddd5 ddb4 ddb4 ddb5 ddd5 ddd5 ddd5 ddb5 ddb5 ddd5 d5b5 ddb5 ddb5 ddd5 ddd5 ddd6 ddf6 ddf6 ddf6 ddf6 ddf6 e616 ddf6 ddf6 e616 e636 e637 e616 e616 e617 e617 e637 e616 e637 e636 e636 e5d4 dd31 cc4f c38d b2eb a229 91c8 8988 91a8 99e9 99c9 a20a a22b b30e cc31 dd33 e615 ee76 e635 a34c 58a7 4867 4846 5086 58a7 58a7 58a7 58a7 58a7 58a7 5866 5866 5866 60a7 60c7 60c7 58a7 50a8 50a8 60e9 81cb a2cd c38f cbcf d3ef cbcf cbaf cbaf cbcf d410 d450 d470 d470 d450 d44f d450 d42f d450 d44f d42f d44f d42f d42f d42f d42f d42f cc2f d42f d42f d42f d42f cc2f cc2f d42f cc0f cc0f cc0f cc2f cc2f cc2f cc0f cc2f cc2f cc0f cc2e cc2e cc0e 
aa09 aa09 aa09 aa0a aa09 a209 a209 a209 a209 aa09 aa0a aa09 b229 ba09 c229 c249 d28a d2ca db4b e38b e3ec e40c ec4d ec8d ecae ecae ecad ecae ecce ecae ecae ecae ecae ec6e ec4c e3ed e38b db2b caaa b229 99a9 9148 8928 8928 9168 9988 9988 a1c9 a1e9 a1e9 a9e9 a9c9 a1e9 a9e9 aa09 aa09 aa09 a9c8 aa09 aa09 a9e8 a9e9 a9e9 b1e9 a9e9 b1e8 b1e8 b9c8 a9e8 a9c8 a9c8 a188 9968 a189 e4ae f674 fe31 f5af f5d0 f58f f570 f5b0 f52e ecac e44b db4a d32a d2e9 d30a dbec e3ca caea b24a b22a ba4a ba6b c2cb c2cc c2cb c2cb b26b a22b b28c baac c2ed cb6d cb4d d32c cb2c cb2c cb4d cb6d c30d bacc baed c2ec c30d c30d cb0d cb4d cb4d c32d baec c2ec cb0d cb6e d3ae d38e cb4e cb6e cb4e b2ce aa8e b30f cb8f cbb0 bb2f aa8e 9a2d 9a2d a26d 9a4d 920c 91eb 920c 920d 818c 796d 79ae 8ad2 9b73 b392 bbb2 b3b3 abb4 9b73 9b32 8a4f 79cd 718c 718d 698d 614c 71ee 82b1 82b1 698c 612b 71ad 694b 60ea 60e9 58c8 58e9 5088 50a8 50a8 50a8 4887 4888 48a9 69ac a3d1 d553 dd12 cc30 cc30 d491 d534 dd75 ddb4 e5f4 e5f5 e5d4 e5b4 e5f5 ddd5 ddb4 ddb5 ddb5 ddd4 ddd5 ddd5 ddd5 ddb5 ddb4 ddb4 d5b5 ddd5 ddd5 ddd5 ddf5 ddf5 ddf6 ddf6 ddf6 de16 ddf6 ddf6 ddf5 e5f5 e616 e637 e636 e616 e637 e637 e637 e617 e5f5 ddd4 dd11 cc2e bb6c aacb a26a 9a09 99e9 91a8 91a8 91a8 99c9 99e9 99ea aa8c bb6f cc71 dd53 e5d4 ee56 e676 b3ee 6108 5087 4867 5087 50a7 58a7 58a7 58a7 58a7 58a7 58a7 5087 60a7 60a7 60c7 60c7 58a7 5087 5067 58a8 712a 9a8d bb4e cbcf cbcf cbcf cbaf cb8e cbaf cc10 d450 d450 d450 d450 d44f d450 d450 d44f d44f d44f d44f d44f d42f d450 d42f cc2f cc2f d42f cc2f d40f cc0f cc0f cc2f cc2f cc2f cc2f cc2f cc2f cc2f cc0f cc2f cc0f cc2f cc2f cc2f cc2f d40f d40e 
a9e9 a9e9 aa09 aa2a aa29 aa29 aa09 a9e9 aa09 a1e9 aa09 b209 b209 ba29 c229 ca29 ca69 d2ca db6b e38b e3cb ec2c ec4d ec8d ecae ecae ecad ecae ecae ecae ecae ecae ecae ec6d ec4d e40c e3ac db2b caaa b229 9988 9148 8927 8948 9168 9988 9989 a1c9 a1e9 a1e9 a1c9 aa09 aa0a a9e9 a9e9 a9e9 a9e9 a9e9 aa09 b209 b1e9 a9e9 a9e9 b1e9 a9e9 b209 b1e9 b208 a9e8 a9e8 a9c8 a1a8 9968 9969 cb8a f674 fe11 fe11 fdaf f5b1 f611 f58f f56f ecac e3eb db6a d2e9 ca89 d32a db2a d30b baab b26b b26b ba6b ba6a ba8b c2eb baec aa2a a24b aa6b ba8b c2ed d34d d34d cb4d cb2d cb2d cb2c cb2d c30c ba8b c30c cb0d cb0c cb2d c32e c30d cb2d cb4d c30d c2ec c30d cb6e d36e d36e d34e cb6e c32e aa4d a26e bb2f c36f cb6f bb0f a2cf 9a6e aaae b30f b2ad a24d 9a4e ab10 aaf0 a2d1 8a2f 79ad 79ce 8290 8a71 8a2e 92b0 9b72 9b31 8a2f 79cd 79ee 694c 612b 60eb 698d 8270 8290 720d 698c 612b 612b 71ce 696c 58a9 5088 4887 4867 4847 5089 50ea 4088 512b 720e 92ee bc92 d512 cc50 c3f0 cc11 d514 ddd5 e5f6 e616 e5f5 e5f5 e5d5 ddd5 ddb4 ddd4 ddb4 ddb4 ddb4 ddb4 ddd4 ddd4 ddd5 ddd5 ddb4 ddb4 d5b4 d5b5 ddd5 ddd5 ddd5 ddf6 ddf5 ddf6 ddf6 ddf5 ddf6 ddf5 ddf6 ddb4 e5d5 e637 e636 e616 e636 e637 e616 ddd4 d4f1 c3ed b32b a269 9a09 91e9 91c9 99e9 91e9 99e9 99c8 99c9 99c9 a22a aa8c b2ed c3cf dcd2 dd53 e5b4 ee14 e614 b42f 6928 50c8 50a8 5067 5887 58a7 60a7 60a7 60a7 58c8 58c7 58c8 5087 5887 60a7 68c8 60a7 5887 5088 4867 58c9 81ab ab0e c3af cbef cbcf cbaf cbaf cbaf cbef d430 d450 d470 d450 d450 d470 d44f d44f d450 d44f d44f d44f d450 d44f d42f d44f cc50 cc30 cc30 cc30 cc2f cc0f cc0f cc0f cc0f cc0f cc2f cc2f cc2f cc2f cc2f cc2f cc0f cc0f cc0e cc0f cc0f cc2e d40e 
aa09 aa09 aa09 aa2a aa4a aa29 aa09 a9e9 a9e9 a9e9 aa09 b229 b229 ba29 c229 ca49 d289 d2ca db2a db8b e3cb e42c ec6d ecad ecad ecae ecae ecae ecae ecae ecae ecae ecae ec8d ec2d e40d e3ac db2b caca aa09 9988 9148 8927 8948 9188 9988 99a9 a1c9 a1e9 a20a a9e9 a9e9 aa09 a9e9 a9e9 a9e8 a9e9 aa09 aa09 b209 a9e9 a9e9 aa09 b1e9 b1e9 b209 b1e8 b1e9 a9e8 a9c8 a9c8 a9a8 9968 9949 b249 edf2 f652 fdf0 f5f1 fdf0 f5b0 fdd0 f58f eccd ec4b d30a ca8a c249 c2aa cb4c cb4b c32c c2ab ba8b c2ac b28b b2ac b2ab b26b aa4b b28b baac c2ec cb4d d34d d32d cb2d cb2d cb4d c32c baec b28b bacc c2ec cb0d cb2d cb4d cb4d c32d c30d c2ec c2ec c30d cb6d d36e cb4d cb4d cb4e c30e aa6d aaae b30f c30e c32e baee a2af 9a6e aacf bb0f b2ae aa8f a24f 9a8f a2cf 8a2e 820e 716c 712b 796c 718c 718d 79ad 8ab0 8ab0 8a90 8250 79ce 79ce 716d 79cf 7a0f 824f 7a0d 71ad 71ad 698c 614b 614b 69ed 694b 58e9 50a8 4887 4867 4046 4047 4088 50e9 82ae bcb2 d4d1 d44f cbce c3f0 cc93 d513 ddb4 e5d4 e5f5 e5f5 e5d5 e5d5 e5d5 ddb5 ddb4 ddb4 ddb5 ddb5 ddb4 ddb4 ddd5 ddd5 ddd5 ddb5 ddb5 ddb5 d5b5 ddb5 ddd5 ddb5 ddd5 ddf5 ddd5 ddd5 ddd6 ddf6 ddf6 de16 e616 e5f5 e616 e637 e636 e636 e5f4 d511 bbad aacb a24a 91e9 91c9 91c9 91a9 91a9 99e9 9a09 99e9 99e9 a20a a22b aa6c b32e c3d0 d471 e512 ed93 edd3 dd51 b3ac 8a29 60e7 5066 5067 5067 5887 58a7 60a8 58a7 60a7 5887 58a7 58a7 58c8 58a7 60c7 60c7 68e8 58a7 5087 4868 5088 712a 9a8d bb6f cbef cbcf cbaf cbaf cbaf cbef d430 d450 d470 d470 d46f d470 d450 d44f d450 d470 d450 d450 d44f d450 d44f cc4f cc50 d450 cc2f cc2f cc30 cc2f cc30 cc2f cc2f cc2f cc0f cc0f cc0f cc2f cc2f cc2f cc2f cc0f cc0f cc0f cc0e cc0f cc0e d40f 
aa0a aa09 aa2a aa2a aa29 aa29 aa09 aa09 a9e9 a9c9 a9e9 b209 ba29 ba29 c229 c249 ca89 daea db2a e38b e3cc e40c ec6d ec8d ecae ecae ecad ecae ecad ecae ecae ecae ec8e ec6d ec4d ec0c e3ab db2b c2aa b209 a1a8 9148 8928 8968 9168 9968 a1a8 a9c9 a1e9 a1e9 a9c9 a9e9 aa09 aa09 a9e9 aa09 a9e9 a9e9 aa09 b209 aa09 a9e9 a9e9 aa09 b1e9 b1e9 b1e8 b1e8 a9e8 a9c8 a9c8 a1c8 9988 9948 a9c8 ed6f f653 fe31 fdf0 f5f1 fdf0 fdaf f5b1 eccc e40b db6b ca8a c22a cb2c dc0e d34d d38c cb4d c28b c2ec bacb b28b aa2a aa2a b28c baac caec cb2d d32d d36d cb4d cb4d c32d c30d baac bacc c2cc c2ec c2ec cb2d c32d c34e c30d c32d c2ec c2cc cb0d cb4d cb6e d34d cb4e c2ed c2cd aa6d aace bb2f c34e c32e c30e b28f 9a4f a2f0 ab11 a2b0 9ab0 928f 81cc 716a 714a 60e9 610a 60ea 60c9 60c9 690a 714c 820f 8250 82b1 8b33 824f 8a71 820f 8a70 9312 822f 822e 8ad1 79ed 612a 610b 58ca 590a 7a70 698c 5088 4888 4887 4868 4047 4088 61ab 9b90 c4b2 d4d0 c36d bb0d c3f0 d534 ddb5 dd73 dd93 dd73 dd93 ddb4 ddb5 ddd5 ddd5 ddb4 ddb4 ddb4 ddb4 dd94 dd94 dd94 ddb4 ddb4 ddb5 ddb4 ddb5 ddb4 d5b4 d5b4 ddb5 ddb5 ddd5 ddd5 ddd5 ddd6 ddf6 ddf6 e616 e616 e5f6 e5f6 e636 e636 e615 d572 bbae 9a6a 91e9 91e9 9a09 91c9 99c9 99c9 91a8 91c9 99e9 a20a a24b aa8c aacd bb2e c3cf d471 dcf2 e573 edd4 edf4 d532 8a29 58a7 5087 5067 5067 5867 5887 58a7 60c8 60a7 60a7 5887 5887 58a7 5887 58a7 60a7 60a7 68e7 60e8 58c8 5088 50a9 60e9 89ec b32e c3af d3cf cbce cbaf c3af cbcf cc10 d450 d470 d470 d46f d46f d46f d470 d450 d450 d450 d450 d450 d450 d450 d450 cc50 d450 d450 d42f cc50 cc30 cc50 cc2f cc30 cc2f cc2f cc2f cc0f cc0f cc2f cc0f cc2f cc2f cc0f cc0f cc0f cc2f cc30 cc0f cc2f 
b22a aa2a aa2a b22a b229 aa2a aa09 a9e9 a9e9 a9e9 a9e9 b1e9 ba29 ba29 c229 c249 ca89 d2ea db2a e38b e3cc e40c e46d ec8e ec8d ecae ec8d ec8e ecae ecce ec8e ecad ecae ec6d ec4d e40c e3ab db2b caca b209 a1a8 9168 8948 8948 9148 9988 99a8 a1c9 a1c8 a1c9 a9c9 a9e9 a9e9 a9e8 a9e9 a9e9 a9e9 a9e9 a9e9 aa09 a9e9 a9c8 a9c9 b1e9 b209 a9e8 a9c8 a9c8 a9c8 a9c8 a9e8 a9e8 99c8 9968 9969 d3ec f674 fdd0 f5f1 f5f0 f5b0 fdf0 f5cf eccd e3eb db2a d2ea d32c d38c db8d d3cd cb0c d38c cb2d c2cc b24a aa2a aa4b b26b c2ab cb0c cb0c d32c cb2d cb4d cb2d cb4d bacd ba8b bacd c2ed c2cc c2ec cb2d cb0d c32d c32e c30d c2cc c2ec cb4d d36e cb4d d34d d32e cb0d b28d a22d aaef bb0e c32e c34e c2ee bacf a24e 8a2e 8a6f 81ed 798c 79ac 79ad 716c 718c 692a 60c9 60c9 60e9 60ea 68ea 714c 8250 8a70 8ab1 8b32 822e 79ee 716c 692b 822e 822f 7a0f 8ad0 8a4f 696c 69ad 71ad 58eb 50a8 7ad0 698c 4047 4047 4047 4088 616c 8acf bc91 d4f1 cbce b30d b30e cc31 dd53 e5d4 e5b3 dd73 dd53 dd53 d553 d574 ddb5 ddb5 ddb5 dd94 dd94 dd94 ddb4 dd93 d553 d594 ddb4 ddb4 ddb4 dd94 dd94 dd94 ddb5 ddd5 ddb5 ddd5 ddd6 ddd5 ddd5 ddd6 ddf5 ddf6 ddf6 ddd5 ddf5 ddd5 d553 c470 bc30 ab8f a2ed 9a0a 99e9 99e9 a1e9 99c9 91c9 99c9 99ea a20a aa6c b30d c34e cbce d40f dc2f dc90 e511 ed72 e5b3 e5f4 cd11 8a2a 5087 5087 5887 5887 5887 5887 58a7 60c8 60a7 60c7 60a7 5867 5887 5087 5887 58a7 60c7 68e7 6908 6109 58e9 50c9 58e9 798b a2ad c38f cbcf cbcf cbcf c3af cbaf cc0f d450 d490 d490 d490 d490 d470 d46f d470 d450 d470 d450 d450 d44f d470 cc4f cc4f d430 d44f cc50 cc50 cc50 cc50 cc50 cc2f cc30 cc2f cc2f cc2f cc2f cc2f cc2f cc2f cc2f cc2f cc2f cc2f cc0f cc0f cc10 cc0f cc0f 
b22a aa2a b22a b24a b209 aa2a a9e9 a9e9 a9e9 a9e9 b209 b1e9 b209 ba09 ba29 c229 ca8a d2ca db2a db8b e3cc e40d e44d ec6e ec8e ecae ecae ecae ecae ec8e ecad ecae ec8e ec6d ec4d e40c e3ab db2a caaa b229 a1a8 9168 8128 8928 9168 9188 99c9 a1a9 a1c9 a1e9 a9e9 a1e9 a209 a9e8 a9e9 a9e8 a9e9 a9e9 aa09 aa09 aa09 a9e9 a9e9 a9e9 aa09 a9e9 b1e9 b1e8 a9e9 a9e9 aa09 a9e8 a1c8 9968 9948 b2a9 edf2 fe54 fdf0 f5d1 f5d0 f56f f5d0 eced e42c dbcb db0a d2eb cb2d d38e d38c d3ee d38d cb2c baac aa0a aa4b b28c ba6b c2ec cb2d cb0c cb2d cb2d cb4d c2ec baec b28c bacc c2ed c2ec c2ec c2ec cb2d cb4d c30d baed c2ac c2cc cb4e d38e cb4d cb2d cb4d cb0d c30e aa2d 9a2d c34f c32f c32e c2ce aa6d 9a2e 81ad 714c 714b 714c 79ad 820e 79ce 714b 694b 60e9 60a8 60a9 60a9 6089 714c 8a70 9312 8a90 8af1 822e 696b 60c9 58a9 60a9 79cd 8270 71cd 79ac 820e 7a2f 71ad 612b 4889 48a8 7ab0 590a 4067 3847 4088 69ab abb0 ccd1 d44f c38d b30d bbd0 ccf3 dd52 e593 e5b3 dd52 dd32 d532 d533 d553 d594 ddb5 dd94 dd94 dd94 dd94 dd93 dd73 dd73 d574 dd94 dd94 dd94 dd95 dd94 dd94 ddb5 ddb5 ddb5 ddb5 ddd5 ddd6 ddd5 ddd6 ddf6 ddf5 ddf6 ddf5 ddb4 ccf1 b3ef a2ed 8a4c a350 ab90 ab4f aaac a22a a209 a20a a1ea a24b aaac b30d c34d cbee d42f dc2f dc6f e48f e4b0 e4f1 e532 e5b3 e5d3 bc2e 79c8 5887 5067 58a7 58a7 58a7 58a7 60c8 60e8 60c8 60c7 60c8 5887 5887 5887 5087 5886 6087 60e8 6908 60e8 6109 592a 58e9 694a 924c bb4e cbcf cbcf cbce cbcf c3af cbcf d44f d470 d490 d470 d470 d470 d470 d470 d470 d470 d470 d450 d470 d44f d450 cc4f d44f d44f cc50 cc50 cc50 cc50 cc50 cc30 cc2f cc30 cc2f cc2f cc2f cc2f cc2f cc2f cc2f cc2f cc2f cc2f cc2f cc2f cc0f cc0f cc0f cbef 
b24a b22a b22a b24a aa2a aa2a aa29 b22a b20a a9e9 b209 aa09 b1e9 ba09 ba09 c249 ca89 d2ca db4b db8b e3cc e40c e44d ec6d ec8e ec8d ec8e ec8e ec8d ec8d ec8e ec8e ec8d ec6d ec4d e3ec e3ab db4b caca b24a 99a9 9168 8948 8948 9168 9188 9988 a1a8 a1c8 a1c9 a1e9 a9c9 a9e9 a9e9 a9e9 a9e9 a9c9 a9e9 aa09 a9e9 aa09 a9e9 aa09 a9e9 a9e9 aa09 b1e8 b1e8 b209 aa09 aa09 a9e8 a1c8 a1a8 9948 a189 dc8d fe54 f611 f5d0 f590 f5b0 f56f f56f eccd e3ec d3ac c2cb cb2c dbcd d36d d36b d3ce baac aa2a aa0a ba8b c2ac cb0d cb4d cb2c cb2d cb2c cb2d c30d b26b aa8c bacd c2cc c30d c2ec caec c2ec c30c c30d c2ed bacc c2ad cb2d cb4e cb2d d32d cb4d d34d cb4e c34f aa6d a24d c34f c30e aa6d 920d 798c 692b 60ea 692b 79ee 822f 79ed 692a 60e9 60c9 58e9 60c9 5888 60c9 58a9 60ca 8a70 9b32 9af0 92b0 822d 690a 58a8 5068 58a9 71ad 8af2 79ee 694c 79ce 8290 71ac 5088 4868 4068 592b 7ab0 69ef 48a9 592a 8ace bc50 d4b0 c3ad bb2d c3af cc92 dd95 e5b4 e593 dd93 dd53 d533 d533 d533 d554 d574 d574 d573 dd73 dd74 d593 dd94 dd73 d573 dd73 dd73 d574 d594 dd94 ddb4 ddb4 dd94 dd94 d5b5 ddb5 ddd5 ddd5 ddd5 ddd5 ddf6 ddf6 ddd4 d572 bc70 a34d 81eb 822c 92ae 928e 9b2f abb1 b3b0 bb4e b32e bb0c c34d cb6d cbce dc0e dc4e e46e e46e e48e e46f e46e e48f e4d0 e532 edb3 dd92 a30b 60c7 5067 5067 5867 5887 58a7 58a7 60e8 60e7 60c8 60a7 60c7 60c7 5887 58c8 5887 5067 5867 60a7 68e7 68e8 60e8 58c8 58c9 60c9 81cb aaee c38f d3cf cbce cbcf cb8e cb8e d42f d46f d490 d490 d470 d490 d470 d490 d48f d490 d470 d470 d470 d470 d470 d450 d46f d450 d450 cc50 cc50 cc30 d450 cc4f cc30 cc2f cc0f cc30 cc2f cc2f cc2f cc2f cc2f cc2f cc2f cc2f cc2f cc2f cc2f cc0f cc0f cc0f cc0f 
b26b b24a b20a b24a aa2a aa2a aa0a b22a b20a a9e9 aa09 aa09 b209 ba09 ba09 c249 ca69 d2ca db2b db8b e3cc e3ec e44d ec6d ec8e ecad ec8e ec8e ecae ecad ec8e ec8d ecae ec6e ec4d e40c e3ab db4b caca b249 99c8 9168 8928 8948 9168 9188 9988 a1a8 a1c9 a1c9 a1e9 a9e9 a9e9 a9e9 a9e9 aa09 a9e9 b209 aa09 aa09 aa09 a9e9 aa09 a9e9 a9e9 a9e9 a9e8 b1e8 b209 aa09 b209 aa09 a1e9 a1a8 9968 9949 c2ea f654 f612 f5d1 f5af f56f f5d1 f58f ed0e e4ce dc0d d40e cb4c d36c dc0e cb0b caeb b26a b26a b26c c28b caed d32d cb4d cb2d cb2d c30c baac b24b b26b bacc c2ec c2ec c30c c30d cb0d c2ec bacc c2cc baac b2ad bb0e c32e bb0e c2ed caec cb2d d34e d38f cb6f b28e 9a0c bb0e a24c 796b 692b 610a 690a 79ad 820e 71ac 692a 58c8 50a8 58a8 60c9 60c9 5888 5888 58a9 58a9 71ad 9312 8a6f 924d 81cc 60e9 58a9 60ca 60ea 79ee 9333 824f 694c 71ce 79ee 614b 50a8 4888 4889 4868 61ee 722e 69ad 7a0d ab8f ccb0 cbee c34d bb2d c3f0 d513 ddb4 e5d5 ddb3 dd73 dd73 d553 d533 d533 d533 d553 d574 d553 d553 d553 d553 d553 d573 d553 d553 dd53 dd73 dd74 dd74 dd94 dd94 ddb4 dd94 ddb4 ddb5 ddd5 ddd5 ddd6 ddf5 ddf5 ddd4 cd11 b3cd 822a 79aa 8a6d 822c 8a0c 928d 928d 9a8d ab91 b3b1 cbf0 d430 dc2e e42e e42e e46e e46e e46e e46e e46f e48f e4b0 e490 ecf1 ed72 edd3 d552 9aab 58a7 5067 5047 5867 5887 58a7 60c7 60e7 60e8 60e8 60c7 60a7 60a7 60a7 5887 58a7 58a7 58a7 60a7 60a7 60e7 60a7 5087 50a8 58c8 714a 9a8d bb6f cbcf cbce cbce c3cf c38e cbcf d44f d490 d490 d470 d470 d490 d490 d490 d490 d490 d46f d470 d470 d46f d470 d470 d470 cc50 d450 cc50 cc50 d450 d450 cc4f cc30 cc50 cc2f cc2f cc2f cc2f cc0f cc2f cc2f cc2f cc2f cc2f cc2f cc2f cc2f cc0f cc0f cc0f cbef 
b24a b24a b24a aa2a aa2a aa29 b22a b22a aa0a aa09 aa09 b209 b209 b208 ba29 ba49 ca69 d2ca db0b e38b e3ac e40c ec4c ec6d ecae ecad ecae ec8d ecae ecae ecae ecae ec8e ec8d ec4d ec0c e38b db2b caca b249 99c8 9168 8907 8948 9168 99a8 9989 a1c9 a1c9 a1e9 a1c9 a9e9 a1c9 a9e9 a9e9 aa09 a9e9 a9e9 aa09 a9e9 aa09 a9e9 a9e9 a9e9 aa09 a9e9 a9e9 a9e9 b209 b209 b209 b209 aa09 a1c8 a188 9969 aa09 ed90 f674 f5d0 f5b1 f5f1 f56f f5b0 f58f ecad dc6f e46e dc8e d3ac dc0c d3ad b209 aa0a b28c c2ec c30c cb4d d32d cb2d d32c cb2d baab aa2b aa4b baac c2ab c2cc c30d c2cc c2cc c2ec c2ed baed baac baac c34e bb4e b2ed a28d 9a2c a20c aa4c c2cd cb4e cb4e aa8d 89cb 89cb 692a 616b 696b 694b 79cd 79cc 692a 60e9 58e9 5868 58a8 692a 690a 5887 5047 5888 60ca 696c 92d1 92d0 712a 716b 68e9 5888 5889 692b 8291 8af1 8a6f 8230 822f 7a50 58ea 4847 592a 69ae 4048 4088 7ab1 7a2e 930f c430 d44e cb8d baec c38f ccb2 dd33 e593 e5f4 ddd4 dd73 dd53 d533 d513 d533 d554 d554 d553 d553 d553 d533 d533 d532 d533 d533 d532 d553 d553 d574 d574 dd94 dd94 ddb4 ddb4 dd94 ddb4 ddd5 ddd5 ddd5 ddd4 ddb3 c4d0 9aeb 79a8 81eb 6909 6929 92ee 9b50 928e 928d 9acf 926d a350 b3d1 cc10 dc70 e44f e44e e46e e46e e48e e46e e48e e48f ecb0 e4f1 ed52 edd2 ee13 cc90 81c8 5087 5067 5067 5067 5886 58a7 58a7 60a7 60c7 60c7 60e8 60c7 60e8 60e8 60a7 5887 5886 5887 58a7 60a7 60c7 60c8 58c8 5088 58c9 60c9 89eb b30e cbaf cbcf cbaf cbaf c3ae cbcf d42f d470 d470 d490 d48f d48f d490 d470 d490 d490 d490 d46f d46f d470 d470 d470 d470 d46f cc4f cc50 cc4f cc4f cc4f d450 cc50 cc4f cc30 cc30 cc4f cc2f cc2f cc2f cc2f cc30 cc30 cc2f cc2f cc0f cc0f cc2f cc0f cc0f cc0f cc0f 
b24a b24a b24a b22a aa2a aa29 aa2a aa29 aa09 aa09 b209 b209 aa29 b1e8 ba08 ba29 ca69 d2ca db0a e36b e3ab e40c ec4d ec6d ecad ecae ec8e ecae ecae ecae ecae ec8d ecae ec8d ec2d e40c e3ac db4b cacb b249 a1a8 9148 8928 8928 9168 99a9 99a9 a1c9 a1c9 a1e9 a1e9 a9e9 a9e9 a9c9 a9e9 a9e9 a9e9 a9e9 aa09 a9e9 a9e9 a9c8 a9c8 a9e9 a9e9 aa09 a9e8 b208 b208 b209 b229 b209 aa09 a9e9 a1c8 9989 a1a9 cb8b edf2 f654 fe31 f5d0 f5f1 f5af ecee e44d e4af e4ef e46e dc2d d34a c2ea a9e9 b24a c2ec c2ec c2cc cb0c cb4d cb2d caec baac b26b b2ac baed c2cc c2ec c2cc c2ec baac b2ac bacd c2ec bacc baac cb2d d34d d34d d34d c30d b2ad a24c 920c 920c 99eb a24c 9a2c 798b 692a 612a 694b 71ac 79ad 716c 694b 60ea 60ea 60c9 60e9 716b 694b 58a8 5067 5047 5889 692b 7a0e 826f 716b 60a8 60e9 60c9 60a9 692b 8270 822f 79ad 8270 8ad1 7a6f 612b 5089 596c 7af2 594c 3828 510a 9bb5 b3f1 cc70 c38d bb0c bb0d c3cf d4f3 ddb5 dd94 e5b4 e5d4 ddb4 d573 d553 d533 d533 d533 d533 d554 d533 d553 d553 d553 d512 d512 d533 d532 d4f2 d513 d553 d594 d594 dd94 dd94 dd94 dd94 dd94 ddb4 ddd5 ddd4 dd93 cd11 ab8c 7168 5887 7149 926c 8a2d 796a 8a2c abb0 a350 928d 9aee 9acf 9ace ab90 c411 d430 dc0f e46f e48f e48f ec8e ec8f eccf ecd0 ed31 ed72 ed92 dd51 b3ed 7168 5066 5087 5067 5887 5887 5887 60a7 60c7 60c7 60c7 60c7 60c8 60c7 60c7 60c7 58a7 5886 5887 58a7 5887 60c7 60c7 58a8 58c8 58c8 60c9 794a 9a8d bb4e cbaf cbcf cbaf cb8e cbaf d40f d450 d490 d48f d490 d48f d490 d490 d48f d490 d4b0 d490 d48f d470 d470 d46f d470 d46f d46f d46f d470 cc50 cc4f d450 d44f d450 cc30 cc30 cc2f cc4f cc4f cc4f cc2f cc2f cc2f cc30 cc2f cc2f cc2f cc0f cc2f cc2f cc0f cc2f cc0f 
b22a b24a b22a b24a b24a b24a aa2a b209 aa09 aa09 b209 b1e9 aa09 b229 b208 ba08 c249 d2aa d2ea db6b e3ac e40c ec4d ec8d ecae ecae ec8e ec8e ec8e ec8e ec8e ecae ecad ec8e ec4d e40d e3ac db4b d2ca ba29 a1a8 9148 8107 8928 9168 9188 99a9 a1a9 a1a8 a1c9 a1e9 a1e9 a9c9 a9c9 a9c9 a9e9 a9e9 a9e9 aa09 a9e9 a9e9 a9e9 a9e9 a9e8 a9e9 a9e9 a9c9 b209 b229 b209 ba29 b209 b209 aa09 a9e9 a1c9 99a9 a1a9 dc6d f674 fe33 fe52 fdef f5b0 eccf dc2d e48e ecef e4cf e48d c36c a9e9 a9e9 c2cc cb0c cb0d c30d c2cc cb0c c30d ba8b aa4b b2ac c2ed c2ec c2ed c2ec c2cc baac baac baac c2cc c2ac c2cd cb2d cb2d d34d d36e cb2d bb0d a22c 814a 7949 81ab 794a 716b 71ac 71ac 718c 716c 79ad 81ee 718d 694b 612b 58c9 5888 60e9 820e 820e 58a8 5047 4847 5068 610a 79ee 71ab 7a0e 60c9 5868 5888 60a8 60c9 718c 820e 714b 716c 824e 7a0f 612b 5069 61ad 8bd4 7ad1 4068 4889 82b1 b475 c3f0 bb4e aaec bb4e cc52 dd54 e5d4 e5d4 e5d4 dd94 dd94 dd94 d594 d554 d553 d533 d533 d533 d534 d533 d553 d533 d512 cd12 d4f2 d513 d533 d533 cd12 d533 d594 d595 d5b5 ddb5 ddb5 dd94 dd94 dd93 dd93 d552 cc4f a28a 8188 7928 7109 7108 8a0b 9a8d 926d 81cb 928d abb1 9b30 9aee a350 9acf a30e bbf1 c3f1 d3ef e44f e46e ec8f ecaf ecaf ecf1 ed31 edb2 e571 bbac 81a7 60c6 5086 5046 5046 5867 5867 5887 58a7 60c7 60c7 60c8 60c8 60e8 6108 60e8 60e8 60a7 58a7 58a7 5887 5886 60a7 60a7 60c7 58a8 58a8 58c8 6909 89ec aaee bb8e c38e c38e c38f c36e cbcf d42f d490 d48f d490 d490 d470 d490 d490 d48f d490 d470 d470 d470 d490 d470 d470 d470 d48f d470 d470 d44f d470 cc2f cc50 d44f cc50 cc50 cc50 cc50 cc30 cc4f cc4f cc2f cc2f cc30 cc2f cc2f cc2f cc2f cc0f cc2f cc0f cc0f cc0f cc0f 
ba6a b24a b24a b26a b24a b24a b22a b24a aa2a aa09 a9e9 a9e9 aa09 b209 b1e8 ba09 c269 d2aa d2ea db6b e3ac e40d ec6d ec8e ecae ec8e ec8e ec8e ecae ecae ecae ecae ecad ec6e ec2d e40d e3ac db4b d2ca ba29 99a8 8948 8128 8928 9168 9188 9988 a1c9 a1c9 a1e9 a1e9 a9c9 a9e9 a9e9 a9e9 a9e9 a9e9 a9e9 a9c8 a9c8 a9e8 b209 a9c8 a9c8 b1e9 aa09 a9e9 b209 b229 b209 b229 b249 b229 b229 b209 a9e8 a1a8 a189 b269 e50e f674 fe32 f632 f5f1 ed30 e48f e48e e4af ed2f e4cf cb4c b22a baab cb2c cb0d c30d cb0d c2ec c2cc ba8b b26b b28c c2cc caec cb0d c2ed c2ed bacd bacd baad baad bacd c2cd cb2d d32e c2cd baac b28c aa4c a26d 9a2d 89cc 796b 794a 794b 796b 696b 694b 718c 79ed 718c 694b 5909 58e9 58a8 5088 58ca 79cd 92f1 716b 5067 5047 5068 5088 716b 822e 694a 718c 5887 58a8 60c9 6909 68ea 6909 68ea 58a9 610a 7a6f 71ad 5069 5089 7af1 9415 618b 58ea 71ee 9b72 b34f 9a6d ab0f c3f1 d4f3 ddb4 e5b4 e5d4 e5b4 ddb4 dd94 dd94 d594 d574 d553 d553 d553 d533 d534 d554 d553 d553 d513 d4f2 ccd2 ccf2 d533 d553 d533 d533 d553 d574 d595 d594 dd94 d594 dd74 dd53 dd53 dd54 dd13 d471 bb0d 99ca 8969 89cb 89eb 81ab 81eb 926c 8a4c 8a0c 92ad abb1 9b0f 9b0f 9aef 9a6d b370 c3f1 d3cf e42f e46f ec8f ecd0 ed11 ed72 edb2 cc6e 9269 60c7 5086 5087 5087 5066 5066 5887 6086 60a7 60a7 60a7 60a7 60e8 60e8 60e8 6908 60c7 58a7 58a7 58a7 5887 5866 5886 60a7 60c7 60c8 58a8 60c9 6909 796a 9a6c b32e bb6e bb4e bb6e bb4e c38e cc0f d46f d490 d490 d4b0 d48f d490 d490 d46f d48f d490 d470 d46f d470 d470 d470 d490 d470 d470 d470 d46f d44f d44f d46f cc50 d450 cc50 cc50 cc50 cc50 cc50 cc4f cc4f cc4f cc2f cc30 cc2f cc2f cc2f cc2f cc0f cc2f cc0f cc0f cbef cc0f 
b24a b24a b24a b24a b26a b22a b22a b22a aa2a aa09 a9e9 aa09 a9e9 a9c8 a9e8 b1e8 c249 caa9 d30a db4b e3ac e40c ec4e ec6d ec8e ecae ecae ec8e ecae ecae ecae ecae ecae ec8d ec4d e40c e3ac db4b caca ba29 9988 8948 8948 8948 9168 9188 9988 a188 a1c9 a1c9 a1c9 a9e9 a9e9 a9e9 a9e9 a9e9 a9e9 a9c9 a9e9 a9e9 a9e9 b1e9 a9e9 a9c9 a9e9 a9e9 a9e9 b209 b229 b229 b229 b229 b229 b229 b209 aa09 a9e9 a1a8 9989 b28a e54f f674 fe52 f5d1 f570 ed90 ed10 ed0f ed4f dc6e c2ca c2cb cb8c cacb cacc c30d cb0d c2ed baac b28c b2ac bacc c2ec cb0d c30d c32e c30f baef bacf bacf b2ae b2ae c330 cb0e caee bace bace b2cd b28d aa8d a24c 9a0c 9a0c 89ac 818c 692b 694b 79ad 820d 79cd 610a 58c9 5088 5068 5048 58a9 712c 8a6f 9311 6109 5067 5067 5888 5888 716c 81ed 694a 716b 5867 60c8 68e9 60a8 60a8 60c9 5889 5088 614b 82d1 694c 4848 592b 8353 8b13 822e 9b30 9b53 8a2d 9a6c a2ae b413 dd74 e593 e5d4 e5b4 ddb4 ddb4 ddb4 dd94 dd53 d574 d553 d533 d533 cd33 d533 d553 d553 d553 d533 ccf2 ccd2 ccd2 cd13 d553 d554 d534 d554 cd54 d575 d574 d574 d554 d533 dd53 dd34 e574 ed94 ed74 e4f2 d410 ba8b 99a9 8989 818a 8a4c 8a4d 8a0c 8a4d 8a2c 8a4d a30e ab91 9b0f a30f 9aae ab2f c3d1 d3f0 e450 ecd0 ed31 ed92 ed71 dcae b30b 7127 58a7 5067 5087 5887 5887 5866 5887 60a7 60c7 60c7 60c7 60a7 60a7 60c8 60c7 68e8 68c7 60a7 58a7 5887 58a7 58a7 5887 5887 60c7 60e8 60c8 58c8 692a 714a 89eb a2ed bb6e bb6e b34e b32d b32e c3cf d450 d490 d4b0 d490 d48f d48f d490 d490 d470 d46f d48f d46f d470 d46f d470 d470 d46f d490 d470 d470 d470 d470 d44f d46f cc70 cc50 cc50 d450 d450 cc50 cc50 d450 cc4f cc4f cc2f cc30 cc30 cc4f cc2f cc2f cc30 cc2f cc0f cc0f cc0f cc0f 
b26b b24a b24a b24a b24a b229 aa2a aa2a aa2a aa09 aa09 aa09 a9e9 a9e8 a9e8 b1e8 c229 ca89 d2ea db4b e3ac e40d ec4e ec6e ec8e ecae ecae ecae ecaf ecae ecce ecce ecae ec8d ec4d ec0c e3ac db4a caca ba29 99a9 8948 8128 8948 9168 9168 99a8 99a8 99a9 a1c9 a1a9 aa09 aa09 a1e9 a1e9 a9e9 a9e9 a9c9 a9e9 aa09 a9e9 aa09 b1e9 aa09 a9e9 aa09 b209 b209 b209 b229 ba49 ba29 ba29 ba49 b249 b229 aa09 a9e9 a188 9989 c30a f612 fe33 f5d1 f590 f590 f570 f56f ed2f cb2b b24a cb6c d34b c28a c28a c2ec c2ec baac b28c bacd c2cd c2cd cb0d c30e bace bb0f bb2f b2cf b2f0 b311 b2f1 b2f1 aad0 aa8f b2cf bb10 baef b2ad a20c 818a 796a 89ab 898c 794b 818c 798c 81cd 8a2e 822e 718b 60e9 58a9 50a8 5068 5048 5889 718c 92d0 8a8f 5887 5047 5868 610a 694b 6109 6909 6909 690a 60a9 68ea 716b 714b 692b 714c 692c 60aa 71ad 8291 694d 58cb 7230 8b34 8ab1 b371 b3b2 9b32 8a0d ab30 bc13 c4f5 dd74 e593 e594 dd94 dd94 ddb4 dd94 d574 d553 d553 d553 d513 cd33 d533 d533 d533 d533 d513 d4f2 ccf2 cd13 d4f2 d533 d554 d574 d553 d554 d574 d574 d554 dd54 dd33 e554 e554 ed95 ed95 e5b5 e594 e533 dc91 d34d ba4a 99ca 89ab 818a 926c 9b0f 9aae 926d 8a4d 926c ab70 ab91 a350 a350 ab2f bbd1 d411 e4b1 ed31 ed51 dcae b2e9 8188 60a7 5887 5887 5087 5887 5887 5867 5867 60a7 60c7 60e7 60e8 60c7 60a7 60a7 60c7 60c7 68c7 60c7 60c7 5887 5887 5887 5887 5887 60a7 60c7 60c8 58a8 60e9 692a 81aa 9a8d b34e bb8e b34e ab2e ab0e bb6e cc0f d490 d4b0 d4b0 d4b0 d4b0 d490 d490 d470 d470 d46f d48f d470 d470 d46f d470 d470 d48f d470 d46f d470 d470 d46f cc50 cc50 cc50 cc50 cc50 cc50 d450 cc50 cc50 cc50 cc4f cc4f cc30 cc2f cc2f cc4f cc30 cc0f cc2f cc2f cc0f cc0f cc0f cc0f 
b24a b24a b24a b24a b24a aa2a b22a b209 b229 aa09 aa09 aa09 a9e9 a9e8 a9c8 a9c8 ba09 c289 d30a db4b e3ac e40d ec4d ec6e ecae ecae ec8e ecaf ecae ecae ecae ecce ecae ec8e ec4d e3ec e3ac db4b caea b229 a1a8 9148 8107 8907 9148 9168 9988 99a9 99a8 a1c9 a1c9 a9e9 a1e9 a1e9 a1e9 a9e9 a9e9 a9e9 a9e9 a9e9 a9e9 a9e9 a9e9 aa09 a9e9 aa09 b209 b22a b229 b229 ba29 ba4a ba6a ba4a ba49 b249 b229 a9e8 a1c8 a1a9 a9c9 dc6d f695 f633 f5d1 f58f f590 f5b0 ed30 cb2c cb4b d34b caeb c28b ba8b baab b28b b22b b26c baec c2ed c30d c30d c2ee b28d b2ad b28c b26c baad c2ee c30f c30f bacf b2ef aaef a2af 9a6e 89cd 796b 712a 714b 794b 794b 818c 818c 81ac 8a2e 8a2e 79ac 694b 60e9 60e9 58e9 5088 5068 60ca 71ad 820d 822e 58a8 58a8 68e9 718b 696a 5887 58a8 58a8 58a8 60c9 6109 692a 716b 718c 716c 696b 690b 71cd 7a0e 718d 694c 71ee 82b1 79ef 9ad0 a394 9af1 a372 c4b4 c4b3 d534 dd73 dd53 dd32 dd33 dd73 dd94 d574 d553 d533 d4f2 d512 d512 d513 d513 d512 d512 d512 d512 d4f2 d512 d513 d4f2 d513 d534 d554 d554 d534 d574 dd75 e574 e574 ed74 ed74 ed95 ed95 edb5 edd5 edb5 e574 e533 dc0f d30c b209 99c9 89aa 796a 81eb 92ce 8a2c 81cb 79ab 820b a370 ab91 ab70 ab70 bbb1 cc11 dc91 dc2e cb6b 9a09 68c7 5887 5867 5867 5087 5087 58a7 58a7 5887 6087 60a7 60c7 60e7 68e8 60c7 60c7 68e8 60e8 60c7 68e8 60c7 58a7 5866 5867 5887 58a7 60a7 60a7 60c7 58a8 58a8 6929 714a 8a0b aaed b34e b36e ab2e ab2d b32e c3ae cc50 d4b0 d4b0 d4b0 d4b0 d4b0 d490 d46f d470 d470 d490 d490 d470 d490 d48f d470 d470 d46f d470 d46f d470 d470 d470 d470 cc70 d450 cc50 cc6f cc4f d470 cc70 cc50 cc4f cc50 cc4f cc4f cc2f cc4f cc4f cc2f cc2f cc0f cc2f cc2f cc0f cc0f cc0f 
b24a b24a b24a b24a b22a b22a b229 b209 b209 aa29 aa09 a9e9 aa09 a1c8 a9c8 a9c8 b209 c289 d2eb db4b dbac e40c e42d ec6e ec8e ecae ecae ecae ecae ecaf ecae ecaf ecae ec8d ec6d ec0c e3ac db4b d2ea ba49 a1a8 9148 8107 8928 9148 9168 9168 99a8 a1c9 a1a9 a1c9 a9e9 a9e9 a9e9 a9e9 a9e9 a9e9 a9e9 a9c9 a9c8 a9e9 a9e9 aa09 a9e9 a9e9 a9e9 b209 b209 b229 ba29 ba29 ba49 ba6a ba6a ba4a b249 b229 b209 a9e9 a1c9 a189 cb6b f674 feb4 f633 f5d1 f5d0 f5d0 ed4f dc6d d36b c2eb c2cb c2cc bacc ba8b aa2a aa4b b28c baed c2ed c30d baed ba8d b26c b26c baac c2ed cb0d cb0d c2cd baad aa0b c2ed c32e bace a26d 818b 692a 696b 714b 68ea 68e9 714b 712b 796b 8a0e 81ed 718b 694b 60ea 58c9 58a8 50a9 58a9 692b 694b 714b 81ee 716c 718c 694a 60e9 58a7 58a7 5887 5887 5887 58a7 58c8 58a8 58a8 58c7 58a8 5067 5067 612a 718c 716b 79cd 71cd 7a0f 696d 8af2 9b52 9332 abf2 bc52 c473 d513 dd32 dd12 d4f2 d533 d533 d553 d533 d512 ccf2 ccd2 ccb1 ccf2 d513 ccf2 ccf2 d4f2 d4f2 d513 d4f2 d4f3 cd12 cd12 ccf2 ccf3 cd14 d554 e574 e5b5 ed94 e594 ed94 ed75 ed94 ed95 ed95 ed95 edb5 edb5 ed94 ed73 e4d1 dbae ca8a a9c9 9189 7949 6909 6949 8a8d 8a0c 81ec 796b 8a4c ab91 ab70 b391 b3b1 c411 cbef c32d b2aa 91c9 6087 5047 5867 5887 5087 5067 5887 5887 60a7 60a7 60c7 60c7 60e7 68e8 68e7 60c7 60e7 60e8 60e7 60c7 58c7 5886 5866 5866 58a7 60a7 60c7 60c7 58a7 58a8 60e9 692a 81cb a2ad b34e b36e b34d ab0d ab0d b34e c3ef d450 d490 d4b0 d490 d4b0 d4af d490 d490 d48f d490 cc90 d470 d46f d48f d46f d48f d470 d48f d46f d46f d470 d490 d470 d470 d470 d470 d470 d46f d470 d470 d470 cc50 cc4f cc4f cc4f cc4f cc50 cc2f cc2f cc2f cc2f cc0f cc2f cc0f cc0f cc0f cc0f 
b22a b24a b24a b22a b229 b22a b229 b22a aa09 aa09 aa09 aa09 aa09 a9c8 a1c8 a1a8 b209 c289 d2ca db4b dbac e3ec e42d e46e ec8e ecae ecae ecae ec8e ecae ecce ecae ecae ec8e ec6d ec0d e3ac db4b d2ea ba49 a1a8 9148 8107 8928 9168 9148 9188 99a9 a1c9 a1a9 a1c9 a9e9 a9e9 a9e9 a9e9 aa09 a9e9 aa09 a9e9 a9e9 a9e9 a9e9 aa09 a9e9 a9e9 b209 b209 b229 b229 b229 ba49 ba6a ba6a ba6a ba4a b26a ba49 b229 aa09 a1a9 a189 c32b f655 fe73 fe73 f633 f5f1 f5d0 f54f e44c cb0c c2ab c2cc c2cb c2cc b28c aa4c b28c baac baed baac baac b28c baad c2cd c2ed cb2d d32c caec caed c2cd b26d 91cb aaad baac aa4c 9a0c 814a 794a 692b 692a 60e9 60c9 58a9 60c9 694b 81cd 798c 714b 692b 716b 692b 60ea 58c9 58e9 716c 690b 58a9 822f 8a70 824f 718c 5087 5887 5887 58a7 58a7 5887 58a7 58a8 58c8 58c8 5087 50a7 5087 5068 610a 81cd 924d 924d 81cc 79cf 69ae 8b74 9b72 a3f3 bc72 c491 d4d2 d512 d513 d513 d533 d554 d553 d533 ccf2 ccd2 ccd1 ccb2 ccd2 cd12 cd13 cd13 d513 d513 d512 d4f2 d4f2 cd12 cd13 ccf3 ccb2 d4f3 dd54 ed74 ed94 edd5 edb5 ed95 ed95 ed95 ed95 edb5 edb5 ed95 edb5 edd4 edb4 ed73 ecf1 e3ef d2eb ba09 a9c9 8969 7129 58a8 58e8 81eb 8a0b 818b 716a 9aef ab71 b370 bbf1 c412 cbf0 c32d b26a 8968 6087 5887 5067 5067 5067 5867 5887 5887 60c7 68e8 68c8 60c7 68c7 68e8 6908 6908 68e8 6908 60e7 60a7 60a7 5887 5067 5866 5886 6087 60c7 60a7 58a8 58c8 6909 796a 924c ab0e bb6e b34d b34d aaed b32d bbae cc0f cc50 d490 d490 d490 d4b0 d4b0 d490 d490 d490 d490 d490 d470 d48f d490 d470 d48f d490 d48f d48f d470 d470 d46f d470 d470 d450 d450 d470 d470 d450 d470 d44f cc50 cc6f cc4f cc4f cc2f cc4f cc4f cc4f cc2f cc2f cc2f cc2f cc0f cc2f cc0f cc0f 
b24b b24a b22a b22a b22a aa2a b22a aa29 aa29 a9e9 a9e9 a9e9 a9e9 a1a8 a1a8 a1c9 b229 c28a d2ea db4b db8b e3ed e42c ec6d ec8e ecae ec8e ecae ecaf ecce ecce ecaf ecce ecae ec4d ec0d e3cc db4b d2ea ba49 a1a8 8948 8108 8928 9148 9168 9988 99c9 a1c9 a1a9 a1e9 a9e9 a9e9 a9e9 a9e9 aa09 aa09 aa09 a9e9 aa09 a9e9 b1e9 a9e9 a9e9 a9e9 b1e9 b209 b209 b229 b229 ba4a ba6a ba6a ba6a ba6a ba69 ba29 ba29 aa09 a9c9 a189 c30b f674 fe94 fe52 fe73 fe32 f5cf ecad cac9 ba4a ba8a c2cc c2cc baac baac baac c2cc c2cc b2ac aa4b b24c baad c2ed cb2d d32d d30c d30c cb0d c2ed baac aa0b 9189 99ea 91ca 8129 7909 818b 79ac 694b 60c9 58c8 50a8 5088 58a8 60e9 716b 79ad 714b 694b 718c 79cd 694b 58c9 58c9 716c 690b 5068 71ad 8ab1 9311 822e 58a8 5087 58a7 58a7 58a7 58a7 5887 5087 58a8 5087 4867 4867 5067 60e9 79cc 9acf a28d 898a 91ec 9291 8ad2 b495 b3d1 ccd3 d532 d4f2 dd12 d533 d533 d554 d594 d574 d553 d513 ccd2 cc91 cc91 ccb2 ccd2 d4f2 d513 d533 d533 d512 ccb1 cc50 ccd1 ccd2 ccd2 d4d2 dd13 e574 ed94 ed94 edb5 edd5 edd5 ed95 edb5 ed95 edb5 edb5 edb5 edd5 edb5 edb5 edb4 ed73 ecf2 e44f db6d c249 b1a8 9168 7928 60a8 5088 60e8 8a2b 81cb 798b 8a0c a370 ab91 b390 c3f1 cbef c36e aa6a 7908 6087 5887 5067 5867 5067 5887 5887 6087 60a7 68e7 68e7 60e7 68e8 68c7 68e8 68e8 6908 68e8 60c7 58a7 60c8 58a7 5886 5866 5886 60a7 60c7 58a7 5888 58a8 692a 81eb a2ed b36e bb8e b34d ab2d ab2d b36e c3ef cc4f cc4f d46f d48f d48f d48f d48f d490 d48f d490 d48f d46f d48f d46f d46f d46f d46f d470 d46f d46f d46f d490 d46f d46f d46f d46f d470 d470 cc70 cc50 cc50 cc50 d450 d44f d44f cc6f d44f d44f d42f cc4f d44f cc2f cc2f cc2f cc0f cc0f cbef cbef 
aa4a aa4a b22a aa2a b24a aa4a b24a b229 aa2a aa09 a9e9 aa09 a9e9 a1c8 a1c8 a1a8 b209 c26a caeb db4c e38b e3ed e42d e46e ec8e ec8e ecae ecae ecae ecce ecae ecae ecae ecae ec2d e40d e3ac db4b d2ca ba49 a1a8 9148 8928 8928 9128 9188 9989 a1ea a1c9 a1c9 a20a a9e9 aa09 a9e9 a9e9 aa0a aa09 b1e9 aa09 aa09 a9e9 b1e9 b1e9 a9e9 a9e9 b1e9 b209 b22a b209 ba4a ba6a c26a c26a ba8a ba6a ba6a ba49 b229 b22a a9c9 a989 caeb f633 fe93 fe73 fe51 fe73 f56f d34a b229 b209 ba8a c2cc ba8b b28c baac c2cc c2cc bacc b24b aa4c ba8c cb0d d32d d32d cb0d cb0c caec c2ac c2cc bacd 91cb 70c7 70a7 70e8 6088 60e8 79cd 716a 60c8 5887 58a8 5087 50a8 5088 58a8 694a 81ee 716b 692b 718c 79ed 71ac 50a8 58a9 716c 692b 5048 58ca 7a30 9312 9333 79cd 58c9 58a8 5887 58a7 58a7 5067 5067 5067 4846 4846 4867 60e9 926d a2ce 9aae 9a0c 91ec ab50 b434 9b52 b495 bc33 d553 dd32 dd32 dd33 d553 dd74 dd94 dd94 d553 d532 d4d2 cc91 cc70 cc71 cc91 ccb2 ccd2 d513 d554 d513 ccd2 c451 cc51 cc91 dcd2 dcf2 e533 ed53 ed94 ed94 edb4 edb4 edd5 edd5 edb5 edb5 edb5 ed95 edb5 edb5 edd5 edd5 edd5 edb5 ed94 ed33 ec90 db8d ca6a b1c8 9968 7908 6087 5887 5088 6908 81ab 798b 798a a32f b3b1 b391 c432 cc10 c38f 99c9 68a7 60c8 58a8 58a7 5887 5887 5887 5887 6087 60c7 68c7 68e7 68e8 68e8 68e8 6929 6928 6908 6908 60c7 58a7 58a7 5886 5887 5887 6087 60c7 60a7 5087 58a8 60c9 796a 9a8c b34e bbae bb8e b34e b32d b34d bbcf cc0f cc2f cc2f cc4f d46f d490 d4af d490 d490 d48f d490 d490 d490 d48f d470 cc70 d44f d46f d46f d470 d46f d470 d490 d46f d46f d48f d46f d470 d44f d450 d44f d450 d450 d450 cc2f d450 cc4f d450 d44f cc2f d44f cc4f cc2f cc2f cc2f cc2e cc0f cc0f cbef 
aa2a aa4a b24a aa4a aa4b aa2a aa2a aa2a aa0a aa09 a9e9 aa09 a9e9 a1c8 a1c8 a1a8 b209 c28a caeb d34b dbac e3ed e42d ec6e ec8f ec8e ecae ecae ecae ecaf ecae ec8e ecae ec8e ec4d e40d e3cc db4b d2ca ba69 a1c9 9168 8928 8928 9148 9168 9988 a1c9 a1ea a1c9 a1e9 a9e9 a9e9 aa09 aa09 a9e9 aa0a b209 aa09 a9ea a9e9 a9e9 a9e9 aa09 a9e9 aa09 b229 b22a b229 ba4a ba4a c24a ba6a ba6a ba6a c26a ba4a ba49 b229 b1e9 a9aa ba6a edd2 fe94 fe73 fe72 fe31 e44c ba69 b209 b209 ba49 ba6a ba8b ba8b ba8b baac ba6b b26b ba8b c2ac caec cacc c2cc c28b cb0d caec ba6c baad bacd b2cd 920c 60e8 5067 5888 60e9 716b 798b 60e8 58a7 5087 5887 5088 58a7 58a8 5088 58c9 718c 79ac 714c 692a 718b 79cd 610a 50a8 698b 71ad 4847 5089 58ea 71ee 9b73 92d2 79ce 79cd 79cd 610a 5067 4867 4867 4846 4847 4887 716a ab2e c3af b2ad 920c a2ae c3f1 d4b2 cc92 a372 a3b4 bc94 d574 d533 d512 d553 dd94 dd94 ddb4 dd94 d533 d4d2 ccb1 cc91 cc71 cc71 cc92 ccf2 cd13 d554 d533 d4d2 cc71 d471 dc91 e4b1 e4d1 e513 ed33 ed53 ed94 ed94 ed94 ed94 edd5 edd5 edd5 edd5 edd5 edd5 edd5 edf5 f5f6 edf6 edf5 edf5 edd5 ed93 ecd1 e3ef cacb b1e9 99a8 8128 6087 5067 5088 5887 798a 818a 712a 928d bbf2 bbd1 cc52 cc51 bb6f 8169 6087 58a7 5887 5887 5887 5887 5887 60a7 60a7 68a7 68c7 68e7 60e8 68e8 6908 6908 6928 6908 68e8 58a7 58a7 5886 5886 5886 5886 60a7 60a7 5887 58a8 58c8 6929 8a0b ab0d bb8e bb8e bb6e b34d b34e bbae c3ef cc2f cc0f c3ef cc0f cc2f cc4f d46f d46f d490 d48f d490 d490 d490 d490 d470 d46f d46f d48f d46f d46f d46f d44f d470 d48f d470 d470 d48f d470 d470 cc70 d44f d46f d44f cc50 cc30 d44f d44f cc4f cc4f cc4f cc4f cc4f cc0f cc2f cc2f cc2e cc0f cc0f cbef 
aa2a aa2a aa2a b22a aa2a aa2a aa09 aa0a aa09 aa09 aa09 aa29 aa09 a1e9 a1a8 a1c8 b209 c28a caeb d34b dbac e3ed e42e ec6e ec8e ecae ecae ec8e ecae ecce ecae ecae ecae ec8e ec4e ec0d e3ed db6c d2eb ba6a a1e9 9168 8928 9107 9168 9168 9988 99c9 a1e9 a1c9 a9e9 a9e9 a9e9 a9e9 a9e9 b1e9 b209 b209 b209 aa09 a9e9 aa09 a9e9 aa09 b209 b229 b209 b209 b229 ba4a ba4a ba4a ba4a c28a c28a c269 ba49 ba4a ba49 b209 a9e9 b20a e46d fe95 fe93 fe93 f5d0 cb0a ba29 b249 ba49 b24a b24a ba6a ba8b b26b b28c b26b bacd c2ec cacc caec c2ec c2cc a9ea b26c ba6c b26c b26c aa2b a20b 8a0b 60e9 5868 5888 716b 820d 7129 5887 5067 5067 5888 58a8 5887 58c8 58a8 50c8 58c9 694a 79ad 694b 694b 716b 692b 60ea 698c 71cd 5067 60ea 58ca 614b 9373 92f1 60e9 60e9 6129 58e9 5067 4867 4046 4026 4867 71cb b38f cbce c2cc b26c b30f cc93 dcf2 dc70 d471 b3d2 9b73 ac34 cd55 d514 d4d2 dd33 ddb5 dd73 dd73 d554 d4d2 ccb2 cc92 cc92 cc71 cc71 ccb2 cd13 d553 d512 d490 d430 dc30 e471 e490 e4d2 e4f2 e533 ed53 ed74 ed94 edb4 ed94 edb4 edd5 edd5 edf5 edd5 edd5 edf5 edf6 f5f6 f616 f637 f616 f616 f616 edb4 ed32 e470 d34c c229 a9c8 9168 6887 5067 5087 5888 68e8 796a 792a 81cb b3d1 bc12 cc93 cc71 b34e 7928 5887 5887 5887 5867 58a7 58a7 5887 60a7 60c7 60c7 68c7 60e7 60c7 68e8 68e8 6908 6928 68e8 60a7 5887 5887 5886 5866 5886 6086 60c7 5887 5887 58c8 60e9 798a 9aad b36e c3ae bb8d bb4d b32d bbae c40f cc2f cc2f cc0f c40f cc0f cc0f c40f c40f cc2f cc4f cc4f d46f d470 d48f cc6f d46f d46f d46f d46f d46f d46f d46f d44f d46f d46f d46f d46f d490 d470 d450 cc50 cc4f d46f cc50 cc50 cc30 d42f cc4f cc4f cc4f cc4f cc4f cc4f cc2f cc2f cc2f cc0e cc0f cc0f cbee 
aa29 aa2a aa2a aa2a aa2a aa2a b229 aa2a b209 aa09 aa09 a209 aa09 a9e9 a1c8 a1c9 aa09 ba6a caeb db4b dbac e3ed e42e e44e ec6e ec8e ecae ecae ecaf ecaf ecce ecae ecae ecad ec6d e40d e3cc db4b d2eb ba6a a1c9 9169 8908 8948 9168 9168 9988 99a9 a1c9 a1c9 a1e9 a9e9 aa0a aa09 aa09 aa09 aa2a b209 b22a aa09 aa09 aa09 aa09 aa0a b1ea b209 b209 b209 b209 ba6a c34d c2eb ba4a c28a c28a ba6a c269 c249 c249 ba29 b1e9 b1ca cb0a f613 feb4 fe93 ed0f c28a ba6a ba49 c28a ba8b ba6b ba6a b26a b22a b24b c2cc cb2d caec c2cc c2ac ba6b aa6b 89aa 818a 89aa 89ab 816a 7909 7949 818a 7129 60a8 60a8 81ed 81ed 60a8 5067 5087 5067 60e9 68e9 58a8 60e9 58a8 5888 58a8 58c8 692a 694b 692a 612a 60ea 692b 79cd 71ad 58a8 698c 58ca 58ea 8ad0 9332 58c9 5067 5066 4867 4846 4026 4026 5087 820b bbee cbcd ba8c ba8c c3d0 d4f3 dd12 dc90 dc70 d471 c411 a393 ac55 bcd5 bcb4 cc93 d533 dd94 d533 d513 d513 ccd2 d4d2 ccd2 ccb2 ccb2 ccb2 ccd2 d512 d4b1 d3ce dc0f e450 e470 e4b1 e4b1 e4f1 e533 ed33 ed74 ed94 ed94 edd5 edb4 edd5 edd5 edd5 edd5 edd5 edd5 f5f5 f5f6 f616 f616 f636 f636 f636 f636 f5f5 ed93 ecd1 dbae ca8a b1e8 a188 78c7 5867 4847 5067 5887 7108 796a 712a 9aad bc32 cc72 d4b2 bb90 7949 58a8 60c7 60c8 58a7 60a7 68e7 60a7 68e8 60c7 60c8 60c8 60c7 60e8 6908 6928 6908 6928 68e7 60a7 5887 5887 5887 58a7 60c7 60c7 60e7 5887 5087 58a8 6909 8a4c ab2d bbcf c3ae bb6d b32d bb6e c3ef cc30 cc6f cc2f cc0f cc2f c40f cc0f c40f c3ef cc0f c40f cc0f cc0f cc2f cc2f cc4f cc4f cc4f cc4f d46f d46f d46f d46f d46f d46f d46f d46f d470 d490 d470 d450 cc70 cc50 d450 d450 cc50 cc2f cc2f cc4f cc4f cc2f cc4f cc4f cc2f cc2f cc0f cc2f cc0f cc0f cc0f cbef 
b20a b22a aa2a aa2a aa2a aa2a aa29 aa2a aa09 aa09 aa09 aa09 a9e9 a9c9 a1c8 a1c9 aa09 ba69 caeb db4b db8c e3ed e42d e46e ec8e ec8e ecae ecae ecae eccf ecce ecae ecaf ecae ec6d e40d e3cc db4b caeb ba6a a1e9 9189 8928 8948 9148 9168 9968 a1a9 a1c8 a1c9 a9e9 a9e9 aa2a aa0a aa2a aa2a aa2a b20a b22a aa09 b209 b209 aa09 aa09 a9e9 a9e9 b1e9 b20a ba8b cbcd d3cc c28a ba4a ba6a c28a c26a c269 c269 ba6a ba49 b22a b20a ba6a e4ae feb5 feb4 e4ae c249 ba6a ba6a c2aa c2ab baab b24b b20a b24b c2cc cb0d caec c2cc cb0d c2ed aa4c a24c 920b 81ab 7969 89aa 7929 60a7 70e8 7108 60a8 5888 60c9 8a6f 79ac 58a7 5087 5087 58c8 692a 60e9 60c9 60c9 58a8 58a8 58c8 60e9 58a8 58c9 690a 610a 58c9 60ea 79cd 8250 79cd 824f 60ca 5889 698b 9393 694b 5067 4846 4846 4847 4847 50a8 8a4b c3ce cb8d bacc b2cd cbf1 dcd2 dcd2 dcd1 d491 d470 d492 c452 a3b3 b474 cd13 c4d3 c4d4 d574 d5b5 d594 d553 d4d2 ccb2 ccb2 d4d2 ccd2 ccd2 d4d2 ccb1 d42f d3cf dbef e430 e470 e470 e4b1 e4d1 e512 ed53 ed33 ed53 ed94 ed94 edb5 edb4 edb5 edd5 edd5 edd5 edd5 edf5 f5f5 f616 f616 f616 f636 f636 f636 f636 f5f5 f594 ed32 e40f d2ec c209 a168 88e7 68a7 5087 5047 5847 6087 6909 792b 79aa b3f2 c452 d4b2 bbd0 89eb 58e8 60e8 60c8 58a7 58a7 60a7 60a7 60c7 60e8 60e8 68e8 68e8 6908 6908 6929 6928 6908 60c7 58a7 5887 5887 5887 60a7 60c7 60c7 60c8 5087 5088 58a8 716a 9aad bb6e c3ae c38d bb4d bb6e c3ae cc2f d470 d46f cc4f cc2f cc0f cc0f cc0f c40f cc0f cc0f c3ef c40f cc0f c3ef c3ef cc0f cc2f cc0f cc2f cc2f cc4f cc4f cc4f d44f d450 cc4f d44f d46f cc6f d470 cc70 cc70 cc70 cc50 d44f cc4f d450 cc4f cc2f cc2f d42f d42f cc2f cc4f cc0f d42f d42f cc0f cc2f cc0f cbef 
b229 b24a b24a aa4a aa4a aa2a aa29 aa09 aa09 aa09 aa09 a209 a1e9 a1c8 a1a8 a1c8 aa09 c28a caeb db4b e38c e3ed e42d e46e ec8e ecae ecae ecae eccf ecaf ecae ecce ecae ecae ec6d e40d e3cc db4b caeb b26a a20a 9189 8128 8948 9168 9188 9989 a1c9 a1c9 a1e9 aa0a aa0a aa0a aa0a aa2a aa2a b22a b209 b22a aa09 b209 a9e9 aa09 a9e9 a9e9 aa0a b209 ba29 cb2b cb0a c26a c26a c26a c28a c26a c28a c26a c28a c28a c28a ba6a b24a b22a c30b edb1 fed5 e551 ca8a c26a c26a c26a c26a c28a ba8b ba8b c2ec c2cc c28b caec caed d30e d30d c2ac b24b aa2b 99eb 898a 7929 60c8 58a8 60c8 5887 5067 5888 60c8 824e 716a 5047 5067 58a8 694a 6909 58c8 60e9 58a8 5087 58c8 60e9 60c9 5088 58a8 610a 60c9 60c9 60ca 716c 822f 8a6f 8ab0 718e 60eb 610a 8b72 8290 58a8 4026 4026 4047 60e9 9aac cc0e cb6d bacc c30e d452 dd32 dcd1 dd12 dd13 d4d2 d4b2 d4d3 c473 abd3 bc74 d4d1 d4d1 d533 dd74 ddb5 ddb5 d533 ccb2 ccd2 ccd2 ccd1 ccb2 cc91 d430 d3ce dbce e3ef e42f e470 e470 e471 e4b1 e513 ed33 ed74 ed74 ed74 ed94 ed95 edd5 edd5 edb5 edd5 edf5 edf5 edd5 edf5 f5f5 f616 f616 f636 f636 f636 f636 f636 f5f5 f5b4 f573 e470 db4d c229 a188 9128 70a7 5067 4826 5026 5867 60e8 798c 712a ab91 cc73 d492 bbcf 922b 6909 60c8 58e8 5909 58a8 60c8 60a7 60c8 60e8 68e8 68e8 6908 6908 6908 6929 6928 68e8 60a7 60a7 5887 5887 58a7 60a7 60c7 60c7 58c7 5067 5888 60e9 8a0b ab0d c3ae c3ae bb8e bb2d c38e c40f d44f d4af cc90 cc4f cc4f cc4f cc2f cc2f c40f c40f cc2f c40f c40f c40f c3ef c40f c3ef c40f c40f c40f c40f cc0f c40f c40f cc0f cc2f cc4f cc4f d44f cc6f cc70 cc70 cc70 cc70 cc50 cc4f cc50 cc4f cc50 cc2f cc2f cc2f cc2f cc2e cc2f cc2f cc0f cc0e cc0e cbef cbef cbce 
b22a b22a b24a aa2a aa2a aa29 a9e9 a9e9 aa09 aa09 aa09 a209 a1e9 a1c8 a1c9 a1e9 b209 ba49 caca d32b db8b e3cc e42d e46e ec8e ec8e ecae ecce eccf ecce ecae ecce ecaf ecae ec6e e40d e3ac db6b caeb b26a a1ea 9189 8969 9169 9189 9189 99a9 a1e9 a1ea a1ea aa0a aa09 aa09 aa0a aa0a aa0a aa09 b209 b209 aa09 aa09 b209 a9e9 b1e9 b209 b209 b209 ba29 c28a c28a c26a ba6a ba8a c26a c28a c28a c28a c28a c28a c28a c28a ba6a ba4a ba4b dbec f673 edf3 d32b c2aa c28a ba6a ba2a ba6a caeb cacb cacb c2ec c2ed cacc cb0d c2ed c28b b22b aa0a 99ca 7909 68c8 60a8 60e9 694b 60c8 5067 4867 5068 5888 79ed 71ac 58a8 58e9 60e9 58c8 58a8 6109 6109 5888 58a8 60c8 60e9 58c8 58c8 610a 690a 5888 5068 610a 820f 79ad 79ad 79cd 79ee 718e 716d 9392 9372 6109 4026 4047 6109 9acc cbce cb2c bacc bb0e cc71 dd12 dcb1 dcd1 dd33 dd53 dd33 d513 d513 c4b3 ac14 b433 cc91 cc91 d533 ddb5 ddd6 d594 d4f2 cc91 ccb2 ccb1 cc91 cc71 d3ef dbcf dbef e410 e430 e44f e490 e491 e490 e4d1 ecf2 ed33 ed53 ed74 ed94 ed94 ed95 ed94 edb4 edd5 edd5 edf5 edf5 edf5 edf5 f5f6 f616 f616 f616 f636 f636 f636 f636 f636 f5f5 f593 ecd1 db8d ca6a a9c8 9968 78c7 5887 4846 4847 5067 58a8 716a 794b a2ee ccb4 d4b2 bbaf 9a2b 7149 60c8 58c8 58a8 58a8 60e8 60c7 60e8 60c8 6908 68e8 6908 68e8 7108 6928 6928 60e8 60a7 5887 5887 58a7 58a7 60a7 60c7 60c7 5887 5087 58a8 798a 9acd bb8e c3ae c3ae bb6d bb4d c3ce cc2f d48f d490 d490 d46f d470 cc6f cc4f cc4f cc2f c40f c42f c40f c40f c40f c3ef c3ef c3ef c3ef c40f c40f c40f c3ef c3ef c3ef c3ef c3ef c40f c40f cc0f cc50 cc4f cc50 cc50 cc50 cc50 cc30 cc30 cc2f cc4f cc2f cc2f cc2f cc2f cc0f cc2f cc2f cc0f cc0f cbef cbee cbef cbce 
b22a b22a b22a b22a aa2a aa09 a9e9 aa09 a9e9 aa09 a9e9 a1e9 a1c9 a1c8 a1a8 a1a8 aa09 ba6a cacb db2b db8c e3ed e42d ec6e ec8f ecae ecae ecce ecce ecce ecce ecce ecae ec8e ec6e e40d e3ac db6c caeb b26a a1ea 9189 8949 8969 9189 99c9 99ea a1e9 a1ea a1c9 a9ea aa09 aa09 aa0a aa09 aa0a aa09 b209 b229 b20a aa09 b209 aa09 b20a b209 b22a b209 ba2a c28a c2ec c26a ba6a ba6a c28b c2aa c28a c28a c2aa c28a c28a c28b c26a c26a c24a cacb e4cd f613 dbac caaa c28a ba49 ba4a cacb d32c caec cacc cb0d cb2d cb0e c2cd c2cc aa0a 9989 8949 70e8 60c9 58c9 696c 79ed 71ac 5067 4867 4887 5068 5068 694a 822e 714b 6909 60c9 58a8 612a 696b 60c9 5888 58a8 60e9 5888 5888 6109 716b 60e9 58a8 5068 58c8 7a0f 612a 716c 716c 60ea 5068 5068 69eb 9373 696c 4047 6929 ab0d cbcd c30c bacc bb2e cc71 dcb0 dc90 dcb1 dcd1 dd52 dd94 dd54 d554 d554 bc72 ac14 abb1 ccb3 d4d2 d554 ddd5 ddb5 d513 ccb1 cc71 cc71 cc91 d450 dbef dbef e410 dc0f e450 e471 e491 e4b1 e4b1 e491 e4b1 ed12 ed32 ed53 ed94 ed94 ed94 edb5 edb4 edb5 edb5 edd5 edf5 edf5 edf5 f5f5 f615 f616 f616 f636 f636 f636 f657 f657 f656 f616 f5d4 ed12 e3ef d2cb ba09 a188 8907 6887 5087 4867 5087 5088 60e8 796b 89cb cc93 d4b2 c411 a24b 818a 5087 58a7 58a7 60c8 60e8 68e8 60e8 60e8 60e8 60e8 68e8 60e8 6908 6908 6908 60e8 60c7 5887 5887 58a7 60c7 60e7 60e7 58a7 58a7 5888 68e9 924c b34e c3cf c3ae bb8e bb4d bb8e c40f cc6f d4b0 d490 d48f d48f d48f cc8f cc6f cc6f cc4f cc4f c450 c44f c42f cc2f cc2f c42f c42f cc2f c40f c40f c40f c3ef c3ef bbef bbef c3ef bbee bbef c3ef c40f c40f c40f c40f c40f cc30 cc30 cc2f cc0f cc2f cc0f cc0f cc0f cc0f cc0f cc0e cc2f cc2f cc0f d40f cc0e d3ef cbee 
aa09 aa2a aa29 b229 aa09 aa2a aa0a aa0a aa09 a9e9 a9e9 a1e9 a1c9 a1c8 a188 a1a8 aa09 ba8a caeb db2b db8c e3ed e42e ec6e ec8f ecae ecae ecce eccf eccf ecce ecae ecae ec8d ec4d e40d e3cd db6c cb0b b24a a1c9 9169 8949 8949 9169 99c9 99c9 a1c9 a1ea a1e9 a20a aa0a aa09 b22a aa09 b20a b209 b209 b24a b20a b20a b22a aa0a b229 b209 b209 b22a ba29 ba4a c2ab c26a ba8a c28a c28a ca8a caaa c28a c2ab c28a c2aa c2ab c28a c26a c28b caab d34a e48d d32a caaa c28a ba4a cacb d30c d30c d30d cb0f c2ee c30f c32f baee aa2b 9189 70c8 60a8 60ea 58a9 5068 696b 824f 692a 5068 5088 58e9 5068 5068 5888 696a 79cc 60c9 5088 6109 71ac 694a 58a8 5888 60a8 60c9 5868 5888 718c 692a 610a 690a 58a8 58a8 58e9 58ca 692a 79ad 5888 4827 4827 5088 7aaf 8270 716b ab2d cbce c2ec baac c34e d491 dc70 dc4f dc70 dcb0 dd12 dd53 dd94 dd54 d574 d574 c493 ac12 a350 ccd3 d533 ddb5 d574 d4f2 ccb2 cc50 cc30 d430 dc0f dbcf e3ef e410 e430 e430 e471 e491 e491 e4b1 e4b1 ecb1 e4d1 e4f2 ed12 ed33 ed74 ed94 ed94 ed94 edb5 edd5 edb5 edd5 edf5 edd5 edf5 edf5 edf5 f616 f616 f636 f636 f636 f657 f657 f657 f636 f5f5 ed53 e430 db2c c229 a9a8 9148 70e8 5888 5088 5067 5067 60a8 79ab 818b bbd0 d4b2 cc72 9a4b 7949 58a8 60c8 5887 58c8 60e8 60e8 60e8 6108 6928 6908 68e8 6108 6908 68e8 60c7 58c7 60c7 58a7 58a7 58a7 60c7 60c7 60a7 5087 5088 60a8 798a a2cd bb8e c3ce c38d bb6d bb6d c3ce cc4f d490 d490 d490 cc6f d490 d48f cc90 cc6f cc6f cc6f cc6f cc90 cc90 cc70 cc4f cc4f cc4f cc2f cc2f cc2f cc2f cc2f c40f c40f bbef bbef bbef bbee bc0f c3ef bc0f bbcf c3ef bbef c3cf c3ef c3cf c3ee cbee cbef cc0f cc2f cc0f cc0f cc0f cc0f cc2f cc2f cc0e cc0f cbee d3ee d3ee 
b209 aa09 aa29 aa0a aa0a aa29 aa09 aa09 aa09 a9c9 aa09 aa09 a1e9 a1c9 a1a8 a1c9 aa09 ba69 caeb d34b db8c e3cd e42e e46e ecaf ecae ecae ecce ecce eccf ecce ecce ecce ecae ec4e e42d e3cd db6c d2ea b24a a1c9 9168 8969 8948 9169 99a9 99a9 a1c9 a1e9 a1e9 a20a aa0a aa09 b20a aa0a b22a aa0a aa2a b24a b20a b20a b20a aa0a b209 b20a b22a b24a ba2a ba4a ba6a c28a c28a c26a c26a c26a c26a ba6a ba6a ba49 ba69 ba49 ba49 c2aa cb2b caea b249 baa9 c2ea ba49 c269 cacb d2cb d30d d34f cb2f bb10 b311 ab10 aacf 9a4c 89aa 68e8 5887 696c 692b 5068 4847 58e9 8270 60ea 5888 694b 58e9 50a8 5888 5047 5087 690a 692b 696b 7a0e 798b 60e8 5067 5867 60c8 58a8 5068 58a8 79ee 58a8 60c9 714b 60ea 5888 58a9 58ca 696b 82b0 58c9 4026 4026 4027 5909 8a6e ab70 cb8d c2ec b2ac c38f d4b2 dc8f dc4f dc2f d44f d470 dcd1 dd53 dd74 d574 d574 d574 cd34 bc73 abb1 c4f4 d554 d553 d4d2 ccb1 cc51 d410 d410 dc0f dc10 dc10 dc10 e430 e430 e450 e471 e491 e491 e491 e4b1 ecb1 ecd2 ecf2 ecf2 ed32 ed53 ed73 ed94 ed95 edb5 edb4 edb5 edb4 edb4 edd4 edd5 edd5 edf5 edf6 f5f5 f616 f616 f636 f636 f657 f657 f636 f616 ed94 ecb1 db8d ca8a b1c9 99a8 8108 58a7 5067 5067 5067 5887 716a 81ab ab2e d4b3 d4b2 a28c 8169 60c8 68c8 5887 58a7 60e8 68e8 60e8 6908 68e8 6928 6929 6928 6928 6908 60c7 5887 58a7 58a7 60c7 60c7 60c7 60c7 5887 5067 58a8 714a 928d ab4e bbae c3ad c36d bb6e c38e cbee cc4f d490 d48f d490 d46f d470 d46f cc70 cc6f cc6f cc6f cc8f cc8f d48f d46f cc70 d490 cc70 cc70 cc4f cc4f cc2f cc2f cc2f c40f c40f bbef bbef bbef bbef c40f bbef bbcf bbef bbcf bbcf c3cf bbcf bbce c3ce c3ce c3cf c3ee c40f c3ef c40f cc2f cc2f cc0f cc0f cc0e cbee cbee cbee 
b209 aa29 b22a aa09 b22a aa09 aa09 aa09 aa09 a9e8 a9e9 a1e9 aa09 a1c9 a1a8 a1a8 aa09 ba6a caca db4b dbad dbed e42e e48f e4af ecae ecaf ecce ecce eccf eccf ecce ecae ecae ec6d e40d e3ac db4b d2ca ba49 a1c9 9169 8948 8948 9168 9189 9989 a1a9 a1ea a1ea aa0a aa0a aa0a aa0a aa0a aa2a b20a b22a b20a b209 b209 b209 b20a b20a b20a b24a b22a ba2a ba49 ba6a c28a ca8a ca8a c28a c28a c28a c28a c28a c26a ba8a ba8a c28a cb2c caea a1c9 a20a b2cb c36c c2ec c22a caec caac c2ef bb11 b331 aaf0 aace baed b2ad a22b 8149 60a8 610a 7a2f 60e9 4847 4847 592a 82b1 694b 60ca 610a 5067 58a9 60c9 60c9 60c9 60ea 79ee 7a0e 79ac 6909 5888 5047 5087 60e9 5888 5047 612a 79ed 5068 5088 718c 71ad 60ea 58ca 58a9 7a4e 71ec 50a8 4847 4026 4867 696a 9aee aacd a24c aa6c c3b0 d4d2 dc8f dc4f dc50 d450 d42f d450 d491 d533 dd94 d595 d554 d574 d554 ccf3 c4b2 cd34 d533 ccd2 d491 d450 d410 dbf0 e430 e431 e451 e431 e430 e431 e471 e451 e491 e4b1 e4b1 e4b1 ecb1 ecd1 ecd2 ecd1 ecd1 ecf2 ed53 ed53 ed74 ed94 edb4 ed94 ed94 ed94 ed94 edb4 edd5 edd5 edf5 edf5 edf5 f616 f616 f636 f636 f637 f637 f616 f615 f5d5 ed12 e3ce ca8a b1c9 a1a8 8108 60a7 5047 5067 4887 5888 7129 816b 9a6c cc92 d4d2 b32e 89aa 58a8 68e8 60a8 60e8 6909 60e8 60e8 68e8 6108 6908 6949 6928 6908 60e8 58c8 58a7 58a7 60a7 58a7 60c7 60c7 60a7 5887 5088 60c9 79cb a2ee bb6f bbae bb8e bb4e bb6e c3ae cc0f d46f d46f d48f d490 d46f d46f d470 cc6f cc70 cc6f cc6f cc6f d48f d490 d490 d490 d490 d490 d4b0 cc70 cc70 cc4f cc2f cc4f c42f c40f c40f bc0f bc0f c40e c40f bbef bbcf bbcf bbef bbcf bbcf bbcf bbcf bbaf bbcf bbce bbcf bbcf c3ce c3ef cc0f cc0f c40f cbef cbee cbee cc0f cc0f 
aa0a aa29 aa2a aa09 aa09 aa0a a9e9 a9e9 a9e8 a9e9 a9c9 a9e9 a9e9 a1c9 a1a9 a1c9 aa09 ba4a caeb db4c dbad dbed e42e e46e e48f ecaf ec8f eccf ecce eccf eccf ecce eccf ecae ec6e e40d e3cc db6b d2ea ba49 a1e9 9169 8928 8948 9148 9189 99a9 a1c9 a1ea a1ea aa0a aa0a aa0a aa0a aa0a aa2a aa2a b20a b20a b209 aa09 b20a b229 b209 b209 b229 b24a ba4a ba49 ba4a c26a c28a c26a c28a ca8a ca8a caaa caaa ca8a ca8a ca8b caaa d3cc cbed b28a c2ca d36b e46d dc8e caab c28c b2cf ab11 b330 bb2f b2ad ba8c caec b26b 8969 60a9 60eb 69ac 8270 58a8 4847 4848 592a 8b12 79ee 58c9 5067 5088 5888 5888 692b 718c 820e 822e 718b 694a 60c8 5087 5067 5887 60e9 58a9 5067 71ab 696b 5067 5068 71ac 822f 58a9 5068 698c 69cc 50a8 50a9 50a9 4867 6949 ab2e c30c a20a a24b c3f1 dcf2 dc90 dc90 dcb1 dcb1 d490 d450 d450 d4b1 dd53 dd94 d595 d574 d595 d555 d534 d533 d533 ccb1 c40f cb6d d36e d3af dbcf dc10 e430 e451 e451 e451 e471 e471 e492 e4b2 e4d2 ecd2 ecd2 ecd2 ecd1 ecd2 ecd1 ecf2 ecf2 ed12 ed32 ed53 ed73 ed94 edb4 ed94 ed94 ed94 edb4 edb5 edb4 edd5 edf5 f5f5 f5f5 f616 f616 f636 f636 f636 f616 f616 f5d5 ed32 e40f d2cb b1e9 9948 78e8 6087 5047 5047 5087 5088 6908 794a 89eb cc72 d4f3 bb8f 91ca 6909 7129 60c8 6929 6969 6909 60e8 6908 6908 6928 6928 6928 6908 60a7 58a7 58a7 60e8 60c8 60c7 60e8 60c7 58a7 5088 58a8 714a 924c ab2e c38e c38e bb6d b32d bb6e c3ef cc2f d46f d46f d48f d46f d48f d470 d470 cc6f cc6f cc6f cc6f cc6f cc6f d490 d490 d490 d4b0 d490 d490 d490 cc70 cc6f cc4f cc4f cc4f cc2f c40f c40f bc0f c40f bbef c40f bbef bbef bbef bbcf bbcf bbef bbcf bbcf bbcf bbaf bbcf bbcf bbaf bbcf bbcf c3cf c3ce cbce cbce cbee cbef cbef 
aa09 aa29 aa2a aa09 aa09 aa09 a9e9 aa09 a9e9 a9e9 a9e9 a9e9 a9e9 a1c8 a1c8 a1a9 aa09 ba4a cacb d34c db6c e3ed e42e e46e e48f ecae ecaf eccf ecce ecce eccf eccf ecce ecae ec6d e42d e3cc db6b d2ea ba49 a1c9 9169 8928 8969 9169 9989 9989 a1c9 a1e9 a1ea aa09 aa09 aa0a aa2a aa2a aa2a aa0a aa0a b20a b209 aa09 aa09 aa09 b209 b229 b229 b229 ba4a c26a c26a c26a c28a c28a c28a c28a ca8a ca8a ca8a c2ab cb8e d44f d3cd d3ab bae9 8127 8947 9987 aa08 baaa c2ed b310 ab11 b310 c30d c2cc ba6b c2ab ba8b 91aa 60a9 60eb 71ad 722e 71cd 4847 4848 5089 698c 8b32 71ac 5047 5046 58c8 5888 60e9 714a 716a 692a 6929 60e9 58a7 5867 5067 5067 5887 58c8 58c9 5887 718b 58c8 5047 5088 720e 7a2f 5888 58a8 7a0e 610a 610a 50a9 4888 7169 ab4d c38d aa2b aa4b c410 dd53 dcd0 dc90 dcd1 dd11 d512 d490 d42f d40f d491 d534 dd95 d595 d5b5 ddb5 d574 d573 cd11 bbed a269 a1c9 b22b ba8c c2cc cb0d d34e d38e d3af dbcf dc10 e451 e471 e4b2 e4b1 ecd2 ecd1 ecf2 ecd2 ecd1 e4b1 ecd1 ecd1 ecd1 ecf1 ed12 ed33 ed73 ed94 edb4 ed94 ed93 ed74 ed73 ed94 edb4 edb4 edd4 edd5 f5d5 f5f5 f615 f615 f636 f616 f5f5 f5d4 ed93 ecf1 dbee caab a168 80c7 70a7 6087 5866 5047 5067 5067 60a8 796b 714a c452 dd13 c3f0 920b 7129 7108 60e8 6929 6929 6929 6109 6109 6928 7149 716a 6928 60e7 60a7 58a7 58a7 58c7 58a7 60c7 60e8 60a8 50a7 50a8 60e9 81cb a2ee b36e c38e bb8e bb4d b34d bbae cc0f d44f d46f d46f d46f d44f d46f cc6f d44f cc6f cc4f cc4f cc6f cc6f cc6f cc6f cc8f d48f cc90 cc90 d490 d490 d470 cc6f cc4f cc4f cc4f cc4f cc2f cc4f c42f c42f c40f c42f bc0f bc0f bbef bbef bbef bbef bbef bbef bbcf bbcf bbcf bbcf bbaf bbcf bbcf bbcf bbcf bbae c3ae c3ae c3ae c3ce 
aa09 aa09 aa09 aa09 aa09 aa09 aa09 aa09 a9e9 aa09 aa09 aa09 a9e9 a9c8 a1c9 a1c8 a9e9 ba49 cacb d32b db8d e3ed e44e ec6e ec8e ecce ecaf eccf eccf eccf eccf eccf ecce ecae ec6d e42d e3cc db6c d2ea ba6a a1c9 9189 8929 8948 9189 91a9 99a9 99c9 a1c9 a1ea aa0a aa0a aa2a aa2a b20a aa2a aa2a aa0a aa0a b20a aa0a aa0a aa0a b20a b20a b229 b229 ba29 c26a c26a c26a c28a c28a c28a c28a caaa ca8a ca8b d32c edd3 e52f c329 aa68 78e7 4846 5046 5047 5867 89aa bb71 c434 c494 cb6e c2ab b22a aa2a aa2a 9128 68c9 60ea 71ce 71cd 7a70 58e9 4868 4868 610a 8290 9353 612a 4826 5067 60c8 5887 60c8 60c8 58c8 58a8 60e8 60c9 5087 5087 50a8 58c8 5888 58a8 60e9 60c8 716b 60c9 5889 60ea 71cd 7a0f 58a9 612a 698c 5088 4867 4847 6929 ab4d c38d aa4a aa4b c3f0 dd32 dcd0 dcb0 dcd1 dd32 dd93 d512 cc50 cc0f cc30 d4b2 dd55 ddb5 ddd6 ddd6 ddb5 d573 c46f b2ea 99c9 99c9 a20a aa0a aa0a aa0a aa4b b22b aa0a b24b baac c2ed d36e dbef dc51 e491 ecd2 ecf2 ecf2 ecd2 ecd1 ecd1 ecb1 ecd1 ecb1 ecd1 ed12 ed32 ed53 ed93 ed93 ed94 ed73 ed53 ed73 ed93 ed93 edb4 edb4 edd5 f5d5 edd5 f5f5 f615 f5f5 f5f5 edb4 ed52 e4b0 dbee cb0c b209 8907 70c8 6887 6066 5846 5047 5047 5067 60c8 81ab 68e9 bbf1 dd34 c410 a2ad 7129 60c8 68e8 7149 6929 60e8 6909 68e8 6929 7169 7149 6908 60c7 58a7 58a7 58a7 60a7 60c7 60c7 60c8 58a8 5088 58a8 692a 922c ab0e c38e bb8e bb6e b32d bb6e c3cf cc4f d46f d46f d44f cc4f d44f cc4f cc4f cc4f cc4f cc6f cc4f cc4f cc4f cc4f cc4f cc4f cc4f cc6f cc6f cc6f d46f d46f cc6f cc6f cc2f cc2f cc2f cc2f cc4f cc4f c44f c42f c42f c42f c40f bc0f c40f c410 c410 c3f0 c410 bbef bbcf bbcf bbcf bbcf bbcf bbaf bbaf bbaf bbaf bbaf b38e bb8e bb8e 
aa09 aa0a aa09 aa0a aa0a aa0a aa0a aa0a aa09 a9e9 aa09 aa09 a9e9 a1c9 a1c9 a1a9 a9e9 ba49 cacb db4b dbad e3ed e42e ec6e ec8e ecae ecaf eccf ecef eccf ecce eccf eccf ecae ec6e e42d e3ec db8b d2ea ba49 a1c9 9169 8949 8949 9169 91a9 9989 a1c9 a1ea a1c9 a9ea aa0a aa2a aa0a b22a aa0a aa0a aa0a aa2a b22a b209 b209 b209 b209 b1e9 b229 b22a ba2a ba4a c28a c28a c26a ca8a c28a c2ab cacb caab cacc db6c f571 d46e aa6a 70e7 68a7 5867 5047 5868 70e9 a2cf c3f2 e4d1 e4cf d3ad b24a 9168 8969 89a9 70e9 60c9 694c 79ed 7a90 71ac 5088 5069 58ca 71ae 828f 93b3 612a 4826 5067 5087 5088 60e9 612a 614a 58e9 58e8 694a 60e9 5087 58a8 58c8 5087 5067 58a8 60c9 79cd 79ad 68ea 614b 696c 71ad 60ea 610a 58ea 4047 4867 6929 ab0c c3ad aa4a aa6c c410 dcf1 dcb0 dcd0 dd11 dd32 dd93 dd93 d4d1 cc10 cc10 cc72 d534 dd74 ddb5 ddd5 ddb4 d4f2 cbad c2ec c2cc cb2d cb4d cb4e cb2d c2ed baab b26b a20a 9189 8948 8948 9168 99a9 aa2a baac cb6e dc10 e490 e4d1 ecb1 ecb1 ecd2 ecd1 e4b1 e4b0 ecb1 ecd1 ed12 ed53 ed73 ed94 ed94 ed73 ed33 ed53 ed73 ed73 ed93 edb4 f5d4 f5b4 edb4 edd4 edb3 ed72 e4d1 d42f cb8d baec b28b aa0a 9988 8107 78c7 70a7 6066 5846 5067 5067 5067 60c8 714a 60a8 ab4e dd34 cc51 b32e 796a 60c8 60c8 6908 7149 6908 6929 6908 6929 6928 6908 60e7 58e8 58c8 58a7 58c8 58a7 60c7 60e8 60c8 58a7 5888 58a8 798a 9a8d b34e c38e bb8e b34e b32e bb8e cc0f d46f d48f d46f d44f d44f d44f cc4f cc4f cc4f cc4f cc4f d44f cc4f cc2f cc4f cc4f cc4f cc4f cc6f cc50 cc6f cc6f cc6f cc6f cc4f cc2f c42f cc2f cc4f c42f cc4f cc2f c42f c42f c42f c42f c42f c430 c430 c430 c410 bc10 c410 bbef bbef bbcf bbcf bbcf bbce b3cf bbaf bbaf b38f b36f b36e b36e 
b229 aa2a aa2a b20a aa09 aa29 aa09 aa09 aa09 aa09 aa09 aa09 a9e9 a1c9 a1c9 a1a8 a9c9 ba49 cacb d34b dbac e3cd e42e e46f ecae ecae ecae eccf eccf eccf eccf eccf eccf ecae ec6e ec2d e3cc db8c d30b ba6a a1c9 9169 8949 8969 9189 91a9 99a9 a1c9 a1c9 a9c9 a9e9 aa0a aa4a b22a aa2a aa09 aa09 aa09 aa09 aa09 a9e9 b209 b209 b209 b209 b209 b22a ba29 ba4a ba6a c26a ba6a c28a ca8a c28b c2ec cb2c d34c d34c dbac dc0d c36c 8948 68c7 5887 4847 5068 6909 aaef cbaf cb2c b229 aa29 99ea 7908 8169 89aa 68c9 610b 71ce 7a0e 71cd 58a9 5069 50c9 69ae 7a10 694b 8b52 698c 4847 4847 5067 590a 698b 692a 6109 618b 5909 698b 718b 58a7 60e8 5887 5046 5067 4846 5047 60e9 79ed 718d 722f 614b 612a 716c 58c9 5068 4847 60e8 a30d cc0f bacb aa6c c451 dd32 dc8f dcb0 dcf1 dd53 dd94 ddd5 d532 cc70 cc10 cc71 d4f3 d575 ddb5 ddd5 d593 cc2f c30c cacc d32d db8e dbce dbaf db6e dbce dbef dbcf d36e c2cc b24b a9ea 9168 8948 8107 8107 8927 9988 aa2a c32d dbef e470 e490 e490 e471 e470 e491 ecb1 ecd1 ed11 ed32 ed73 ed73 ed73 ed73 ed33 ed54 ed94 ed73 ed73 ed73 ed93 ed52 ed11 e48f d3cd bb2b b28a a20a 91c9 8989 99ca a20a a1ea 99a9 9988 9147 7086 6066 5887 5087 5087 58a7 6909 60c8 a32e dd14 cc51 bb6e 89eb 6109 60c8 60c8 7169 6929 7149 6908 7149 6928 60e7 60c7 58a7 58c7 58a7 58a7 5887 60c7 60e8 60e8 58c8 58a8 60c9 89cb ab0e bbaf bb8e b34e b32e bb6e c3ce cc2f d46f d46f d46f d44f d44f d44f cc4f cc4f cc4f cc4f cc4f cc4f cc4e cc2f cc2e cc2f cc2f cc4f cc4f cc4f cc4f cc50 cc4f cc6f cc4f cc2f cc2f cc2f cc2f cc2f cc4f cc4f c42f c42f c42f cc30 cc2f cc50 cc50 c450 c430 c430 c430 c3ef bbef bbef bbcf bbcf bbcf b3cf b3af bbaf b38f b38e b38e b36e 
b209 aa09 aa09 aa2a aa0a aa4a aa4a aa2a aa09 aa09 aa09 b1e9 aa09 a1c9 a1a8 a1a8 a9e9 ba49 caaa d30b dbac e3cd e3ed ec6e ecae ecce ecae ecaf eccf ecae eccf eccf eccf ecce ec8e e42d e3cc db6b d30b ba6a a1c9 9169 8949 8989 9189 99a9 99a9 a1e9 a209 a9e9 a9ea aa2a aa2a b22a b209 b209 b209 b209 aa09 a9e9 a9c9 aa09 a9e9 b1e9 b229 b209 b229 ba29 ba4a ba29 ba49 ba6a c26a c28b cb2c d38d dbce dbad db4c db6c dbac c3ae 8169 7108 79ca 718a 50a8 6129 a310 c30d c32d a1ca 8969 920b 8169 7909 70e9 68ea 71ad 8250 79ce 60ca 58aa 58ca 71ee 8250 694c 5088 7a8f 8ab1 50a8 5067 5088 5909 694b 60e9 50a8 50a9 58c9 71ac 822e 714b 58a8 5046 5046 5066 5066 5067 5868 612a 69ab 7a8f 696c 58c8 694b 4867 4026 58a8 9a8c cbee cb4c baed cc31 dd32 dcb0 dc90 dcf1 dd53 dd94 ddd5 ddb4 d4d1 cc30 cc50 d4f3 dd75 ddd5 d5b4 ccb0 bb2b c28a cacb cacb d2ec d34d d34d d34d caac ba6b d3ae dc0f dbce caec caec c2ab a9c9 a9e9 a1c9 9988 9168 9168 9968 a1ca c2ab d36e e430 e450 e450 e450 e470 e470 ecb1 ecd1 ed12 ed53 ed73 ed74 ed73 ed53 ed54 ed53 ed53 ed32 ed12 e4f1 dc0f c32c b24a a1e9 a1ea a22b a1ea a24b aa4c b28c c2ec ba6a b209 a9e8 9988 78e7 68c7 6087 5067 5067 5887 6909 60c9 9aad d4f3 cc51 b34e 9a2c 6909 60a8 60c8 6949 6949 6908 6908 7129 7129 68e8 60e8 58a7 58a7 58a7 60c7 60a7 60c8 60e8 60e8 60e8 60c9 712a 924c b32e c38e bb8e b34d b32d bb8e cc0f d44f d46f d46f d44f d44f d44f d44f d44f cc2f d42f d42f cc4f cc2f cc2f cc2f cc2f cc2f cc2f cc2e cc2f cc4f cc4f cc4f cc4f cc4f cc4f cc2e cc2e cc2e cc4f c42f cc2f cc2f cc2f cc2f cc4f cc2f c42f c44f cc50 cc50 c430 c430 c430 c430 c40f c40f bc10 bbef bbef b3cf b3af b3af b38f b38f b36e ab6f 
aa09 aa0a aa09 aa2a aa2a aa4a aa2a aa2a aa2a aa09 aa09 a9e9 a9e8 a1a8 a188 a188 a9e9 ba49 cacb db2b dbac e3cd e40d ec6e ecae eccf ecaf ecaf ecce eccf ecce ecce ecef eccf ec8e e42d e3ed db8c d30b ba8a a1e9 9169 8949 8948 9189 9989 99a9 a1c9 a1e9 a1ea aa0a aa2a aa2a aa09 aa0a b209 aa09 aa09 b209 aa09 a9c9 b209 b209 b1e9 b209 b209 b209 ba09 ba29 b229 b24a ba4a ba6a caeb dbad dbee dc0f dbce dbad db8d e3ec dcf0 bbee a2cc c3cf bb6e 922c 8a4d aaef baab cb2c aa4b 7908 7169 68e8 58c9 60ea 714c 7a0f 8ad2 718d 690c 692c 718c 82d0 71ce 4868 4847 696b 8ad0 694b 5088 5088 6109 79ac 58a8 5067 4867 5068 696b 8a6f 81ed 5887 5066 5046 5866 5887 5887 5867 5067 5887 58e8 696b 612a 4846 4826 5087 924b c3ae bacb b2ac cc51 dd53 dcd0 dcb0 dcf1 dd52 dd94 ddd5 ddd5 dd53 d4b1 d471 d4d2 d574 ddd5 d573 bb8c b269 b209 ba49 ba49 ba29 ba49 ba6a ba69 ba8a a1a8 80e7 b26a d38d cb0c a9a8 b24a a9e9 a9ea ba8b ba6b b20a b24a b20a b20a b20a c24a caec db8e dbcf e3ef e40f e430 e430 ec70 ecd1 ed33 ed53 ed94 ed94 ed94 ed53 ed53 ed53 ed33 ecd1 e470 d3ef c2ed b2ac aa6c aa4a b28b b26b 99c9 a1e9 99c9 b229 b209 a1a8 9167 9188 8927 78e7 7928 60a7 5087 5087 5888 6929 68e9 9a6c d4f3 cc72 bb4d 9a6c 798a 58a7 58a7 6108 7149 6908 6928 6928 6908 60e7 58a7 58a7 58a7 60c7 60c7 60c7 60c7 60c7 58a7 60c8 6909 81ab a2ee bb6e bbae bb6e b32d bb4d c3ce cc2f d44f d44f d44f d44f d42f d44f d42e d44f d42f d42e d42f d42f d42e cc2f cc2f cc2e cc2f cc2f cc2e cc4f cc4f cc4e cc4f cc4f cc4e cc2e cc2e cc2e cc2f cc2e cc0f cc2f cc2f cc0f c42f c42f c42f c44f cc4f cc50 cc50 c450 c450 c430 c40f c3ef c40f c40f c430 bc0f bbcf b3cf b3af b38f b3af b38f ab6e 
a9ea aa0a aa09 aa09 aa2a aa2a aa09 aa0a aa09 aa09 aa09 a9e9 a1c8 a1a8 9988 9968 a9c9 ba49 caca d32b db8c e3cd e40d ec6e ecae ecce ecce ecce ecce ecce ecce ecce eccf ecae ec6e e42e e3ed db8c d32b c26a a1e9 9168 8948 8948 9168 9988 9988 a1a9 a1e9 a1e9 a9e9 aa09 aa0a b209 b209 b209 b209 a9e9 b209 a9e9 b1e9 b1e8 a9c8 a9e8 b1e9 b209 b1e9 b209 b22a b28c b2ce bb2e c38e d36d db8d dbcd dc0e dbee dbce dbcd e3cc ec8e e44c d3ec dc4f dc2f c30d 99ca 8149 8108 7907 68c8 58e8 596b 58ea 612c 71ad 8250 8af2 718c 60ca 718d 79cf 71ac 8ad1 696b 4847 4847 590a 71cc 71ed 58a8 5068 6129 79ee 58a8 5067 4847 5068 58e9 71cc 828f 718c 50a8 5087 5087 5887 5887 5866 5887 5867 5067 4866 58c9 5068 4846 81ea c3cf c30c aa6b cc30 dd52 dcd0 dcb0 dcd1 dd32 e5b4 e5f5 ddf6 ddb5 d553 d4f2 d512 dd74 ddb4 c46f a249 9988 a1a8 a188 9988 99a8 9168 8107 8107 8107 8107 70a6 6886 7906 9167 8107 6866 70c7 70c7 8948 b24b b20a ba6b cacc caab ca6b ca8b ca8b d2cc db0d db6e dbcf e3ef e3ef e3ef e450 ecb1 ed32 ed74 ed73 ed94 ed94 ed73 ed74 ed53 ed53 e4b0 d3cf c32d bacc aa6b a22a 8947 8147 78e7 70a6 70a7 70a7 78e7 78e7 7907 80e7 8927 8107 7928 70e7 5867 5867 5047 5887 6949 70e9 922c d4d3 ccb3 b30d a2ad 81aa 60c8 58a8 6108 718a 6908 6929 6908 60e7 60a7 58a7 58a7 58a7 58a7 58a7 60a7 60c8 58c7 5067 5888 6929 926c b34e bbae bb8e b34e b32d bb8e cc0f d44f d44f d44e d44f d44f d44f d42f d42e cc2f d42f d42f d42e d44e d42e cc2f cc2e cc0e cc2f cc2f cc2f cc2f cc4f cc4f cc4e cc4f cc4e cc2e cc2f cc2e cc2e cc2e cc0e cc2e cc2f cc2f c42f c42f cc2f c44f c42f cc2f cc2f c430 c430 c410 c40f c3ef c3ef c3ef c3ef bbef bbcf bbef bbcf b3af b3af b3af ab8f 
aa09 aa2a aa29 aa09 aa09 aa09 aa09 aa09 aa09 aa09 a9e9 a1e9 a1c9 a1a8 99a8 9968 a1a8 ba49 caca d32b db8c e3cd e40d ec6e ec8e ecce ecce ecce ecee ecee eccf ecce eccf ecaf ec6e e42d e3ec db6b d30b c26a a1e9 9189 8948 8928 9148 9988 9988 a188 a1c9 a1e9 a9e9 aa09 b209 b209 b209 b1e9 b209 b1e9 b1e9 b1e8 a9e9 a9e9 a9e9 b1e8 a9c8 a9c8 a9e9 aa0a bb0e c3d0 cc71 d4b0 d36c d38d dbac dbcd dbee dbed dbce e3cd e3ed dbcd c32c aa4a b28b bb2d a26c 70c8 5887 5047 4847 50a8 616c 720e 71ad 79ae 822f 9332 8a90 692c 690b 79ce 79cf 7a0e 8af1 694b 4868 4868 612a 696b 694a 690a 5088 6129 824f 58a8 5067 5047 5067 5068 58c9 7a2e 8ad1 79ee 610a 50a7 5087 5866 5866 5887 5866 4846 4887 4047 4847 7169 b3ae cb6d baac c3cf dd74 dcd0 dcd0 dcf1 dd12 dd73 e5d5 e5f6 ddd5 dd94 dd73 dd33 dd93 d572 b36c 9188 8927 9127 8907 80e7 70a7 70c7 70c7 68a7 68a7 6886 6886 6886 6087 68a7 68e7 68e7 60a7 5866 5846 6866 78c7 9148 c2ac d30d d2cc d2ab d2cc d2ab d2ec d32d db4d db6e e3ae e3ce e3ef ec30 ecb1 ed12 ed74 f594 ed94 f5b5 f5b5 edb4 ed52 e4d1 d3ad b2ab 91a9 8148 70e7 70c7 6886 70a6 68a6 6886 6886 6887 68c7 68c7 68c7 70c7 70e7 7907 7907 6086 5887 5867 5047 5067 7129 7109 89eb d492 d4b3 b34e a28c 89ca 7149 60a8 60e8 718a 6908 6908 6928 60e7 5887 5887 58a7 60a7 58a7 58c8 60c7 60c8 58c8 5067 5087 7149 a2ad bb8e c3ae bb8e bb4d bb4d c3ae cc0e d44f d44f d44f d44f d44f d44f d42e d42e cc2f cc2f cc0e cc0e cc2e d42e d42f d40e d42e d42e cc2f cc2f d42f cc2f cc2e cc2f cc4e cc4e cc4e cc2e cc2e cc2f cc2f cc2f cc2f cc2f c42f c40f c42f c42f c42f c42f cc10 cc30 c430 c42f c40f bc0f bbef bbef bbcf bbef bbef bbcf bbcf b3cf b3af b3af b3af b38f 
a1e9 aa09 a209 a9e9 a1e9 a1e9 a1e9 a9e9 a9c9 a1c9 a1c9 a1e9 a1a8 9988 9168 9168 9988 b209 c2aa d30b db8c e3cd e42d ec6e ec8e ecae ecce ecce ecee ecee eccf eccf ecce ecae ec4e e40c e3cc e38c d30b ba6a a1e9 9189 8928 8927 9148 9988 9988 a188 a1a8 a1a8 a9e9 a9c9 aa09 b209 b209 b1e8 a9e8 b1e9 a9c8 a9e9 a9e9 a9e9 a9c8 a9a8 a988 a189 a9ea bb90 d492 dd11 f610 ec8d d2ea db6b db8c dbac dbad e3ed e3ee dbae d3ae c36e a28c 7969 68e8 818a 796a 5887 4847 4047 50ca 71ef 8ab1 820f 714b 79ce 82b1 79ed 71ac 79ef 718d 7a10 716d 82d1 9352 694b 4847 5088 612a 694b 5068 692b 692c 6129 8ad1 60c8 5087 5067 5067 4847 4848 58a9 7a0e 8ad1 8ab1 71cd 58c9 5066 5866 5886 5867 4846 4067 4027 6108 ab4d c3ce b24a c3af dd73 dcf0 dc8f dcd0 dd11 dd33 dd94 e5f6 ddf5 ddb5 dd94 dd94 dd93 d511 a2aa 8927 80e7 80e7 7086 6886 6887 6887 6887 68a7 68a7 6086 6066 6067 6067 60a8 7149 8a6c 928d 81aa 68e7 5886 5066 5866 6046 8907 b24b caec d30c d2ed d2ab d2cc db0c db4d db4d e38e e3ae e3ef ec30 ecb1 ed32 ed74 f5d5 f5d5 f5f5 f5f5 edb4 dcb0 b2eb 9188 70e8 60c8 60c8 60c7 68e8 70c7 818a 81a9 7908 68a7 6087 6087 68c7 68e8 68c7 70c7 70c7 6886 6086 6087 5866 5067 5087 6929 68c9 89ca cc51 d4d3 bb8f 9a2b 89eb 7129 6909 6108 716a 6908 6908 68e8 60a7 5887 5887 58a7 60a7 60a7 60c7 60c8 58e7 58a8 5088 5888 81ca ab0d c3ae c38e bb6e bb6e c38e cc0f d44f d44f d44f d44f d42f d42f d42f d40e cc0e cc2e cc0f cc0e cc0f cc0e cc0f cc0e cc0e d42e cc4f cc0f cc0f d40f cc2e cc4f cc2f cc2f cc2e cc2e cc0f cc2e c40e cc2f cc2f cc2f cc0f c42f c42f c40f c40f c430 c430 c40f c42f c40f bc0f bbef bbef bbef bbcf bbcf bbcf bbcf bbaf b3af b3af b3af b3af b38f b38f 
a9e9 a1e9 a1e9 a1e9 a1c9 a1e9 a1e9 a1e9 a1c8 a1c9 a1c9 99c9 9988 9188 9168 9148 9968 b209 c2aa d30b db6c e3cc e42d ec6e ecae ecce ecce ecce ecce ecee eccf ecce ecce ecae ec6d e40c e3cc db6b d2eb c269 a9c9 9148 8928 8908 9148 9988 9988 a1a8 a1c9 a1c9 a1e9 a9e9 a9e9 a9e9 aa09 a9e8 a9c8 a9e9 a9c8 a9c8 a9e9 a9a8 a1c8 a1a8 a168 a169 c2cb e5b4 e551 f5d0 f58e db4a d30b db6c db8c dbac e3ed e3ed d36c baac c34e bb2d 9a0b 7949 7949 60c7 5887 5068 4848 50c9 7a70 8ad1 718c 60ca 614b 7a6f 616b 50a9 58ea 79cd 7a2f 820f 79ce 9373 8ad0 58e9 4867 4888 5909 694a 5088 58c9 610a 6109 8af1 696b 5088 5887 5087 5067 5067 5067 58c8 71cc 7a0e 71ac 718c 71ac 60c9 5866 5046 4846 4047 58a8 9acc c3ce b2ab b32d dd33 dd31 dcb0 dcd0 dcf1 dd12 dd53 ddd5 de16 ddd5 ddd5 ddb4 ddb4 c48f 9a29 9148 9128 8107 78c7 6066 6087 60a7 68c7 70a7 6087 68a7 6087 5867 6087 7129 7929 926c bc93 cd35 bc33 9aee 798a 6087 5866 6087 70a7 9148 c28a d30c d2cb d2ab d2ab db0d db0c db4d e36e db8e e3ce e430 ec90 ed13 f5b5 f5f5 f616 f615 edf4 dcd0 aa6a 70e7 60c8 58a8 5888 58c9 68e9 81ed 89cc a30f b390 a2ad 8969 6087 5866 6086 68a7 68c7 68c7 68c7 6086 6086 60a7 5887 5046 5887 7149 68a9 818a cc31 dcf3 bbd0 91ea 89eb 7149 6909 6928 79aa 6908 6908 60e7 60a7 5887 5887 58a7 60a7 60c7 58c7 58c7 58a7 58a8 58a8 7129 9a6c bb6e cbce c3ae bb8e bb6e cbef cc2f d44f d44f d42f d44f cc4f cc2f d42f d42e cc0e cc0e cc0e cc0e cc0e cc0e cc0e cc0e cc0e cc0e cc2f cc0e cc0f cc2f cc2f cc2f cc2f cc0f cc0f cc2e cc2f cc2e cc0e cc2e cc2f cc2f cc0f cc0f c42f c40f c40f c40f c40f c40f c40f bbef bbef bbcf bbcf bbcf bbcf b3af b3af b38f b38f b3af b3af b38f b38f b38f ab6e 
a1e9 a209 aa09 a1e9 a1e9 a1e9 a1c9 a1e9 a1c9 a1c9 a1a8 99a8 9968 9188 9148 9127 9968 b209 c2aa d32b db6b e3cd e42d ec8e ecce eccf ecce eccf ecee eccf eccf ecef ecef eccf ec8e e40d e3cc db6b d2ea c269 a1c9 9148 8928 9128 9968 9988 a1a8 a1c9 a1e9 a9e9 a9e9 a9e9 aa09 a9c8 a9e9 a9e8 aa09 a9e9 a9e9 a9e9 a9c8 a9a8 a9a8 a188 a188 9969 baaa e573 e531 edb0 dc6f cb4d d32c d36c dbac e3cc e3cc dbed c2ed aa6c cb6d c32d 8169 7949 68e8 4867 4888 60ea 612b 7a2e 7a0d 692a 5068 612a 7a2e 698b 4888 4868 58ca 79ce 8b12 8250 7a0e 8b11 71ac 58c8 5088 50a8 50a8 58a8 5067 58a8 5088 50a8 7a6d 826f 58c8 58a8 5867 5067 5867 5887 58a7 58c8 58a7 5087 58a8 616a 612a 58a8 5068 5889 5068 8a0a c3ce b2ab b2cd d513 dd52 dcb0 dcf1 dd32 dd32 dd53 ddb5 e616 ddf6 ddd5 e5d4 ddd4 bc2e 9a09 9988 9968 8907 78c7 68a6 5846 6067 70e7 89a9 8969 68a7 7969 7109 5047 5886 79ca 794a 79aa ccf4 e5f8 dd97 d555 bc32 9a2c 78e8 8968 a20b 9969 ba29 caac ca8b ca6a d2ab daec db0c db2d db6e db6d e3ce e430 ec91 ed33 f5d5 f637 f676 f655 dcf1 aa8a 8108 60a7 60e8 60c8 5888 58a8 68e9 8a8d 9a8f a32f cc94 c3d1 aa4b 8108 6087 6066 60c7 6886 68a7 60a7 6087 6087 58a7 5887 5046 58a7 796a 68a9 7949 c431 d4d3 c3d0 a20b 920b 79ab 6929 7149 798a 6908 6908 60c7 6087 5887 58a7 58a7 60c7 60c7 58c7 5887 5887 50a8 60e9 81cb aaed c38e cbae c38e bb8e c38e cc0f d44f d44f d44f d44f d42e d42e d42f d42e cc2e cc0e cc2f cc0f d40e cc0e cc2f cc0e d40e cc0e cc0f cc0f cc0e cc0e cc2f cc0f cc0e cc0e cc0e cc0e cc0e cc2f cc0e cc0e cc0e cc0f cc0f cc0f c40f c40f c3ef c3ef c40f c40f c40f bbef bbcf bbcf bbcf bbcf bbae b3af b38f b38e b38e b36e ab8f ab8f ab6f ab6f ab8f ab6f 
aa09 aa09 a9e9 aa0a a1e9 a1e9 a1e9 a1e9 a1e9 a1c9 a1a9 9988 9988 9168 9148 8927 9988 b209 c2aa d32b db6b e3cd e44d ec8e ecce eccf ecce eccf eccf ecee ecef ecee ecef eccf ecaf e42d e3ec db6b d2ea c269 a9e9 9168 8927 9128 9968 9988 a1a9 a9e9 aa09 a9e9 b1e9 b209 b209 a9e9 aa09 aa09 aa09 aa29 b209 a9e9 aa09 a9e9 a9c8 a1a8 9968 80c8 9189 ccb1 cc2f bbec cc8e dcd1 dc70 dc0f dbad e3cd dbad d3ad baac b28b c32b 99ea 5887 5887 5067 4868 58ea 7a2f 822e 716c 5888 58a9 612b 718c 612a 694b 50a9 5089 60eb 79ee 9313 79ce 7a0e 9373 71ac 58c8 50a8 5087 50a8 5087 5087 5888 5068 5068 698a 8af1 694a 60c9 5867 5067 5067 5867 58a7 58e8 5887 5066 5087 50c8 5087 4867 5088 610a 79ac ab2e b2cc aa6c cc71 dd73 dcb0 d470 d4b1 dd32 dd53 ddb5 ddf6 de16 ddd5 de15 ddb3 c40e a24a b22a aa09 99a8 8928 78e7 70a7 6066 7087 8128 9a0a a24b 7928 818a 89cb 7949 7149 81eb 792a 820d cd77 e618 e618 e5f7 dd95 cc31 a1eb 9948 ba6a ba0a b1c8 c24a c24a c24a ca8b d2ac d2ec db0c db2d db6e e3ce ec30 ecd2 f573 f5f6 f677 f676 e5d3 c34c 99a9 89aa 7109 7149 79aa 68e8 68e8 81aa 818a 816b a350 d4d4 d431 bacc 9168 70c7 6066 60a6 6066 6066 6086 6087 5887 5886 58e8 5087 60a7 79ab 60a8 7949 c431 d4f3 c431 a22b 81cb 8a0c 7149 79aa 7169 6908 6908 60a7 58a7 58a7 58c7 58a7 60a7 60c7 58a7 5887 58a8 58c8 7129 924c b34e c3ae c3ae c38d bb8e c3ae cc0f d44f d44f d44f d44f d42f d42f d42f cc4f cc0f cc0f cc0e cbee d40e cc0e cc0e cc0e cc0e cc0e d40e d40e d40f cc0e cc0e cc0e cc0e cc0e cc0f cc0e cc0e cc0e cc0e cc0f cc0e cc0f c40f c3ee c40f c3ef c3ef c3ef c3ef c3ef bbcf bbcf bbcf bbcf bbaf b3af b3af b38e ab8e b36e b36e ab6e ab6e ab6e ab6e ab6f abaf b3ef 
aa09 aa09 aa0a aa0a a1e9 a209 a9e9 a209 a1e9 a1c9 99c9 99a8 99a8 9168 9148 8907 9168 a9e9 c28a d30a db6c e3ed e42e ec6e ecae eccf ecce ecee ecef ecef ed0f ecef ecef eccf ec8e e42e e3cc db4b d2ea c289 a9e9 9988 9148 9148 9988 9988 a1a8 a9e9 a9e9 aa09 b209 b209 b229 b1e9 b229 b229 b209 b22a b209 b209 b26a aa09 99a8 9168 78e7 6067 68e8 ab8d b3f1 920b a32e d4d0 f5f3 edb3 e532 e48f d3ec aa4b 7928 68e7 68e8 58a8 4867 4868 5089 610b 71cd 820e 714b 60ca 58a9 612b 696c 692b 60ea 698c 610b 60ca 694c 82b1 9333 820f 826f 9bd4 71ac 5088 5088 50a8 58a8 58a7 58c8 58a7 5067 5068 60e9 828e 79cc 5887 5887 58a8 5087 5887 58a7 60c8 5866 5066 5066 5067 4867 4888 4867 6129 9ace 9a6c 920b b3b1 ccb2 cc50 cc51 cc71 ccf3 d554 ddb5 ddf6 ddf6 ddf5 ddd4 d553 bbad aa6b b24b c2ab c2ac b24b b22a a1e9 9189 78a7 7066 8908 a20a b2ac a26c 796a 7969 7969 796a 796a 8a2e b476 de19 e638 ee38 edf6 edb5 dcb1 c2ed a9ca ba09 ca8b ba09 ba29 c24a c26b ca6b d28c d2cc db0c db2d db8e e3ef ec50 ecf2 f5b5 f636 f677 ee55 dcb1 b26b aa2a b2cd 9a4d 816a 8a0b 8a0b 89ca 89cb 816b 8a2d c454 dcb3 d3f1 c2ec 9968 78e7 6866 6086 6046 6066 6086 5866 5887 5886 5867 5067 60e8 81eb 6088 7109 c411 d4f2 cc51 a28d 798a 8a0b 798a 79ca 7169 60e8 60e8 58a7 58a7 58a7 60c7 60c7 60e8 60c7 58a7 58a7 58a7 58a8 798a a2cd bb8e c3ae c38d bb6e bb8e c3ef cc2f cc4f cc4f cc2f d42f cc2f cc2f cc2f cc2f cc0e cc0e cc0e cc0e cc0e cc0e cc0e cc0e cc0e cc0e d40e cc0f cc0e cc2e cc0f cc0e cc0e cc2f cc0e cc0e cc0e cc0e cc0e cc0e cbee c3ee c3ee c3ef c40f c3ef c3ef c3ef c3cf bbef bbcf bbcf bbaf bbae b3af b3ae b38e b36e ab6e ab6e ab4e ab6e ab6e b3ae b3cf bc10 c450 cc90 
aa09 aa09 a20a a9e9 a9e9 a9e9 aa09 a209 a1e9 a1a8 99c9 99c9 91a8 9168 8948 8907 9168 a9e8 c28a d30b db8c e3cd e40d ec6e ecaf ecee ecee ecee ecee ecef f4ef ecef ecef eccf ecae e44d e3cc db6b d2ca c289 b209 9988 9148 9968 9988 a1a9 a9c9 b1e9 b209 b209 b209 ba29 b229 b229 b229 b229 b209 b209 b209 aa29 a249 8147 70e7 70e7 68c7 68e8 796a a2ed c493 bb90 d4d1 e552 f614 fef8 f6d7 dd51 a269 714b 50a9 4887 5088 4867 4867 5089 612b 79ee 79ed 694c 694c 692c 58ca 610b 71ad 694c 696c 716c 71ce 79ae 71ad 8b12 8ad2 79ce 826f 93d4 7a2f 58c9 5087 58c8 5888 5887 60e9 58a8 5087 5087 58a8 6949 6909 5867 60c8 60c8 5067 5867 5887 60a7 5867 5066 4867 4826 4867 50c9 6149 9acd b32d 99ea ab4e cd14 cc50 d470 d4f2 dd12 dd94 ddb5 ddf6 ddf6 ddd5 ddb4 ccd0 bb0c b26b ba8b c28b caac caec cb0d cb0d c2cc b26b 9989 78c8 8928 aa0a ba6c bacd aace 920d 89ac 8a0d a331 bcd5 ddb8 e5f8 edf7 ee17 edd5 e533 dbee d34d d30d ca4a ca8a caab ca6a ca6a ca8b ca8b d2ab d2cc d2ec db0d db6d e3cf e470 ed33 f616 f678 f697 ee15 d40f b22b b22b bb0d bb90 a28e 8a0c 89eb 89ec 8a0e 9af0 bc95 d515 dcb3 d3d0 ba8b 9968 78c7 68a6 6886 6866 6886 68a7 5887 5887 5887 5887 5887 6908 81cb 60a9 7109 bbb0 d4f2 c492 a2ce 716a 81ec 81cb 81eb 7169 60e8 60c7 58a7 58a7 58c7 58a7 58a7 60e8 60c7 58a7 58a7 5887 60e8 8a2b ab2d c3ae c38e c38e bb8e c3ce cc2f d44f d44f cc4f d42e cc2e d40e cc2e cc2f cc2f cc0e cc0e cc0e cc0e cc0e cc0f cc0f cc4f cc2f cc0f cc0e cc0e cc0f cc0e cc0f cc2e cc0e cc0f cc0e cc0e cc0e cbee cbee cc0e cc0e c3ee c3ef c3ef c3ef c3ce c3cf bbcf bbcf bbce bbcf bbae b38e b38f b38e ab8e b36e ab4e ab6f ab8e b3af bbef bc0f c44f cc70 d4b0 d4f0 dd31 
aa09 aa09 aa29 aa2a aa09 a9e9 aa09 a209 a1e9 a1a9 a1c9 99c9 91a8 9168 8928 8927 9168 a9e8 c28a d30b db8b e3cd e42e ec6e ecae ecce ecee ecee ecee ecef ecef ecef ecef ecef ec8e ec2d e3ed db6b d2ea c289 b1e9 99a9 9969 9988 a1a8 a1a8 a9c8 b1e9 b209 b229 ba29 ba4a ba29 ba4a ba2a ba29 b2ab a1a8 8107 70c6 68c7 68a7 7949 926e 9a4e a2ef bb90 d410 dcf3 d4b4 dc71 edd3 ee95 d5b1 abed 79e9 58e9 71ac 696c 4888 5088 50a9 590b 71ce 8ab2 8ad1 824f 694b 58e9 50a9 5068 612b 71ad 696c 820e 79cd 71ad 79ae 71ad 8b53 8af3 696d 824f 9c16 82b1 718c 6109 58c8 58a8 5087 58c8 5866 5046 5846 58a7 58c8 58a8 58a8 6909 60c8 5887 5887 58c7 58c8 5887 5066 4866 4826 4867 58e8 9aac bb6e aa4b b30e d534 dd32 d44f dcb1 dd12 dd53 ddd5 ddf6 ddf6 ddd5 d573 c3ee b28a ba6b c2ab caac cacc cacc d2ec d36d d36e d32d cb2d baac aa2b a9ea a9ea a9ea c28c c30e c32f bb50 c3b1 d451 dcf3 dd54 e595 edb5 ed94 e533 e4b2 dbd0 db8e db4d ca8c caab d2ec d2ab ca6b ca6a d28b d2cc d2cc d2cc daec db4e e3cf e471 ed54 f616 f6b8 f698 e5f5 cbcf b26c aa0b aa4c bace bb4f b351 ab10 ab31 bbd3 cc74 d4f4 d493 d410 cb2d b209 8928 7086 68c7 70e7 68a7 6887 68c7 60c7 58a7 58c8 58c8 58a8 6928 81cb 58c9 6909 b36f dcd2 ccd3 ab0f 81aa 81eb 81eb 79aa 7149 60e8 58a7 5887 58a7 58a7 5887 58a7 68c7 60e7 58a7 5887 58a7 7149 9a8c b36e bbae bb8e bb6e c38e c3ef cc2f d44f cc2f cc2f d42e cc4e cc2e cc0e cc0e cc2e cc0e cc0e c3ee cc0e cc0e cc0e cc2f cc50 cc70 c42f cc0e cc0e cc0f cc0e cc2f cc2f cc2e cc0f cc0e cbee cbee cbee cbee cbee cbee c3ee c3ce c3ce c3ee c3ce bbcf bbaf bbaf b3ae bbae bbae b3ae b38e b36e ab6e b36e b38f bbef c42f cc6f cc8f d4d0 d4f0 dd10 dd30 dd50 e571 
aa2a aa2a aa29 aa0a aa09 aa09 aa29 a9e9 a1c9 a1a9 a1a9 99a8 9988 9168 9148 8907 9147 a9e9 c28a d30b db8c e3cd e42e ec6e ecae eccf ecef ecee ed0f ecef ed0f ed0f f4ef ecef ecae ec4d e40d db6b d32b c289 b209 99a9 9968 9988 a1a8 a9c9 a9c9 b1e9 b209 b22a ba4a ba4a ba4a ba4a ba4a c289 c3ac 70c7 5866 5866 70c8 816a 9a6d bbd0 c3d1 c3d1 cbf1 d3d0 d450 d4b2 dcd2 dcf1 ab2c 7188 5909 50a9 5089 614b 7a50 71ae 71ce 7a30 82b1 8270 7a2e 7a2e 71cd 5068 4867 4868 5089 69ce 69ae 612b 7a0f 71ad 696d 718e 79ef 8b32 9b95 79ef 8ad1 9c36 8ab0 822f 692a 698c 612a 5087 5887 5067 5066 5067 5887 58a8 5887 58a7 60a7 5887 58a7 58a7 58c7 58c8 5046 4846 4846 4026 5067 8a0a c38e b24b aa6c ccd3 dd73 dcb0 dcb0 dd12 dd73 ddb5 ddf6 ddf6 ddd5 cd32 b32b aa29 ba4a caab cacc cacc d30d d2ed d2ec db6e db6e db6e db6e d34e caed ba8c baad baac c26b ba4b caac ba8b c2ed d34e d3af cbcf d40f d430 d3ef dc72 dcb3 dc93 dc73 dc51 d3af d34d d2cc d2ab d28b ca8b d2ac d2ab d2cc d2cc daec db6e e3af e471 ed33 f616 f6b9 f6b9 edd6 dcb1 d431 c3b1 bb90 c30f cb4f d38f cb4f cb2e cbb0 cbd0 cbd0 bb0d b26b a9c9 9147 78c7 68a7 8968 8948 78e7 70a7 70c7 60a8 5887 6108 60e8 60c8 6948 798a 5888 68e9 ab2f d491 d513 b36f 89eb 79aa 8a0b 798a 6908 6908 58a7 58a7 58a7 58a7 5886 60a7 68e8 60e8 58a7 60a7 71ca 8a0b aaed bb8e bb8e bb6e bb6d c3ae cc0f cc4f cc4f cc2f cc2f cc2f cc2f cc2f cc0e cc0e cc2f cc0e cbee c3ef c3ee cc0f cc0e cc2f cc50 ccb1 c42f cc0f cc0f cc0f cc0f cc2f cc2f cc2f cc0f cc0e cc0e cbee cbee c3ee c3ee c3ee c3ce bbae bbae bbce bbae bbae bb8f b38e b38e b38f b3ae b38e b38e b38e bbae c40f cc4f ccaf d4cf dd10 dd10 dd50 dd50 e570 e570 e570 e591 
b22a aa29 aa0a aa4b aa2a aa29 aa29 a1e9 a1c9 a1a8 a1a8 9988 9168 9168 9148 8907 9147 a9c8 c28a d30b db8b e3ed e42d ec6e ecae ecaf ecef ecef ed0f ed0f ed0f f50f f50f f4ef ecae ec6e e40d e38b d30a c28a b209 9989 9168 9988 a1a8 a9c9 aa09 b1e9 b229 ba09 ba4a ba4a ba4a ba4a ba29 c2a9 c3ac 7908 60a7 7108 a24c baee cbaf d471 cb90 b370 b351 b330 bb50 c430 b3cf 8a2b 6929 612b 60ea 58a9 50a9 58eb 71ed 9333 8ad2 79cd 694b 612b 7a2f 7a70 58e9 4867 4868 5088 58c9 71ed 71ee 612b 7a2f 7a2f 610b 610b 79ef 8ad1 9353 8a92 9312 9bb4 7a0f 8270 82b1 7a4e 58a8 5067 5887 5087 50a7 5087 5887 5887 5887 5887 5867 5887 58c8 58c7 58a7 5066 5046 4846 4046 4846 7989 bb6d c2eb aa0a c3d0 dd53 d490 dcb0 dcf2 dd52 dd94 ddf5 de16 ddd4 ccd0 aa8a a9e9 ba2a ca8b cacc d30d d30e d34d d32d d34e db6e db6e db6e db6e db8e d34e d34e d34e d30d c28c c28b c2ac b20b baad cb0d cb2e bacd baac bace b2ad cc11 d411 dc51 dc71 dc30 dbae d32d caac ca8b caac cacc d2ed d2ab d2cc d2cc dacc db4e e3af e430 ecf3 f5f6 f699 f6b9 ee16 dcd2 dc71 dc0f d3cf d38e d36e cb4e baac b28c baac b28b b28b 9169 8108 8108 8928 8968 8948 99a8 9188 80c6 70a7 70a7 6087 5867 60a7 58c8 60e8 7989 798a 58a9 68e9 ab0f d471 d534 bbd0 924d 796a 8a0b 81aa 68e7 60c7 5887 58a7 58c7 58a7 5887 60e7 68e8 60c8 58a7 68e8 81ca 9a8c b34e bb8e bb6e bb4d bb8e c3ce cc4f d44f d44f cc2f cc2f cc2f cc2f cc2f cc0e cc0e cc0f cc0f cbee c40f c3ef cbee cbee cc0f cc2f cc2f c40e cc0e cc0f cbef cc0e cc0f cc0f cc2f cc0f cc0f cc0e cbee c3ee c3ce c3ce c3ce c3ce bbae bbae bbae bbae bb8e b38e b38e b38e b38e b38f b3af bbef c42f cc8f d4cf dcef dd2f dd50 e550 e570 e570 e590 e590 e570 e571 e590 
b209 aa2a aa09 aa2a aa09 a209 a209 a1c9 a1c9 99a9 9988 9988 9188 9168 8927 8107 9127 a9c8 c269 d30b db6c e3cd e42d ec6e ecaf eccf ecef ecee ed0f ed0f f50f f50f f530 f4ef ecaf ec6e e40d e38c db0a caaa b229 9988 9148 9988 a188 a1c8 a9e9 b1e9 b229 b229 ba4a ba6a ba6a c249 ba29 ba4a cb4b a2cc 9a6c aace c36f c330 bb50 c3d1 bbd0 ab2e 9a6d 81cb 81cb 8a0c 820c 79ac 610a 60e9 5888 5088 50a9 5069 50ca 724f 9394 8b34 7a10 82b2 9353 8271 71ce 698d 50a9 58c9 5068 616b 71ee 614c 71ad 8291 71ae 50ca 722f 8270 8270 8af3 9333 9354 8b13 9393 7aaf 58c9 5067 58a8 58a8 5087 58a7 58a7 5887 5887 58a7 5888 5887 5887 58c8 58a7 58a7 5066 4846 4026 4847 6949 b34d c34d b22a baec d4f2 d4b0 d490 dd11 dd12 dd74 ddd5 de16 d5b4 c42e a209 a188 ba09 c24a caac d2ec d30d d32e db6e db4e d36f db8e db8f dbaf db8e db6e db4e db8e dbae db6e d2ed d32d d30c caac caed cb0d d34e cb2e c30e cb6f cb8f d411 d3f0 dbd0 dbd0 dbaf d3af d36f cacc ca8b d2cc d2ed d2ed d2cc d2cc d2ac d2cc db0d e38f e431 ecd3 edd6 f698 f6b9 ee37 dd34 dc92 dc10 d3cf d38e d32d cb0d cacc c2ed c2cd bacc c2cc b22b 99a9 a1c9 9168 a1e9 a1e9 99c8 9988 80e7 7086 70c6 6066 5846 60a7 6087 60c8 7969 796a 5889 68e9 a2ef d451 dd34 c431 a2ce 794a 81cb 7989 60c8 60c7 58a7 58a7 58a7 5867 58a7 6908 60e7 58a7 5887 68c8 8a0b ab0e bb8e bb6e bb4d bb4d c3ae cc0f cc4f d44f d44e cc4f cc2f cc2f cc2f cc0f cc0e cc0f cc0e cc0f cc0e c42f c40f cc0e cc0f cc0e cbee cbee cbee cc0e cc0f c40e c40f cc0f cc0f cc0e c40f cbee c40e c3ee c3ee c3ce c3ce c3ce bbae bbae bbae bbae b38e b38e b38e b36e b36f b38f bbef cc4f cc8f d4cf dd30 dd50 e570 e56f e590 e590 e590 e590 e590 e590 e570 e570 e590 
aa0a aa2a aa09 aa0a a209 a1e9 a1e9 a1c9 99a9 99a9 9988 9188 9188 8947 8927 80e7 8927 a9a8 c249 d2ea db6c dbcd e44e ec6e ecaf eccf ecee ecee ed0f f50f f510 f510 f50f f4ef eccf ec6e e40d e3ac db2a caaa b209 a188 9928 9968 99a8 a1c8 a9c8 a9e8 b209 ba29 ba29 ba49 ba29 ba29 ba09 ba0a caaa d40e c3af d3d0 d451 d411 cc11 bb8f aaed 89cb 716b 698b 694a 79ac 820c 718b 58c9 5088 5067 50c9 58ca 5068 58ca 58eb 71ed 93b4 9395 9395 9354 8b13 82d1 71ee 58c9 58a9 4868 58e9 71cd 696d 612b 7a4f 8ab2 71ae 7a2f 71ad 71ad 8291 8af2 9332 9bb4 8af0 79ed 612a 612a 60e9 5888 5887 58a7 58a7 5887 5887 5887 60a8 58a7 58a7 58a7 5887 5087 4866 4846 4027 58c7 a2ec cbad ba8a b28b cc71 dd11 d490 dcf1 dd53 dd74 ddd5 de16 ddf4 b3ac 99a8 a188 b1c9 c24a ca8b cacc d30d d32d db6e db8e dbaf dbcf dbaf dbae dbcf dbaf dbcf dbae dbae db8e db8e db6e db8e db6e db4d db4e d36e db8f dbaf dbd0 dbf0 dc11 dc31 dc31 dc11 dbf1 dc31 dc10 d36e d2ed d2cc d2ed d30d d30d d2ec d2cc d2ac daac dacd db6f e431 ecd3 edb6 f657 f6b9 ee57 e595 dd13 dc92 dc30 dbf0 db8f d36e d32e d32d d30c caac cacc c28b b22a b22a a9e9 aa2a b229 aa09 a1a8 8907 78c7 70c7 6066 5867 68a7 60a7 68e8 7128 7169 5889 68c9 a2ee cc51 dd14 c411 ab0f 7949 7169 7969 60e8 6087 60c7 58a7 58a7 5887 60e7 6928 60c7 5066 5067 6908 924b b34e bb8e bb6d b34d bb4d c3ce cc2f d44f cc2f cc4f cc2f cc0f cc0f cc2f cc2f cc0f cbee cbee cbee cc0e cc2f cc0e cc0e cc0e cc0f cbee c3ee cc0e cc0e c40f cc0e cc0e cc0f c40f c40f c3ef c3ce c3ce c3ee c3ce c3ce bbae bbce bbaf bbaf bbae bb8e b38e b38e b36e b36e bbcf c430 d4af d4f0 dd30 e570 e590 e590 edb0 edb0 edb0 e590 e590 e590 e590 ed90 e590 e590 e590 
aa2a aa09 a209 a1e9 a1e9 99e9 99c9 99a8 99a8 9188 9988 9188 8968 8927 80e7 78a6 80e7 a188 ba69 d30b db6c dbcd e42e e46e ec8e ecaf ecee ed0f ecef ed0f f50f f510 ed0f f4f0 ecce ec6e e40d dbab db2a caa9 b1e8 9988 9968 9968 a1a8 a1c8 a9c8 a9e9 b209 b229 ba29 ba49 ba29 ba29 ba29 ba2a ba4a caec d3ae d431 cbf0 c32e b2cd aaae 8a0c 714a 612a 694b 79ed 820d 718b 610a 50a9 4868 50a9 696d 692b 58ea 696d 696d 7a0f 8290 7a4f 7a4f 7a4f 8290 71cd 6109 5088 5068 4868 58ca 692b 698d 610b 592b 7a4f 8af3 8ab2 7a70 8271 8271 71ed 7a90 8290 69cc 7a6f 694a 6109 58c8 5887 5887 5887 58a7 5887 5887 5887 5887 60c8 58a8 58a8 50a7 50a7 4867 4847 50a7 924b c3ad baaa b24a c38f dcf1 dcf1 dd12 dd33 dd94 ddd5 de35 d593 ab2b 9147 a188 b1e9 c22a c24a ca8a d2cc d30d d30d db4e db8f dbaf dbcf dbcf dbcf e3f0 e410 e410 e40f e410 e3f0 dbd0 dbcf dbcf dbf0 dbcf dbf0 dbf0 dc30 dc31 dc51 dc72 e472 dc51 e472 e431 dc51 dc51 dbcf d34e d2ed d2ed d32d db2d db0d dacc d2ac d2cc daac dacd db6e e410 e4d3 ed96 f658 f6b9 ee78 e5b5 e554 e513 dc71 dc30 dbf0 dbcf dbaf db6e d30d d2ed d2cc cacc caab c26a ba6a ba8b ba6a b22a a9c8 9127 78c7 78c7 6086 5866 68a7 60c7 6908 7128 716a 58a8 60c9 9ace cc52 dd13 c452 ab4f 796a 7169 798a 60a7 58a7 60c7 58a7 5887 5887 60c7 60e7 58a7 5067 5887 7969 a2ac bb6e bb8e c36d b36e bb8e c3ee cc2f cc4f d42f cc2f cc2f cc2f cc2f cc0f cc0e cc0f cc0f cbee cc0e cc0f cc0f cc0e cc0e cc0e cc0e cc0f cc0e c40e cc0e cc0f c40f c3ef cbef c3ee c40f c3ee c3ce c3ce c3ce c3ce bbae c3ae c3ae bbae b3af b38e b36e b34e b36e b38e c40f cc90 dcf0 dd51 e590 e5b0 e5b1 edb0 edb0 edb0 edb0 edb0 edb0 e590 e590 e590 e590 e590 e590 e590 
aa0a a9e9 a1e9 a1a8 a1a9 99c9 99a9 9988 9188 9168 9168 9168 8947 8907 80c7 78c7 80e7 9988 ba49 d2eb db6c dbcc e40d e46e ec8f eccf ecef ecef ed0f ed0f f50f f50f ed0f f50f ecce ec6e e40c e3ac db2a caa9 b208 a1a8 9947 9968 a188 a1a8 a9c8 b1e9 b209 b229 ba49 ba4a ba49 ba49 ba2a ba4a ba8c ba8c c2ef bb0f aaae aa8d aa6d 91ec 79ad 79ee 822f 8a4f 824e 696b 58c9 60c9 50a8 5089 58e9 71ee 716d 716d 8291 8ab1 8ad1 8a90 612b 590b 71cd 8290 718c 5088 4867 4888 58a9 58ca 694c 7a2f 71ce 58eb 50eb 722f 93b4 93d5 8b12 79ee 612b 7a50 7a4f 8bd4 82f0 50a8 5087 58a7 58a8 5887 58a7 58a7 5867 5887 5887 5887 58c8 58c8 58c8 50c8 50c8 4888 50a8 79c9 bb8d c2eb b22a b2ed d4b2 dcf1 dd32 dd73 dd94 e5d5 e635 d5d4 9acb 8127 9948 b1c8 ba29 c24a ca6b d28b d2cc d30d d30d db4e db8e dbaf e3cf e3f0 e3f0 e430 e451 e450 e430 e451 e491 e492 e450 e431 e450 e450 e451 e471 e4b2 e492 e491 e491 e451 e451 e491 e451 e471 dc30 db8e d34d d30d db4d db6e db2d db0c dacc d2cc d2cc daac daac db4e e410 e4b3 ed95 f657 f6b9 ee78 e5d6 e554 e513 dcb2 dc51 dc10 dbef dbcf dbaf d34e d32d d30d d2ec d2cc ca8c c28b c28b ba6b b24a a9e9 9148 80c7 70c7 6887 6087 68a7 68e7 70e8 7128 7129 5888 60a8 9a8d cc52 dcf3 cc92 b390 796a 7148 7969 5866 60a7 60e7 5087 5067 5886 60c7 58a7 5886 5067 60a8 89ca ab0d bb8e bb6d bb6d b36e c3ae cc2f cc4f cc4f cc2f cc2f cc4f cc2f cc2f cc0e cc0e cc0e cc0f cc0f c3ef cc0f c3ee cc0e cc0f cc0f cc0e cc0e c3ee c3ee cbee cc0e c3ef c3ee c3ee c3ee bbef c3ef c3ef c3ce c3ce bbae bbce bbae bbae bbae b38e b38e ab6e b36e b3ae c44f d4d0 dd30 e570 e5b1 edd1 edd0 edd0 edd0 edb0 edb0 edb0 edb0 ed8f e590 e590 e590 e590 e590 e590 ed90 
a1c9 a1c9 a1c9 a1c9 99a9 99a9 9988 9188 9188 9168 9168 9168 8927 80e7 80c7 78c7 8107 9988 ba29 d2ea db4b e3cd e40d e46e ec8f eccf eccf ecef ecef ecef f50f f50f ed0f ecef ecae ec6d e40d e38b d32b caa9 b209 a1a8 9947 9168 a188 a1c8 a9c8 a9e8 b209 b209 ba29 ba4a ba2a ba4a ba6b ba6c baad bacf a28f a2b0 b352 c3f3 ab53 9b34 9b95 a415 9b93 8ab0 79cd 610a 60ea 60e9 60ea 60ca 696c 8291 79ad 7a0f 8b33 8ab1 8a90 820f 716d 7a2f 8af1 7a0e 50a9 4847 4867 5088 5889 58ca 698d 8270 8ad2 7a0f 698e 69ce 71cd 7a4f 8af2 8292 8292 9354 9436 8b51 698b 692a 6929 6908 60e8 58a8 58a7 58c8 58a7 5087 5087 5087 58a8 50c8 50c8 50a8 48c8 4888 6949 b36d c36c b24a b28c cc92 dcf1 dd11 dd73 dd94 ddd5 ddf5 cd52 926a 78e7 8928 a988 b9e9 c24a ca6a d28b d2ab d2cc d2ec db2e db2d db6e e38f e3af e3ef e3f0 e410 e471 e450 e450 e471 e491 e4b2 e491 e491 e471 e471 e471 e491 e491 e491 e491 e472 e492 e492 e491 e471 dc10 dbef db8e db4e db2d db4d db4e d30d daec dacc d2cc d2ab dacc daab db0d e3af e492 ed95 ee17 f699 ee99 edf6 e554 dd13 dcf2 dc92 dc51 dbef dbaf db8e db4d d32d d30c d2ec d2cc d2ac caab c2ab c28b ba6a aa09 9168 80e7 70a7 6087 6087 68c7 68e7 70c7 7128 7928 5847 5868 924c cc52 dcf2 d4d2 b3b0 81aa 6908 7148 5046 60a7 60e7 58a7 5087 60a7 60c7 58a7 5887 5887 7129 9a6b bb4d bb8e bb6e bb6d bb6e c3ee cc4f cc6f cc4f cc2f cc2f cc2e cc0f cc0f cc0f cbee cbef cc0f cc0f cc0f cc0f c40f cc0f cc0e cc0f cc0e cbee c3ef c3ee c40e cbee c3ef c3ee c3ee c3ce c3ce bbce bbae c3ce c3ae bbae bbae bbae bb8d b38e b38e b36e b38e bbef cc8f dcf0 e550 e590 edb1 edd1 edf1 edd1 edd0 edd0 edb0 edaf edb0 edb0 e58f e570 e56f e590 ed90 e590 e5b0 e5b1 
a1c9 a1c9 9a09 99e9 99c9 91a9 91a9 91a8 9188 9168 8968 8948 8127 8107 78c7 78c7 8107 9988 ba29 d2ca d34c dbcd e42d e46e ecaf ecce eccf ecef ecef ecef f50f f50f f50f f4ef ecae ec6d e40d e3ac d32b c289 b209 9988 9947 9948 9988 a1c9 a1a8 a9c8 b1e9 b1e9 ba0a ba4b ba6d bacf bb11 bb73 bbb4 b3b4 b3d4 bc15 bc14 bc54 9b92 8af0 828f 828f 7a4e 718c 612a 610a 610a 612b 692b 60ea 79ee 8270 71ad 7a50 8af2 8270 822f 8ab2 8ab1 8ad0 79ed 58e9 4867 4867 4867 4867 58a8 50a9 58c9 614b 7a2e 8250 7a50 8ab2 82b1 8271 8250 8af1 93b3 8b92 7a4f 696a 8a8e 9aae 920b 89ca 818a 58a8 5087 58c8 58a7 5087 50a7 5087 50a8 50a8 50a8 4888 4888 58e8 9acc cbce b28b aa2a c38f dd33 dcf2 dd73 dd94 ddd4 de15 cd72 8a6a 68a7 80c7 9948 a9a8 ba2a c24a ca6b ca8b d2ab d2cc d2ec db0d db2d db6e e3ae e3af e3cf e3f0 e410 e450 e471 e471 e470 e4b1 ecb2 e4b1 e491 e4d2 e4b2 e4b2 e4b2 e492 e471 e491 e4b2 e4b2 e4b2 e491 e471 dc10 dbcf dbae db6e db4e db6e db6e db2d daed d2cc dacc dacb daac daab daed e38f e451 e555 ee17 f699 f6b9 ee16 e574 dcf2 dcd2 dcb1 dc71 dc10 dbaf db8e db4e d32d db0c d30d d2ed d2cc d2cc caab ca8b c26a b22a 9188 78c7 70c7 6087 60a7 68e8 68c7 7108 7928 7108 5867 5868 922b cc32 dcb2 d4b1 bbf1 89eb 68e7 68e7 5046 5886 68e8 5887 5886 60c7 60c7 5887 5887 5887 81aa aacc bb8e c38e bb6e bb4d c38e cc2f d44f cc4f cc4f cc2f cc2f cc2f cc0f cc2f cc0f cc0f cc0f cc0f cc0f cbee c40f cc0e cc0f cc0f cc0f cc0f c40f c3ef c3ee c40f c3ef c3ef c3ce c3ee c3ef c3cf bbce bbce bbce bbae bbae bbae bb8e b38e b38e b38e b38e bc0f cc8f dd10 e570 e5b0 edd0 edd1 edd0 edd0 edd1 edd0 edb0 edb0 edb0 ed90 ed90 ed90 e590 e590 ed90 edb0 e590 e5b1 edb1 
99a9 99a9 99ea 99ea 91a9 9188 9168 9168 9189 9168 8948 8927 8927 80e7 78c7 70a7 80e7 99a8 ba6a caeb d36b dbcd e42e e46e ec8f eccf eccf ecee ecef ecef ed0f ed0f ed0f f4ef ecaf ec4d e40d db8b d32b c2aa aa09 9968 9947 9947 9968 99a8 a1a8 a9c9 b20a b24d ba8e bb10 c391 cbb1 c390 bbb2 b392 b351 bb50 bb4f aaef 822b 60e9 610a 696c 71cd 698b 610a 610a 610a 612b 610a 692b 716c 7a2f 79ee 79ce 82d2 8270 7a71 8b33 9373 8ab0 71ac 6109 50c8 50a8 50a8 5087 5087 5088 5088 5088 50c9 612b 718d 698d 7a2e 8290 8af1 9331 71cc 50c8 48a8 5088 714a ab2e b3af aaed 9a6c 818a 60c8 50a8 50a8 58a7 50c7 50a7 50a8 50a8 50a8 50a8 4888 50a8 79ea c3ee bb0b aa6c b2cc d4d2 dd11 dd73 ddb4 e5d4 de35 cd93 8229 5866 6866 8107 9988 b1c8 c229 ca6a ca6a d2ab d2ab d2cb d2ec db2d db4d db6e e38d e3ae e3ae e3ef e410 e450 e470 e491 ec91 ec91 ecd2 ecd2 e4b2 e491 e4d2 e4d2 e4d2 e4d2 e4d2 e4b2 e4b2 e4d2 e4b1 e491 e471 e430 dbef dbae db8e db8f db8e db6e db2d db0d daec daec dacc dacc dacc daed db6e e430 ed54 ee17 f698 f699 ee37 e595 dcf2 dc91 dc50 dc50 dc30 dbef dbae db6e db2d daed d2ed d2cc d2cc d2cc cacc ca8b c28b b22a 9169 78c7 70e8 6087 60a7 7128 68e8 7108 7948 7108 5888 5868 81aa cc11 dcd2 d451 c451 9a8d 68e7 68e8 5887 5886 60a7 5866 58a7 60c7 58a7 5886 5867 68c8 922a b32d bb8e bb8e bb6d bb4d c3ee cc2f d44f cc4f cc4f cc2f cc2f cc0f cc2f cc2e cc2f cc0f cc0f cc0f c40f cc0f cc0f c3ef c3ef c40f c42f c40e cbee c3ee c3ee c3cf c3ee bbee bbee c3ee c3cf bbce c3ce bbce bbae bbae bb8e b38e b38e b36e b36e b38e c40f d4af dd30 e570 e5b0 edb0 edd1 edd0 edd0 edd0 edd0 edd0 edd0 edb0 edb0 edb0 edb0 e590 e590 edb0 edb1 edb1 edb1 e5d2 e5d2 
9189 9189 9189 91a9 9189 9168 9148 9148 9189 8968 8948 8927 8127 8108 78c7 70c7 80e7 9988 b249 caeb d36c dbcd e42d e46e ecae eccf eccf eccf ecef eccf ed0f ed0f ed0f ecef ecae ec4e e40d dbac d32b c289 aa08 9988 9147 9148 9988 a1a8 a9c8 a9ea b24a b2cd baed c2cc c2ac c28b c2cd bb10 aaf0 aad0 a2d0 922e 89ee 798c 694c 718c 79cd 71ad 692a 610a 610a 58ea 612b 694c 71cd 7a30 698d 71ad 8271 9313 8b13 9373 8af1 82d0 79ee 58e9 58a8 58e9 58a8 5887 50a8 50a8 50a8 50a8 50a8 50c9 50c9 6109 71ac 718c 6109 6969 822b 60e8 4067 4047 5888 81cb aacc bbaf ab0d 9a4b 79aa 6108 50a8 5087 5087 50a7 5087 50a7 50a8 4888 4868 4888 716a ab4e c38d b28b b2ec c411 dd12 dd32 dd93 ddb4 de35 cd93 828a 5087 6067 7087 8907 a1c9 b209 c24a ca8a ca8b d2ab d2ab d2ab d2ec db0d db2d db6e e36e e3ae e3cf e3cf e3ef e430 e450 ec91 ec91 ecb1 ecd2 ecd2 ecd2 ecd2 ecd2 e4d1 e4b2 e4d1 e4b1 e4d1 ecd1 e4b1 e491 e470 e430 e40f e3ef dbcf db8e db8e db6e db6e db4d db2d daec d2ec dacc dacb d2cc daec db6e e410 e514 ee16 f699 eeb9 ee58 e5b5 e4f2 dc91 dc50 dc50 dc30 dbef dbaf db6e db4e db0d daed dacd d2cd d2cc d2cb caab c28a b209 9148 70a7 70c7 5887 60a7 7108 68c7 7148 8189 68e8 5087 5868 796a c3f0 d4b2 cbf0 c430 ab4f 68e8 60a7 5046 5846 5886 60a7 60a7 60c7 5886 5866 5867 7128 a26b bb6d c38e c38d c36d bb8e cc0f cc4f d46f cc4f cc4f cc2f cc2f cc2f cc4f cc2f cc2e cc0f cc0f cc0f cc0f cc2f cbef c3ef cbee cc0f c40f c3ef c3ee c3ef c3ee c3ee c3ce c3ee c3ee c3ee bbcf bbce bbce bbcf bbae bbae b38e b38e ab6e ab6e b38e c3ee d48f dd0f e570 e590 edb0 edd0 edd0 edaf edd0 edd0 edd0 edd0 edd0 edd0 edb0 edaf edb0 e5b0 e5b0 edb1 edd1 edd2 edf2 edf3 edf3 
9189 9189 8968 9168 9168 8968 8948 8948 9168 8948 8948 8148 8127 78e7 70e7 70c7 78e7 9168 ba29 caea db4c dbcd e40d e46e ecae eccf eccf eccf ecef ecef ed0f ed0f ecef eccf ecaf ec4e e3ec e38c db2b c28a b209 a1a8 9127 9168 99a8 a1a9 a1c9 a9e9 aa2a b24a b22a ba4a ba4b ba6b c2ac c30e b2ae 91ec 89ed 79ac 820e 81ee 81ee 820f 79ac 79ac 714b 710a 60c9 610b 718d 7a2f 82b0 71ad 58eb 69ad 8b33 9374 8b31 82b0 694b 614a 720e 610a 58c9 58c8 5887 5887 58a8 58a8 58a8 5088 58c8 58e8 50a8 50a8 6929 694a 694a 60e8 81a9 68c7 4867 4027 5087 89eb a28c bbaf b32e a30e 9a8c 60e8 50a7 5087 5087 5087 5067 5087 5087 4867 4847 60e8 a2ec c3ce bacb b2ac c38f ddb5 e552 e594 dd93 ddd4 d5d3 828b 5087 5067 6087 78c7 8948 a1c9 ba2a c26a ca8a d28b d2ab d2ab d28a d2cc daec db2c db2d db6d e3ae e3ae e3ae e3cf e410 e450 ec90 e4b1 ecb1 ecb1 ecd2 ecd2 ecf2 ed13 ecf2 e4b2 e4b2 e491 e4b1 e4b1 e491 e490 e450 e42f e40f e3ee dbae db8e db8e db8e db8e db4d db2d db0c d2ec d2ac d2cb d2ec daec db6e e3f0 e4f3 edf6 f699 f6b9 ee78 e5d5 dcf2 dc91 dc50 dc30 dc30 dc10 dbaf db8e db6e db2d daed daed d2cc d2cc d2cb caab c26a a9e9 8128 70c7 68c8 5887 68e7 68a7 60c8 7928 89c9 68c7 5867 5847 7929 bbb0 d492 c3b0 c3cf bc10 7948 5887 5046 5866 5887 6928 60c7 60c7 5886 5887 6087 89a9 aaec c38d c3ad c38d c36e c3ce cc4f cc6f d46f cc4f cc2e cc2e cc0e cc2e cc2f cc2f cc2f cc0f cbee cbef c3ee cc0e cbef c3ee c3ef cbee c3ef c3ef c3ef c3ef c3ee c3ee c3ce c3ce c3ce c3ef c3ef bbcf bbce bbcf bbae bb8e b38e b36e b34e b36d c3ef cc8f dd2f e570 edb0 edd0 edb0 edb0 edb0 edb0 edb0 edd0 edd0 edd0 edd0 edb0 edd0 edd0 e5b1 edb0 edd1 edd1 edf2 ee13 ee12 ee13 ee13 
9189 9189 8968 8968 8968 8948 8948 8948 8948 8148 8128 8128 8127 78e7 70c7 70c7 78e7 9968 ba29 caea d34c dbad e40d e46e ec8e ecae eccf ecef ecef ecef ecef eccf ecef eccf ec8f ec4d e3ed e3ac db2b caaa b209 9988 9147 9168 9988 99a9 a1c9 a9e9 aa0a aa2a b24a ba4a ba4a c26a c26b c2cc aa2c 816b 81ee 820f 820f 8291 8a91 79ce 81ac 9a8f 81cd 692b 692b 79ee 8290 7a8f 69ac 50ea 58eb 71ce 8b12 93b5 8250 8290 69ad 614a 71ec 610a 58a8 5087 5087 58a8 58c8 58c8 58c8 58a8 58c8 58c8 58a8 50a7 6129 50c8 58c8 58c7 7988 7107 4846 4047 60c8 89ea a28c b32f aaee bc30 ab2d 7969 5086 4846 4867 4867 4846 5067 4847 4847 4847 81ea c3ad baeb b28b baec d4f3 dd94 e593 e5b4 ddd4 d5b4 930b 50e8 4887 58a8 6087 70c7 9148 a9e9 ba49 c26a ca8a ca8a d2ab d2cc d2cb d2ec daec daec db2d e36d e36d e36d e38e e3ae e3ef e42f e44f e450 ec70 ecb1 ecd2 ecd2 ecd2 ecd2 ecf2 e4d2 e4b1 e491 e4b0 e4b1 e490 e470 e42f e40f e3ef dbae db6e db6e db4d db6e db6d db4d db0c daec d2cb d2ab d2cc daec daed db4e e3f0 e4b2 edb5 f678 f6b9 ee98 edf6 dcf2 dc91 dc71 dc50 dc30 dbef dbcf db8e db6e db4d daed daed d2cc d2cc d2cb caab c24a a1c9 78e7 70c7 60a7 5887 68c7 60a7 60a7 7928 89c9 68c7 5847 5847 70e8 bbb0 d4b2 c3f0 c3ef c430 89ca 5887 5066 5887 58a7 7128 60e7 60c7 58a7 5866 68c7 9a2a bb2c c38d c38d c38d c38e cc0f d470 d48f d44f cc4f cc2f cc2e cc0e cc2f cc2f cc2f cc0f cc0f cc0f cc0e cbee c3ee cbee c3ee c3ee c3ef c3ef c3ef c3ef c3ef c3ee c3ee c3ee c3ce c3ce c3ce c3ce bbcf bbae bbae b38e bb8d b36d b36d b32d bbae cc6f dd0f e56f edb0 edd0 edd0 edb0 edb0 edb0 edb0 edb0 edcf edd0 edd0 edd0 edb0 edd1 edd1 edd1 edf2 edf2 ee12 ee13 ee13 ee33 ee34 ee13 
8968 8968 8968 8948 8948 8148 8948 8148 8148 8128 8128 8128 7907 78e7 70c7 70a7 78e7 9148 ba08 cacb d36d dbad e40d e44f ec8f ec8f eccf ecce ecef ecce eccf eccf eccf ecce ec8e ec4e e3ec e38c db2a caaa b209 9968 9148 9188 9988 99c9 a1ea a1e9 aa09 b229 b229 ba29 ba2a c24a c26a ba6c 99cd 81cf 9354 9b93 9b73 8ab0 71ac 79ad 922e 926f 798c 718d 8a70 8ad1 71ed 592a 590a 58ea 58eb 610b 69ed 93b5 8ad2 7a2e 7a50 590a 6129 612a 58c9 50a8 58a8 60e9 58c8 58a8 58a8 58c8 50a7 58a8 58a8 58c8 50e8 6129 696b 5087 60c7 7107 5067 5067 68c8 91ea a2ac a2ae 9a0b c3cd cc2f ab4d 7169 5087 4887 4867 4846 4846 4847 5047 6908 b32c c34b b28b baab c3f0 dd74 dd74 e5d5 e615 d615 9b8d 50c7 4887 50a8 60e8 6887 78c7 9148 a9c8 ba09 c24a caab ca8a d28b d2ab d2ec daec daec db0c db2d e34d e34d e38e e3ae e3ae e3ae e3ee e3ef e430 e450 ec70 ec91 ecd1 ecb1 ecb1 ecd1 ecd2 ecb1 e491 e490 e490 e470 e44f e42f e40e e3ee db8e db4d db4d db2d db4d db4d db2d db0c d2cb d2ab d2ab d2ab d2cc db0d db6e e3cf e472 ed54 f637 f6b9 f698 ee17 dcf2 dc70 dc70 dc30 dc10 dbef dbaf db8e db8e db4e db0d d2ed d2cc d2cc d2ab caab ba4a 9988 78e8 68a7 5887 58a7 68a7 6087 60a7 7928 89c9 68a7 5047 5047 68c8 b38f d4d3 cc51 c3af cc30 9aad 60a7 5067 5046 5887 6927 6908 58c7 58c7 6087 8148 aaab c38d c38d c38d bb6d c3ce d490 d512 d48f d44e cc2f cc4f cc2e cc2e cc2f cc2f cc2e cc0f cc0f cc0f cc0e c3ee c3ee c3ee c3ee c3ef c3cf c3ef c3ef c3ef c3ce c3ce c3ce c3ce bbce bbce bbce bbce bbce bbae bbae b36e b36e b36e b34d bb8e cc4e dcef e570 ed8f edb0 edd0 edaf edb0 edaf edaf edaf edb0 edb0 edb0 edd0 edd0 edd1 edf1 edf2 ee12 ee12 ee33 ee33 ee33 ee33 ee33 ee33 ee14 
8948 8969 8169 8169 8148 8168 8169 8169 8169 8128 7928 7928 7908 70e7 68a7 68a7 78c7 9148 ba29 cacb d36d dbcd e40e e44e e48e ecaf eccf ecaf ecae ecaf eccf ecce eccf ecce ec6d ec4e e3cc e38b db2b caa9 aa09 9968 8928 9148 9969 a1ea aaaf aa4c a9e9 a9e9 b229 b22a ba2a ba6d bacf b312 a353 9b93 9371 826e 718c 718c 81ee 9af1 9290 79cd 71ad 8af1 826f 614b 58ea 612b 71ae 614c 692c 58eb 618d 8b53 9354 7a2e 8b12 696c 58c9 612a 6109 58e9 60c9 6109 60e9 50a8 50a8 50a7 5087 5087 5088 5067 50a8 69cb 71ca 5887 5887 68e7 58a7 5887 68a8 91eb a2ce ab2f a1ea 99e9 c3ad cbed b3ef 81eb 5067 4867 4866 4867 5067 5887 9a4a c38c b26a b26a c32d dd55 ddb5 e5d5 e615 de56 ac4f 5907 4867 4867 58e8 7108 68a7 78e7 9148 a1a9 b209 c229 ca6a ca8b d2cb d2cb d2cb dacb daec db2d db2d e34d e36e e38e e3ae e3ae e3cf e3ee e3ef e430 e450 ec70 ec70 ecd1 ecb1 ecb1 ecb1 ecb1 e491 ec70 ec90 ec70 e470 e44f e42f e3ee e3ce db8e db4d db2d db2d db0c db2d db4d d2ec d2ab d2ab d2ab d2ab d2cc daed db4d db8f e431 ecf3 ee17 f699 f6b9 ee37 dcf3 dc50 dc30 dc30 dc0f dbcf db8e db8f db6e db4e db2d d30d d2ec d2cc caab c28b b209 9148 70c7 6087 5087 60c7 60a7 68c8 68e8 7968 89c9 60a7 5046 5027 6087 ab2e d492 cc51 c38f c3ef ab0e 6929 58a7 5067 5887 68e7 60e8 58a7 5887 68a7 91ea b30c c38d c38d c36d c36d cc0f d46f d48f d46f d44e d42f cc2e cc2e cc2f cc0f cc2f cc2e cc0f cc0f cc0f cc0e c3ee cbee cbef c3ef c3ce c3ee c3ee c3ee c3ef c3ce c3ce c3ee bbcf c3ce c3ce c3ce bbce bbaf bbae bb8e b36e b36e b36e b38e cc0e dccf e54f ed90 edb0 edd0 edcf edb0 ed8f edaf edaf edaf edaf edb0 edb0 edd0 edd1 edf1 ee12 ee12 ee33 ee33 ee33 ee33 ee33 ee13 ee13 ee13 ee13 
8989 8969 8148 8148 8149 8149 8169 8149 8149 8148 7928 7908 7908 70c7 68a7 68a7 78e7 9168 ba29 caca d36c dbac e40d e44e ec6e ecaf eccf ecae e4af ecaf eccf ecef ecee ecce ec6d ec2d e3cc e38b db2b caaa aa09 9968 8928 9128 9149 a22b b350 aa6d a1ca a9ca b22c ba8e bb51 bbd3 bbf3 bbf2 a310 718a 6109 60ea 610b 8a2f a372 ab93 8a2e 7a0e 82b0 7a2d 610a 50aa 50ca 7250 722f 69ae 612d 612c 8314 9395 9bb5 8270 82f0 8290 58e9 58e9 60e9 6109 610a 60e9 60e9 5087 5087 5067 5087 5067 50a8 5067 58a7 7969 7989 7928 7948 70c7 60a7 7109 816a 9a4d abb1 cc0f baec 8949 8969 b2cb d48e b34d 60c8 4046 4866 4827 4847 7148 bb6d c32c b26b bacc cc71 e5f6 e5f5 e616 de35 bcd0 6948 4846 4847 4847 60e7 7948 68a7 78a7 9128 a188 b1e9 c229 c24a ca8b d2ab d2cb d2cb d2ec daec daec db2c db2d e34d e36e e3ae e3ae e3cf e3ef e3ef e40f e40f ec30 ec50 e4b1 ec91 ec70 ec90 ec91 ec91 e470 ec71 ec70 e450 e42f e42f e3ee e3cd db8d db2c db0c d30c d2ec d30d d30c d2cb d2ab d2ab d28a d28b d2cb daec db0d db8f e451 ecf3 edf6 f698 f6b9 ee78 e554 dc50 dc50 dc10 dc0f dbcf db8e db8e db4e d32e d30d d2ec d2ec d2cc caab c28a a9e9 8128 68a7 5887 50a7 60c8 60c8 70e8 68c7 7948 89ca 68c7 5046 5047 6087 a2cc cc51 cc52 bb6e c3f0 ab2e 798a 5887 4866 60c7 60e7 58c8 58a7 5867 7108 a26b bb4d c38d c38d c36d c3ae cc2f d46f d44f d46e d44f d42e cc2e cc2e cc2f cc2f cc2f cc2f cc0f cc0f cc0f cbee c3ef c3ee c3ef c3ef c3ee c3ee c3ee bbcf c3ee c3ce bbce c3ce c3ee bbce bbae bbae bbce bbae bbae b38e b36d b34d b36d c3ee d4ae e54f e590 edd0 edcf edcf edcf edaf edaf edaf edaf edaf edaf edd0 edd0 edf1 edf2 ee12 ee32 ee33 ee54 ee54 ee54 ee33 ee33 ee12 ee13 ee13 ee13 
8989 8969 8969 8169 8169 8189 8169 8169 8169 7928 7908 7908 7108 70c7 6887 6886 70c7 9168 b229 cacb d34c dbad dc0d e44e ec8f ecaf ecaf ecae ecaf ecaf ecce eccf ecce ecce ec6d ec2d e3ec e38b d32b caaa a9e9 9948 8927 8928 9128 a1ea bb4f aaf0 a20c aa4e bb72 c3d3 bb92 b330 ab10 b330 920c 58a9 58aa 690b 8a4f a312 a372 924e 8a6f 828f 698c 610b 58eb 58cb 616d 7a91 71ee 82f3 696e 69ef 8bb5 8b13 8b53 8af3 71ed 9373 716c 60e9 610a 6129 6109 58e8 60e9 5067 5046 4867 4846 4846 5087 60c8 7928 9a2b 9a2a 9188 8148 68a7 70e8 89cb 89ed a310 d472 dcf1 cc70 99ea 60a8 8989 b32c aaec 60c7 4026 4026 4006 58a7 a30c c38d b2ab b28b c38e dd54 e5f5 e615 e635 bcb0 6967 4846 4846 4846 4846 6908 8189 70c7 78a7 9107 a188 b209 ba09 c24a ca8b d2ab d2cb d2cb d2cc dacc daec db0c db2d db4d db6e e38e e3af e3cf e3cf e3ef e40f e410 e40f e40f e470 e471 e450 e470 e470 ec70 e470 e470 e450 e42f e42f e40e e3ee dbae db6d db2c db0c d2ec d2ec d30c d2ec d2cc d2cb d2ab d28a d28b d2ab d2cc db0d db8e e431 ecd3 edb5 ee57 f6b9 f698 e5d6 dc30 dc2f dc0f dbef dbcf db8e db8e db4d db4e d30d d2ed d2ec d2cb caab ba4a a189 8108 5887 5087 50a8 60a8 68e8 7128 7128 8148 89c9 68c7 5046 5047 6088 9a4b cc31 cc72 bb8f c431 b36e 81eb 4846 4846 60c7 58c7 58a7 5867 5887 81a9 aacc c38d c38d c38d bb6d cbee cc4f d46f d44e d44e d44e d44e d42e cc2e cc0e cc2e cc2e cc2f cc0e cc0e cc0f cc0f c40f c3ef c40f c3ee c3ef c3ee c3ef c3ef c3ee c3ce bbce c3ce bbce bbae bbae bbae bbae bbae bb8e b38d b36d b36d c3ce d46e dd2f e58f edb0 edcf edd0 edcf edaf edaf edaf edaf edaf edb0 edd0 edf1 edf2 ee12 ee32 ee33 ee53 ee53 ee54 ee53 ee54 ee33 ee33 ee13 ee13 ee13 ee13 
8968 8989 8969 8169 8169 8169 8149 8169 8149 7928 7928 7908 70e7 70c7 68a7 6087 70a7 9147 b229 cacb d34c dbac e40e e44e ec8f ec8f ecaf ecaf ecae ecae ecae ecce ecee ecae ec8e ec4d e3ec e38b d32b ca89 a9e8 9168 8907 9128 9128 9989 b26b c390 b330 bb30 bb51 b2af aa6e aaaf b310 b2ee 91cd 68ca 710b 922e ab51 9ad1 820d 71ed 826f 71cc 71ed 69ad 58eb 696d 7a30 71ef 7a70 82f3 692c 7a91 8b54 82b2 8b53 9bb5 79ce 8b51 8270 58e9 58a8 58c8 60e9 58e8 60e8 5087 5046 5067 4867 5067 60e8 60c9 7928 9a4a aaab 99c9 78e7 70e9 796b 922d a2cf b2ac d450 e552 dcf1 aacc 5887 68a7 9229 81a9 5046 4026 4026 4826 81c9 c3ac baeb b2ac bacc cc92 e5d5 e615 de15 bcf1 6988 4866 4846 4846 4846 5047 6928 89a9 78c7 80e7 9127 a168 b1e9 c209 c24a ca8b d2cb d28b d2cb d2ec dacc db0c db0d db0d db0d db6e e38e e38e e3ae e3af e3ce e3ef e40f e3ef e3ef e40f e42f e44f e450 e44f e450 e470 e450 e450 e42f e42f e40f e3ce db8d db4d db2c d30c d2ec d2ec d2ec d2eb d2ab d2ab d28b ca8a d28a d28a d2ab db0c db6e e3f0 e492 ed54 ee37 f6da f6d9 ee37 dc50 dc0f dbef dbef dbcf db8e db8e db4e db2e d30d d2ed d2ec d2cb c28a b209 9169 68a8 5067 5087 58a8 58a7 68c7 7108 7128 8148 8188 68c7 5026 4826 5887 91ca c3f0 d492 c3f0 cc30 b3af 8a0b 4846 4846 60c7 5087 5887 5887 68e8 920a bb2c c3ad c38d c36d c38d cc0f d44f d44e d44e d44e d44e d42e cbee cbee cc2e cc2e cc2e cc2e cc2e cc0f cc0e cc0f cc0e c40f c3ef c3ef c3ef c3ee c3ef c3ef c3ee c3ee bbce c3ce c3ce bbae bbae bbae bbae bbae b38e b36e b36e bb8e cc2e dcef e56f edaf edd0 edd0 edd0 edaf edaf edaf edaf edb0 edb0 edd0 edd1 ee12 ee32 ee33 ee33 ee33 ee53 ee53 ee54 ee54 ee54 ee33 ee33 ee13 ee13 ee13 ee34 
9189 8989 8989 8968 8149 8169 8149 8148 8148 7948 7928 7107 70a7 68a7 6087 6067 7086 9127 b229 cacb d32b dbad e40e e44e e48f e48f ecaf ecaf eccf eccf ecce eccf eccf ecce ec8e ec4d e3ec e38b db2a ca89 a9e8 9968 9127 9127 9148 9168 a1c9 aa6b b28c b2ce aab0 a2b0 a2d1 aaf1 b310 b2f0 9a0d 68eb 68ca 81ee 92b0 8a4f 71ad 822f 79ee 79ef 698d 612b 71ce 71ef 71ce 7a50 8b33 7a50 696d 7a91 8291 7a71 9393 9c56 79ee 69cb 82b1 50a8 4867 5087 50a8 58c8 58c8 5887 5067 5087 5067 5088 60a8 612a 71ab 79aa 91ea 91a9 8109 924c ab6f aaab b28b 9989 91e9 b3ad b3ad 9a8b 6087 5066 68e7 58a7 4846 4046 4847 60c7 ab0b c34b baab baac c3f0 ddd5 e615 ddf4 bcd1 6968 4866 4867 5067 5047 5047 5046 7148 920a 8107 8107 9127 a188 b1c8 ba09 c26a ca8a d28b d2ab d2cb dacb dacc daec db0c db0c db4d e32d e36e e36e e3ae e3ae e3ae e3ae e3ce e3ef e3ce e3ef e3ef e40f e42f e450 e42f e42f e42f e42f e40f e40f e3ce db8e db6d db2c d30c d2cb d2cb d2ab d2cb d2ec d2ec d2ab d28b d2ab d28a d26a d2ac daec db4e dbf0 e451 ecf3 ee17 f6da f6d9 ee57 dcb2 dbef dbef dbcf dbcf dbae dbaf db4d d32d d30d d2ec d2cc cacb ba6a a1e9 8108 5887 5087 5087 58a7 60a7 6908 7928 7928 8148 8168 68c7 5046 4826 5887 89aa bb8f d491 c3f0 c3ef bbcf 928c 5887 5066 58a7 5067 5087 60c8 7949 a28b bb6d c38d cb8d c36d cbad d42f d44f d44e cc4e cc4e d42f cc2e cc0e cc0e cc0e cc0e cc0e cc0e cc0f cc2f c42f c40f cc0f c40e c3ee c3ee c3ef c40e c40e bbee c3ce c3ce bbce bbce c3ce bbce bbae bbae bbae bb8e b36d b36d b38e c40e dccf e54f edaf edd0 edd0 edcf edaf edaf edaf edb0 edb0 edb0 edd1 edf1 ee11 ee32 ee53 ee53 ee53 ee33 ee33 ee53 ee33 ee33 ee54 ee34 ee34 ee34 ee34 ee34 ee34 
9189 8989 8989 8968 8969 8969 8169 8169 8148 7948 7908 70e8 70c7 6887 60a7 6046 6866 9127 b209 caca d32b dbac e40e e44f ec6e ec8f ecaf eccf eccf eccf eccf eccf ecef f4ce ec8e ec4d ec0c e38b db2a ca89 b1e9 9968 8927 8948 9168 9968 99a9 a1ca aa4d b2ae b2af a28e aaf0 b330 b330 aaef 81ac 690b 714b 820e 81ce 798d 822f 8a90 7a2f 71ce 694c 71ef 7a0f 698e 696c 8312 7a6f 614c 614c 7a91 7a30 720f 93b4 a476 8230 612a 82f1 612b 4867 5087 58c8 5088 58a7 58c8 58c8 58c8 5087 5088 5867 6108 7a0d 7128 7969 816a 91ca b36e cb2b b229 a1c9 8108 798a 8a6c 7989 60e8 5066 5066 58a7 5087 4026 50a6 7169 9209 bb2b ba8a bacc c32d d533 e5d4 d4f0 c490 7a29 4846 4826 4866 5066 5046 5047 5067 7969 924b 8127 80e7 9127 a168 a9a8 ba09 c24a ca6a ca8b d2ab d2cb d2eb daec daec db0c daec db0d e30d e34d e36e e38e e3ae e3ae e3ae e3ae e3ae e3cf e3cf e3ef e40f e40f e430 e42f e42f e430 e40f e40f e3ef dbae db8e db6d db4c d2cb ca8a ca6a d28b d2cc daec db0c d2cb d2ab d2ab d28a d28b d2cc daec db4d dbaf e451 ecd2 edd6 f6da f6fa ee77 dcf3 dbce dbae dbae dbae dbae db8e db4d d32d d30d d2cc d2cb c2cb b26b 99a9 68a7 5067 5087 50a8 58a7 58a7 68e8 7928 7968 8148 7927 70e7 5866 5026 5867 8149 b32e cc72 c411 c3ef c3ef a30d 6928 58a7 5087 4866 5066 68e8 89c9 b2ec c3ad c3ad cb8c c38d cbce d44f d46f d44f cc4f cc2f cc2f cc2e cc2e cc0e cc0e cc0e cc0e cbee cbee cc0e cc0f c42f c40f cc0e c3ee c40e c3ef c3ef c3ee c40e c3ee c3ee c3ee bbce bbce bbae bbae bbae bb8e bb6d b36d b36e c3cf d48e e52f e590 edd0 f5d0 edcf edcf edcf edaf edaf edb0 edb0 edd0 edf1 ee12 ee32 ee53 ee53 ee53 ee53 ee33 ee32 ee32 ee33 ee33 ee34 ee54 ee54 ee34 ee34 ee34 ee34 
9189 9189 8969 8969 8969 8968 8969 8148 8148 8128 78e7 78c7 70a7 68a7 6086 6046 6866 9107 b208 caaa d32b dbad e40d e44e ec8e ecaf ecaf ecaf eccf eccf ecce eccf ecef f4cf ec8e ec6e e40c e3ab db0a caa9 b209 9168 8907 8908 9169 a1ca aa6e b2f0 b2cf b28d b24c aa4c aa6e ba8d b28d 9a0d 712b 712b 798c 81ee 796d 71ad 8af2 8ad1 79ad 718c 71ce 718d 694d 610c 7a70 8b53 694c 50aa 698d 8313 7a31 698d 8b94 9c55 92d2 610a 722d 7a6f 5088 5067 50a9 58a9 610a 614a 60c8 5087 4866 4846 58a8 6908 71ab 798a a2cc 920b 91aa bb2b c38b bb2d a28c 89ca 81ca 79ca 6108 5067 4846 5067 5067 4847 50c8 8aad b36f bb2d b30c a28b a28c b34d cc90 cc90 c450 b3ef 79aa 5887 4846 4846 5066 5046 5087 5046 7988 9a6b 8948 8907 9127 9968 a9c8 ba09 c26a ca6a ca8b d2ab d2ab d2cb dacb daec daec db0c db2c db2d e36d e36d e36d e3ae e3ae e3ae e3ae e3ae e3ce e3cf e3ef e3ee e40f e3ef e40f e40f e40f e40f e3ef e3ce dbae db6d db4d d30c ca6a ca2a ca6a d2cb db0c db2c db0d db0d db2d db0c d2cc d2ab d2ab d2ec db2d e38e ec51 ecf3 f5d5 f6b9 f6f9 ee77 e4f3 d38d db8e db8e dbae db8e db6e d32d d30c d2ec d2ec caab ba8b aa2a 8108 5887 5087 5067 58a8 58c7 58a7 70e7 7928 8168 7948 7948 68c7 5866 5026 5867 68c7 a2cd cc71 cc51 cc10 cc0f b36e 7949 60c7 4866 4847 5067 7108 9a6b bb4d cbad cbcd cbad c3ad cc0e d44f d44e cc2f cc4f cc2e cc2f cc2e cc0e cc0e cc0e c40e cc0e cbee cbee cc0e cc0e cbee c3ef c40e c40f c40f c40f c3ef c3ee c40e c3ee c3ee bc0f bbee c3ce bbae bbae bb8d bb8e b34d b36d bb8e cc2f dcef e590 edb0 edf0 f5d0 edcf edaf edaf edcf edaf edb0 edd0 edf1 ee12 ee32 ee53 ee53 ee53 ee33 ee32 ee32 ee32 ee33 ee33 ee33 ee34 ee34 ee54 ee54 ee34 ee34 ee34 
91a9 91a9 91a9 8989 8968 8968 8968 8168 8148 8127 8107 78e7 70c7 70a6 6066 5846 6886 9127 b229 caca d32b dbad e40e e44e ec8f ecaf ecaf eccf eccf eccf eccf eccf ecef f4cf ec8e ec6e e40c e3ab db2a ca8a b1e9 9969 8949 918b a22d b2f0 bb2f bacd aa4b aa2b b22a b24c aa8e ba8d b26d 91cd 794b 714b 714b 81ee 81ce 8ab1 9312 822f 798d 71ad 696c 616c 694d 592b 8b53 7a8f 610b 4889 616c 8b53 8292 694d 8312 9c55 9353 60eb 592a 8312 610a 50a9 610a 694a 60e9 58a7 5887 60e8 5887 4846 50a7 60e8 7969 926b a2ea 9209 68c7 6908 89c9 9aac a2ad 7949 58a7 5066 4846 4846 4846 5067 4826 4847 8aad c471 d470 cc30 cc2f bbef b3af b3b0 c471 ccf1 cc8f a2aa 68a7 5026 4846 5086 5866 5066 5087 5067 7989 9a6c 91c9 8907 8907 9988 b1c8 ba29 c26a ca6a d2ab d28b d2cb d2cb dacb dacc daec daec db2c e32d e34d e34d e34d e36e e38d e3ae e3ae e3ae e3ef e3ef e3ef e3ef e3ef e3ef e40f e40f e40f e3ef e40f e3ce db8d db8e db6d d32c ca4a ca29 d26b daec db2d db2d db0c db2c db4d db4d db0c d2ab d28a d2ab daeb db8e e450 ecf2 edb4 f656 f6b7 ee56 dcd1 d38d dbae db8e db8e db6e db4d d32d d30c d2cc cacc caab b26b 9189 60a8 5067 5087 5067 58a7 58a7 58a7 7108 7128 7948 7948 7948 60a7 60a7 5026 5887 6087 9a8c cc51 cc72 cc10 cbef b36e 89ea 60c7 4867 4046 5047 7928 aaed c38d d3ac cbcd cbad c3ad d42f d44f cc4f cc4f cc2f cc2e cc2f cc2e cc0e cbee cc0e cbee c40e cc0e cbee cc0e c40e c40e c3ee c3ee c3ee c40f c3ef c3ee c3ee c40e c3ee c3ee bbee c3ce bbce bbce bb8e bb8d b38e b34d bb6e c3ee d48f e52f edaf edd0 f5cf edcf edcf edaf edb0 edaf edb0 edd0 edf1 ee11 ee32 ee33 ee33 ee33 ee33 ee32 ee33 ee32 ee32 ee33 ee33 ee34 ee54 ee54 ee54 ee54 ee54 ee34 ee34 
91c9 91a9 9189 8968 89a9 8988 8968 8168 8148 8127 8107 7907 78e7 70c7 6886 6066 70a7 9168 b229 caca d32b dbac e40d e44e ec8f ecaf ecaf ecaf ecaf ecaf eccf eccf ecee f4cf ecae ec6e e3ed e3ac db2b caaa b22a a1eb 99eb a24d a24c aa4b a20a a9c9 a9ea a9ea b20a b26c b2af baae a24e 89ac 794b 60ea 716c 8a0f 8a50 8ab0 92f1 820f 79ad 694c 58ca 50a9 71ae 82f2 8b32 71cd 612b 50aa 58ea 82d1 82b2 716e 7a2f 9c35 a436 718d 58ea 8b72 8290 50a8 58c8 58c8 58a8 58a8 60c7 7989 60c7 4846 4867 50c7 6949 6929 60e8 5887 5067 58c8 718a 8a8e 8a2b 7969 5887 4846 4866 4866 5066 4826 4007 5908 b451 cc92 d4d1 d4f2 d4d2 dcd1 dd12 dd12 dd32 c40e 9a6a 68e7 5046 4826 4846 5086 5886 5887 5867 5846 79a9 9a4b 91c9 88e6 9127 a988 b1c8 c229 c269 ca8a d2aa d2ab d2ab d2cc daab dacc daec daec db2d e32d e32d e34d e34d e36e e38d e3ae e38e e3ae e3af e3ae e3cf e3ce e3ef e3cf e40f e3ef e40f e3ef e3ef dbef dbae db8e db4d d32d ca6b ca2a d2ab daec db0b daeb ca8a c249 caab d2aa d2eb d2ab d28b d26a daab db2c e3ae ec91 ed74 f5f5 f615 e5b4 d42f d3ae db8e dbae db8e db6e d36e d32d d30d caec cacb baab a1c9 70e8 5087 5067 5088 5088 58c8 58c8 60a7 70e7 7928 7948 7907 8128 6086 6087 5846 5867 5847 89eb c411 cc92 cc71 c3ae b34e 924b 60c7 5087 4067 5067 8989 b32d cbcd cbcc cbad c3ad cbee d44f d46f cc4f cc4f cc2f cc2e cc0e cc2e cc0e cc0e cbee cc0e cc0e cc0f c40e c40e c40f c40e c40f c40f c3ef c3ee c40e c40f c3ee c3ee c3ee c3ee bbce c3ce bbae bbae bbae bb8e b36d b34e bb8d cc4f dcef e570 edaf edd0 f5cf edd0 edaf edaf edaf edb0 edd0 edf1 ee12 ee12 ee32 ee33 ee33 ee33 ee33 ee33 ee33 ee53 ee33 ee33 ee33 ee54 ee54 ee55 ee54 ee54 ee54 ee34 ee34 
9189 9189 9169 8968 8969 8968 8968 8948 8968 8128 8107 7907 78e7 78e7 70a7 6886 80e7 99a8 ba4a caeb db4c dbad e3ed e44e e46f ec8f ecaf ecaf ecaf ecaf eccf eccf ecef f4cf ecae ec6e e40d e38b db4c cacb b24b a1eb 9169 9169 9169 9989 99a9 a1c9 a9ea b20a b20a b24b b28e b2ae 9a2d 818b 816c 710a 79ad 820f 820f 92f1 a352 8a2f 79ac 692b 5069 50a9 7ab1 9bf5 824f 696c 698d 58eb 50ea 7250 82d2 79f0 7a30 9bd4 acf7 8ab1 58ca 7aaf 9393 58e9 50a8 50a8 60e8 7149 6908 7989 60c7 4846 4867 4867 5087 58c8 6109 610b 58a9 820c ac12 92ae 60a7 5066 4867 5067 5087 5086 4846 4027 4027 7a4b ccf2 d4f2 dd32 dd73 dd33 dd74 dd73 cd12 b3ee 7988 60a7 5046 5046 5026 5046 5886 60a7 5866 5867 5847 7989 9a6c 91ea 9127 a147 a9a8 b1c8 ba08 c249 ca89 d28a d28a d28a d2cb dacb dacb daeb db0c db2c db0d e32d e36d e34d e36d e3ae e38e e3ae e3ae e3ce e3ae e3ae e3cf e3cf e3ef e3ef e3ef e40f e3ef e3ef e3ef dbae db8e db6d db2d cacc ca6a dacb daeb db0a ba29 8927 78c7 9127 b1a8 b9e8 c209 ca49 d26a d28a d2ab db2c e40f ed13 edb4 ed94 dcb0 dbef dbae db8e dbae db8e db6d db4d d32d d2ec d2cb c2cb b24a 7908 5887 5087 5088 50a7 50a8 58c8 58c8 60c7 7907 7948 7928 7107 8148 6887 60a6 6086 5867 5047 796a bbd0 d492 cc72 bb6e bb8e 9a8c 60e7 5087 5087 68c8 9a4b bb6d cbed cbcd cbac c3ad cc0f d44f d44f cc4f cc2f cc2f cc2f cc2f cc0f cc0e cc0e cc0e c40e cbee cbee c3ee c40e c3ef c40e c3ee c3cf c3ce c3ee bbef c3ee c3ee c3ce c3ce c3ee bbce bbce bbce bbce bb8e b36d b36e b36d c3ce d46f e52f ed6f edaf edcf f5cf f5cf edcf edcf f5cf edd0 edf1 ee12 ee32 ee32 ee32 ee32 ee33 ee33 ee33 ee33 ee53 ee53 ee54 ee54 ee54 ee54 ee54 ee54 ee54 ee54 ee54 ee34 ee34 
9168 9189 9169 8968 8948 8948 9148 9168 8968 8928 8107 8107 7907 7907 78e7 78e7 8947 a9e9 c2ab d32c db8d dbcd e40e e44e ec6e ec8f ecaf ecaf ecaf ecaf eccf eccf ecef f4cf ec8f ec6e e40d e3ab db2b cacc ba2a 99a9 9128 8928 9168 9988 a1c9 a1c9 a9e9 b209 b22a b24b aa6e a26e 91ac 816b 91cd 792b 81ed 81ee 81ee 9aef a2cf 81cd 716c 5089 4869 61ad 8b93 8b11 692c 612b 7a91 694d 592b 720e 82d3 7a30 7a50 9353 a475 9bb5 692c 720c 9c15 612a 4867 5088 58a7 7169 7108 7149 7168 60e7 4866 4867 4867 4847 5088 694b 79ad 92cf b3f0 89ca 5888 58a7 58a8 58a7 58a7 4887 4847 4847 6108 a38f cc50 d490 dcf1 dd73 dd73 ddb4 d5b4 bc51 68e6 5046 5046 5066 5066 5066 5086 5886 6087 5887 5867 5847 7989 9a8c 9a2b 9127 a167 a9e9 b9e8 c229 ca49 ca69 ca8a d28a d28a d2aa dacb dacb dacb db0c db0c db0d e34d e36e e36e e36d e36d e3ae e3ae e38e e3ae e3ae e3af e3ef e3cf e3ef e3ef e3ef e3ef e3ef e3ef e40f dbae e3ae db8d db6d d30d d26b d28a daca d2cb c26a a9ea a1a9 b20a ba4a ba0a b1c9 b1c8 b9e9 ca69 d28b dacb db6e e4b1 ed54 e512 dc70 dc30 dbcf db8e db8e db6e d34d d34e d30d d30c caec c28b 91a9 6087 58a8 50a8 58a8 5088 5087 60c8 58a7 68c7 7908 8168 7107 7128 8148 68a7 6086 68c7 6087 5027 68e8 b34e d491 cc71 b34e bbcf a2ed 6908 5067 68e8 8169 aacc cbad cbed d3cd cbac cbcd cc2f d42f cc4f cc2f cc2f cc0f cc0e cc0f cc0f cc0e cc0e c40e c40f c3ee cbef c40f c40f c3ef c3ee c3ee c3ef c3ee c3ee c3ee c3ee c3ce c3ce c3ce c3ce c3ce bbce bbae bbae bb8e b38d b36e bb8e cc0e dcaf e56f edaf edd0 f5cf f5cf f5cf edd0 edd0 edd0 edf1 ee12 ee32 f632 ee33 ee33 ee33 ee33 ee34 ee34 ee54 ee53 ee54 ee74 ee54 ee54 ee54 ee54 ee54 ee74 ee54 ee34 ee34 ee54 
9168 9189 8968 8948 9168 9148 9148 9148 8928 8928 8127 8107 8128 8127 8127 8127 9168 b209 c2cc d34c dbad dbee e42e e44e e46e ec8f ecaf ec8f ecaf eccf eccf eccf ecef f4ef f4af ec6e ec0d e3ac db2b caca ba09 9988 9127 9128 9168 99a8 a1c9 a9e9 a9e9 b20a b22b b26d b28e aa8e 99cc 89cc 898b 710a 81ed 79ee 718d 79ac 81ed 692a 58ca 5089 698d 8b53 8b11 7a0f 696d 69ad 7a4f 698e 58cb 69ee 8b33 7a70 7a0f 8b13 9373 a476 8230 7a0e 9c14 79ed 4046 4046 5067 60a8 5887 8a0b bb8d a28a 68e8 5087 4067 4047 4827 50a8 826f 92f0 79cb 58a7 4847 6109 6908 7129 7149 7169 7989 81cb 924b aaec bb6d cbce cbee d450 dcf2 d512 abcd 79a9 5046 5026 5047 58c7 5908 58c7 58a7 5866 5886 5866 58a8 5887 81a9 a2cc a24b 9167 a167 b1e9 ba09 c249 ca49 ca69 d28b d2ab d28b d2aa dacb dacc dacb daec db0c db0c e32c e34d e36d e36d e36d e38e e38e e36e e36e e3ae e3ae e3cf e3ae e3ce e3cf e3ef e40f e3ef e3ef e3ef e3ce e3ae dbae db8e db4e d2ec d2ab d2ab d2ab d2aa d2ab d2cb d2cc daeb d2cb ca6a c24a c24a ca8c cacd d34e dc11 e513 e533 e4d1 dc70 dc0f dbef dbae db8e d34e d32d d32d d2ec caec c2cb aa2a 70e8 58a8 50a8 58c8 50c8 50a8 50a8 60e8 60c8 68e8 7928 8989 7128 7928 8168 68a7 6066 68c7 6087 5027 60a8 a2ed cc91 cc91 bb8e bbaf a30d 796a 5067 60e8 9a0a bb2c cbcd cbcd cbcd cbad cbee cc2f d44f cc4f cc4e cc2e cc2e cc2e cc0e cc0e cc0e cc0e cc0e c40f c40f c40f c40f c40f c3ee c40e c3ef c3ee c3ee c3ef c3ee c3ee bbee bbce c3ce bbce c3ce bbce bbae bbae b38d b38e b36d bbae d44e e4ef ed6f edaf f5cf edcf edcf f5cf f5d0 edd0 f5f1 f611 f632 f653 f633 ee33 ee53 ee53 ee54 ee53 ee33 ee33 ee54 ee54 ee74 ee54 ee54 ee54 ee54 ee54 ee54 ee54 ee34 ee34 ee55 
9148 8988 8988 9148 9168 8948 8948 9148 8948 8948 8107 80e7 8128 8148 8948 8968 99a9 ba4a c2ec d36d dbad dbee e42e e44e e46f e48e e48f ec8e ec8f ecaf ecaf eccf ecef f4ef f4ce ec6e e40d e38b db6c caca ba29 9988 9148 8928 9168 99a9 a1c8 a1e9 a9e9 b20a b22b baad ba8c b26c 9a0c 794a 60a9 60c9 79ad 81ee 71ac 716b 694b 58a9 4869 698d 8af1 8a8f 698c 612b 71ce 71ce 698c 71ae 694d 69ee 8b12 7a10 71ef 8b34 8ab1 9bf4 9b94 8291 93b3 8af1 50a8 4046 50a7 60c8 5867 922b dc2e cbed a2ab 6086 3826 4027 4047 61ac 826e 79aa 718b 58a8 50a8 79ca 8a0b 922c a2ad a2ee ab6f b3d0 aacb aa8a aa8a b2ab b30d ccb2 d5f5 b470 60e7 4867 4846 5047 5867 6108 618a 6169 60c7 5886 5866 5846 5867 5887 79aa aaed a24b 99a9 a168 b1c8 c229 c249 ca69 ca6a d28a d2aa d2ab d2aa daca d2cc dacb daec daec db0c db0c e32d e36d e36d e36d db6d db6e e36e e38e e3ae e38e e3cf e3ae e3ae e3ef e3ef e3ef e40f e3ef e3ef e3ee e3ce e3ce dbae db8e db6e db4d db2d d2ec d2ab dacb daab daeb db0c db2d d2ab d2ac d34e dc31 dcf4 dd35 e574 e574 e512 e491 dc50 dbef dbcf dbae d38f d36e d32d d30d cb0c caeb ba8b 8169 58a8 5088 50a8 58c8 50a8 50a8 50c8 60e8 60c8 68e8 8168 89c9 7968 7968 7928 68c7 6086 68c7 5867 5847 5867 9a4c cc71 cc91 bb6e bb8e a2ec 81cb 58a8 60e7 a2ac c36c cbcd d3cd d3ac cbad cc0e d44e cc4f cc4e cc2e cc2f cc2e cc2f cc0e cc0e cc0e cc0f cc0e c3ef cbee c40e c40f c40f c3ee c3ef c40f c3ee c3ee c3cf c3ee c3ef bbce bbce bbce bbce bbce bbce bbce bb8e b38d b36d b36d c3ee d48e e52f ed8f f5cf edcf edd0 edcf f5d0 edd0 edf1 f611 f612 f633 f653 ee33 ee33 ee33 ee53 ee33 ee33 ee33 ee53 ee53 ee54 ee54 ee54 ee54 ee74 ee54 ee54 ee54 ee34 ee34 ee55 ee55 
9168 8968 8968 8948 8948 8948 8968 9168 8968 8948 8108 8128 7928 8128 8948 91a9 a1ea ba8b cb0c d38d dbce dbee e42f e44e e46f e46e ec8e ec8e ec8f ecae ecaf eccf eccf f4ef eccf ec6e e40d e3ac db4b d2ca ba09 99a8 9148 9148 9188 9988 99c9 a1c9 a9c9 b1e9 b22a ba6c ba6c c2ee aacf 710a 5068 5068 718c 79cd 716b 694c 610b 58aa 71ee 8b32 824e 612a 50a9 58ea 718d 71ae 612b 720f 7a2f 7a91 82f2 8250 8291 8b13 79ef 8290 a416 8af2 9bd4 9393 69ac 4868 5087 60c8 6068 81ca c38d cbcc b30a 68e8 4067 4068 5109 69ec 6109 68e8 798a 81cb 8a0b 924c 9a6d aace b390 c492 ccf2 b38d a24a a24a a24b b2ed c411 de15 c4f1 71a9 5088 5088 50a7 5087 58a7 60c8 60e8 6929 60c7 60a7 60a7 5887 5067 5887 81c9 a2ed 9a2b 99c9 a188 b1c8 c229 c24a ca6a ca8a d28b d28a d2aa d28a daaa d2cb dacb dacb dacc db0c db0c e32c e32d e36d e34d db6d db6e e36d e38e e36e e38e e3cf e3ce e3cf e3ce e3ef e3ef e40f e3ef e3ef e3ef e3cf e3ef dbcf dbae db8e db6d db6d db4e db0c db0d db0d db4d e3ce e450 dbf0 db8f e3f0 e4f3 edb5 e5b5 e594 e574 e512 e491 dc30 dbef dbaf dbae d36e d36e d32d cb0d cb0d c2cc 99ea 60c8 50c8 50a8 5087 58a8 50a8 50a8 50c8 60e8 6908 6908 89c9 89a9 7948 81a9 7928 70c7 68c7 7107 5887 5867 5847 89ea c410 d4b1 bb8f b36e 9a8c 89ea 68c8 8169 b2ec cbad cbcd d3ac d3cd cbcd cc2e d44e cc2e cc2e cc2e cc2f cc2f cc0e cc0e cc0e cc0e cc0e c3ee c40e cbee cbee c3ef c3ef c3ee c40f c40f c3ef c3ce c3ee c3ee c3ee c3ee bbcf c3ee bbce bbce bbae bbae b38d b38d b36d bb8d cc0e dccf e54f edaf f5cf edaf edaf f5cf f5d0 edf0 ee11 f632 f632 f653 f653 ee33 ee33 ee33 ee33 ee33 ee33 ee33 ee53 ee54 ee53 ee54 ee54 ee54 ee74 ee54 ee54 ee54 ee54 ee55 ee55 ee55 
8988 8988 8968 8948 8968 8988 9168 9168 8948 8947 8127 8127 78e7 8107 8948 91c9 a20a ba8b cb0d d38e dbce dc0e e42f e44e e46f e46e e48e ec8e ecaf ecaf ecaf eccf ecef f4ef ecce ec8e ec2d e3cc db4b caeb ba29 99a8 8948 8948 9189 99a9 99c9 a1c9 a9e9 aa0a b22b ba6d c30f cbb1 bb0f 816b 5889 58a9 698c 79ee 712b 718d 71ae 7a2f 9373 826e 614b 50c9 50a9 590a 696c 718d 614c 69ad 720f 82b1 8290 8291 8af2 82f3 71f0 71ee 9c56 92f2 9373 9bd4 8ad1 694b 58c9 6909 7109 798a a2ac aaac 91a9 68e8 58c8 6129 6129 48a8 4888 6109 928d ab2f aaee ab2f b3b1 c432 ccd2 d553 b3ce 9a0a 9a2a a22b b32e c431 d594 c531 7a09 50c8 50a8 58e9 5909 58c8 58c8 60e8 60e8 6908 68e8 60c8 60a7 6087 5887 58a8 79aa a2cd 9a4b a1ea a188 b1e9 ba29 c24a ca8b ca8a d2ab d2ab d2aa d2ab daaa dacb dacb dacc db0d db0c db2d db2d e34d e34d e34d db4d db6e db4d db6e e38e e3ae e3af e3cf e3cf e3cf e3ef e3ef e40f e3ef e3ef e3ef e3cf dbce dbcf dbce dbae db8e db8e db6e db6d db4d db8e e3cf e4b1 e553 e513 dc30 e450 ed12 edd5 e5b5 e594 e594 e512 e491 dc0f dbcf db8e db8e d38e d34d d30d cb0d c30d b26b 7129 58c8 58c8 50c8 50a8 50a8 50a8 50c8 58c8 6929 7109 68e8 91e9 89a9 7128 81a9 7928 70e7 68e7 7108 60a7 5867 5047 7969 b3af d4d1 bbaf b36e 9aac 89ea 8149 9a2a bb2c cbcd cbcc cbac d3cd cbed d44e d44e cc2e cc2f cc2f cc2f cc2f cc2e cc0e cc0e cc0f cc0f cc0e c3ee c3ee cbee c3ef c3ee c3ef c3ef c3ee c3ee c3ce c3ee c3ee c3ef c3ee bbce bbce bbce bbae bbae bbae b38d b36d b36d bb8d cc4e e4ce ed6f edaf f5cf f5cf edaf edcf f5d0 edf1 ee11 f632 f653 f653 f633 ee53 ee33 ee33 ee32 ee33 ee33 ee53 ee53 ee53 ee53 ee54 ee54 ee74 ee54 ee54 ee54 ee54 ee75 ee75 ee75 ee75 
8968 8968 8947 8127 8948 8948 8948 8948 8948 8947 8107 78e7 78c7 78e7 8927 91c9 a22a baac cb2d d38e dbce dc0f e42f e44e ec6e ec6e ec8e ec8f ec8e ecae eccf ecef f4ef f4ef ecae ec6e ec0d e3cc db4b caca ba29 99a8 8948 8948 9168 91a9 99a8 a1c9 a9ea a9ea b26c c330 cb91 bb0f a24e 796b 60e9 60ea 716c 718d 716d 8270 92f1 8af0 7a0d 612a 58e9 50a9 50a9 58c9 694b 694b 696c 694c 69ad 7a2f 71ae 71cd 82d1 82d1 7a71 71ae 8b31 9312 82d1 9bf4 9332 822f 694b 716c 89ed 81ac 8a0c 8a0b 81ab 6909 60e8 6949 58a8 4067 58c9 824d ac13 bbb0 bbd1 c452 cc92 d4d3 d553 c470 9a09 9a0a 99a9 99ea bb6d d594 bcb0 71c8 5087 5087 5887 58a8 58a8 60c7 60c8 60c7 60e8 6928 6908 6908 60c8 60a7 5887 58a8 7969 9aad 9a8c a22b a1a9 b209 ba2a c24a ca6a d2ab d2ab d2ab d2ab d2cb d2cb dacb dacb daec db0c db2d db2d db4d db2d db4d db2d db2d db2d db4d e36d e36d e3ae e3ae e3ae e3ae e3cf e3ae e3ae e3ef e3cf e3ef e3ef dbce dbae dbae dbae dbae db8e db8e db8e db6d db8e e3ce e450 ed33 edd5 e594 e4d2 e491 e533 edd5 edb5 e5b4 e5b4 e512 e470 dc0f dbaf db6e db8e db8e d32e d32d cb2d c2cb 8989 58a8 58c8 50c8 50c8 50a8 50a8 50a8 50a8 58e8 7169 6908 7108 91c9 8168 7107 8168 7908 70c7 7107 68c7 60a7 5867 5067 68e8 ab2d ccb1 c410 bb8e a2cd 8a0b 91ea aaab c36c d3cd d3ac cb8c cbcd cbee d44f d44f cc2e cc2f cc2f cc2e cc2f cc0e cc0e c40f c3ef cc0e c3ee c3ee c3ee c3ee c3ef c3ef c3ce c3ce c3cf c3ee c3ef c3ee bbef c3ee c3ef c3ee bbce bbce bbad bbae bbae b38e b36d b36d c3ae d46e e50e ed8f edaf f5cf f5af f5cf f5f0 f5f0 f611 ee32 f652 f653 f653 f633 ee33 ee32 ee32 ee32 ee32 ee33 ee53 ee53 ee53 ee53 ee54 ee54 ee74 ee74 ee54 ee74 ee55 ee55 ee75 ee75 ee55 
8948 8168 8127 8927 8948 8127 8927 8948 8927 8128 80e7 78e7 78c7 80e7 8948 91c9 a22b bacc cb2d d38e dbce dc0e e44e e44e ec6f ec8e ec8e ec6f ec8f ecaf eccf ecef f4ef f4cf ecaf ec8e e42d e3cc db4b caca ba29 99a9 8927 8927 9148 9968 9988 a1c9 a9ea b22c c330 c370 b2ce aaae 9a6e 794b 692b 690a 718d 79ad 92b1 9b72 7a0d 610a 58e9 618b 58e9 58ea 58c9 58c9 696c 612a 71ad 692b 696c 71ce 696d 71ad 8290 82b1 71cd 71ae 720e 9353 8ad1 9bf5 9b72 92d1 694b 716b 9acf 924d 798b 7129 7129 5887 4866 60e8 60e8 6909 81cb ab90 c471 c3f1 cc31 ccd2 d534 d594 cd12 a2aa 9a09 99e9 99ca a28c c491 bc8f 69a8 4866 5067 5887 60a7 5887 5887 60a6 6086 6086 60c7 7127 7128 68e7 60a7 60a7 5867 5867 7128 9aac 9a6b a24b a1a8 b1e8 ba29 c24a ca6a d28a d28a d2ab d2ab dacb dacb dacb dacb daeb db0c db0c db0c db4d db2d db4d e32d db2d db4d e32d db4d db4d e36d e38e e38e e3ae e3ae e3ae db8e e3ae e3ae e3ce e3ef dbce dbae db8e db8e dbce dbae db8e dbae dbae dbcf e40f e491 ed94 ee16 edd6 e533 e4b1 ed33 edf6 edd5 edb4 ed94 e512 e470 dbef d3af d38e d36e d34e d32d d32d c30c a22a 60c8 50a8 50a8 58c8 58a8 50a8 58a8 50a8 50c8 6108 7148 6908 7948 91a9 8968 7907 8188 7908 78e7 7907 68a6 6086 5046 5027 60a8 a2cd cc70 c431 b34d a2ed 89ea a28c b2eb cb8c d3cc d3cc d38b cbcd cc0e cc4e cc2e cc2e cc2f cc2f cc0f cc0f cc0e cc0f c40e c40f c3ee c3ef c3ee c3ee c3ef c3ee c3ef c3ee c3ce c3ce c3ee bbee c3ce c3ce c3ee c3ee bbee bbce bbce bbce bbce bbad bb8d b36d b36d c3ce d48e e52e ed8f edaf f5cf f5cf edd0 f5f1 f611 f632 ee53 ee53 f653 f653 f632 ee32 ee32 ee33 ee33 ee33 ee53 ee53 ee53 ee53 ee53 ee54 ee55 ee75 ee75 ee54 ee54 ee75 ee75 ee75 ee75 ee76 
8948 8148 8127 8927 8127 8127 8107 8907 8127 8107 80e7 78e7 78e7 8107 8948 91a9 a20a baab c30d cb8e dbce dbee e42e e44e ec6e e48e e48e ec8e ecae ecaf ecaf eccf ecee f4ef eccf ec8e e42d e3cc db4b caca ba29 99a8 8927 8927 9148 9988 9989 a189 aa2c bb10 c350 b28d b26c baee 9a4e 710a 690b 710b 81ef 8a70 9b32 8ad0 58c9 5089 58c9 618b 616b 694c 610a 590a 696c 610a 698c 718c 694b 698c 696c 716d 7a0d 8ad2 612c 696d 7a30 9353 9b53 9332 9352 9b52 81ee 81eb bbf0 9a0a 60c8 58a7 5886 68e8 60c8 7109 89aa 922b 9a4c aaee bbaf c411 cc72 d513 d5b4 cd53 b30b 99e9 99e9 99c9 a26b bc30 b46f 6988 5087 5067 58a7 5887 68e7 60c7 58a7 60a6 6086 6086 68c7 7107 7928 7108 6087 60a7 5866 5847 70e8 924b 9a4b a26c 99ea a9a8 ba29 c24a ca4a ca6a d28a d28b daab dacb dacb dacb dacb daeb db0c db0c db0c e32d e32d e32d e32c db2d db4d db2c db2d db4d e34c e34d e36d e36d e38e db8e db8e e38e db8e dbae e3ee dbae dbae db8e db8e dbae dbae dbcf dbcf dbee e3ef e450 e4d1 edd5 ee36 edf6 e554 e491 ecf2 edd5 edf6 edb4 e573 e512 e450 dbcf d36e d36e d36e d34e d34d cb2d b2ac 7928 58a8 50a8 50a8 50a8 58c8 58a8 58a8 50a7 58c8 6908 7129 6908 8188 91a9 8168 7928 8168 78c7 7107 70e7 68c7 60a7 5866 5047 60c8 9aad cc2f c451 ab0d ab0d 91ea b30d c32b cb8c d3ab d3cc cbac cbed cc2e cc2e cc0e cc2e cc2e cc2f cc0f c42f cc0e cc0e cbee c3ee cbee c3ef c3ef c3ef c40f c3ef c3ef c3ee c3ce c3ce c3ee c3ee c3ce bbce c3ee c3ee c3ce bbce c3cd bbad bbad b38d b36d b36d b34d cbee dcae e54e edaf f5cf f5cf f5cf f5f0 f611 f631 f632 f653 f652 f652 f653 f653 ee33 ee53 ee53 f653 ee53 ee53 ee53 ee33 ee53 ee54 ee54 ee75 ee75 ee75 ee74 ee54 ee54 ee75 ee55 ee75 ee75 
8148 8128 8128 8127 8128 8107 8107 8107 8127 8127 78e7 78e7 7907 8127 8968 8988 99ea b28c c2ed cb6e d3ce dbee e42e e44e e46e e48f ec8e ec8e ecaf eccf eccf eccf ed0f f4ef f4ee ec8e ec4d e3cc db6c d2ca ba29 9988 8907 8907 9168 9169 9989 aa0b bb30 bb50 aa6c b22b baac b30e 920e 68ea 714c 81ad 822f 8a90 8b11 7a0e 58a9 58c9 58ea 58ea 698c 696c 616b 616c 694c 612b 614b 79ed 718c 614b 696c 694c 69ad 828f 71ce 612c 590b 7a2f 9332 9373 8af2 9311 9b52 ab70 c3ad 78e7 4866 58a8 5047 6908 924c a28d 9a8d 9a4c 9a4b ab0e bbd0 c452 ccd3 d595 cd73 ab0b 9a29 99e9 99ea a24b bc30 b44f 6947 4887 4867 5067 7108 70e8 60c7 60a7 58a7 6087 68a7 60a7 68c7 7107 7968 7948 68c7 6087 5866 5847 68c7 924b 9a2a a24b 99ea a188 b1e8 c209 ca6a ca6a d2ab d28a d2cb daaa daaa dacb dacb daec db0c db0c db0c e32d e34d e32d e32c e34d db2c db0c db0c db2d e32d db4d db4d e36d db6d db6e db6d db6d db6d db8d dbae db6d db8e db8e db6e db8e dbae dbae dbef dbef e40f e450 e4d2 edd5 ee16 ee17 e575 e4f3 ed54 edf7 edf6 edd5 e594 e533 dc50 d38f d34d d34e d34e d34e d34e c30d 91ca 58a8 5087 5087 50a8 58c8 58e8 50c8 5088 50c8 60e8 60e8 6908 7128 8168 8988 8169 7928 7948 70c7 7107 70e7 68c7 6087 5867 5047 5888 928c c3ef cc71 b32d b34f 91ca bb0c cb4b cb8c d38c cbac cbcd cc0e cc2f cc2e cc2f cc2e cc2f cc2f cc0e cc0e cc2e cc0e c3ee c3ee c3ef c3ee c3ef c3ef c3ee c3ef c3ef c3ef c3ee c3ee c3ce c3ce c3ee bbee bbce c3ce c3ce c3cd bbae bbae bb8d b36d b36e b34d b36d cc0e dcce ed6e edaf f5cf f5cf f5d0 f611 f632 f632 f652 f653 f652 f653 ee53 f652 ee53 ee53 ee53 ee53 ee53 ee33 ee33 ee53 ee54 ee74 ee75 ee75 ee75 ee75 ee75 ee75 ee75 ee75 ee75 ee75 ee76 
8148 7908 78e7 78e7 8107 8107 8128 8127 8128 7908 78e8 78e7 7907 8107 8128 8989 99ea b28c c30d cb6e d3ce dc0f e42f e46e e46e ec8f ec8f ecaf ecaf eccf eccf ecef ed0f f4ef eccf ecae ec4d e3cc db6b d2ca ba49 9988 8908 8908 9148 9169 a20b bb30 b30f aa4b aa0a b20a baac b2ce 89cd 690a 716c 690b 694b 8ad1 826f 696b 58c9 60ea 58e9 616b 694b 610a 614b 698d 612b 69ac 720e 71ad 79cd 698c 614c 696c 69ad 71cd 7a0e 7a0f 590b 58eb 71cd 9352 9333 8af2 9bf4 a3d3 820c 4867 4047 5067 794a 9a6c bb2e c3d1 bc53 b3f2 b391 bbf1 ccf3 d534 d594 cd32 ab2c 9a29 9a0a 9a0a aa8c bbf0 b470 69a9 48a7 4887 4867 60a7 89c9 8969 60c7 60a7 5887 5887 68a7 60a7 60a7 7107 7948 8189 7108 6086 5866 5847 68a7 920b 920a 9a2a 9a0a 9988 a9a8 b9e9 c24a ca49 d26a d28b d2ab daaa dacb dacb dacb daeb daeb db2c db0c db2c db2c e32c e32c e32c db2c db0c db0c db2c db2d db4d db4d db4c db2c db4d db6d db4d db4d db4d db6d db6d db6d db6e db4d db6e dbae dbce dbef e3ef e40f e42f e44f e4b0 ed11 ed32 ed94 ed95 ed53 ed12 ecb2 ec91 e4d2 e4f2 dc30 d32d cb0d d30e d32e d34e cb2d aa6b 6909 5087 5087 5087 58a8 58e8 5929 50a8 58a8 58c8 60e8 68e8 7128 7948 8169 8989 8189 7927 8168 7948 7928 7907 70e7 6086 5046 5047 5067 8a2b bbcf cc91 b34d b34e 9a2a bb2c cb6c d38b d38b cbac cbcd cc0e cc2e cc4e cc2e cc2f cc2e cc2e cc0e cc0e cc0e cc0e c40f c3ee c3ee c3ee c3ef c40f c40e c3ef c3ee c3ee c3ee c3ce c3ce c3ee c3ce c3ce c3ce c3ce c3ce c3cd c3ad bbae bbae bb8d b36d b34d bb6d cc0d dcce ed6f edaf f5cf f5f0 f611 f612 f632 f653 f673 f653 f652 f653 ee32 ee53 f653 ee53 ee53 ee53 ee53 ee53 ee53 ee53 ee54 ee74 ee75 ee75 ee75 ee75 ee75 ee75 ee75 ee75 ee75 ee75 ee75 
8148 78e7 70e7 70e7 78e7 7907 7907 8127 8128 8107 7908 78e7 78e7 8107 8948 9188 99ea b28c c30d d36e d3ef dc0e e44f e44f e48f ecaf ecaf ec8f ecaf ecaf eccf ecef ed0f f4ef f4cf ecae ec2d e3ec db4b d2aa ba29 9988 8928 8928 9149 99aa b30f bb2f a22b a1c9 a9ea b20a bacd b2ef 81ac 690a 60c9 5069 698c 8ad0 8ad1 696b 58e9 610a 590a 614b 614b 58ea 590a 616c 614c 698c 82b1 7a0f 820e 822f 71ee 71cd 71cd 698d 696c 7a4f 7a50 612b 590a 69ac 7a4f 8270 9374 9bb3 8b11 594b 4088 58e8 a26c aa4c aaae c3f2 d515 ddd6 d596 dd95 e5f5 ddd4 d511 aaeb 9a09 a22a 99c9 aa8b bbef bcd1 71a8 4887 5087 5067 5067 60a7 91c9 91c8 60a7 5887 5887 5886 68c7 68c7 68c7 7128 7968 7968 7927 6087 6087 6047 68c7 920b 91c9 920a 9a0a 9148 a988 b1c8 c22a ca49 d28a d28b daaa dacb dacb dacb daca daeb daeb db0c daeb db0c db0c e32c db4d db4d db2c db0c db0c db2d e32c db2c db0c daeb dacb daeb db0b db0c db2c db4c db6d db4d db6d db6d db4c db6d db6c db6d db6d db4c db2c db2c db0c db2d e36e e36e e3ee e450 e3cf e38f e34e e34e e3af dbce cb2c c26b c2cc cb0e d36e cb6e c30d 8169 58a8 5088 50a8 50a7 58c8 58c8 58c8 58a8 58c8 58c8 60c8 6928 7149 6928 7969 8188 81a9 8148 81a9 8148 7907 7107 7907 6086 5046 5047 5067 79aa bbcf cc71 b32d b30d aa8b c34c cb8c d3ab d3ac d3ac cbcd cc0e cc4e cc2f cc2e cc2f cc2e cc0e cc0e cc0e c40e c40e c3ef c3ee c3ee c3ce c3ee c40e c40e c3ef c3ee c40e c40e bbce bbcf c3ee bbef bbcf c3ce c3ce c3ce c3ad bbae bbae bb8d bb8d b34d b34d bb6d cc2e dccf ed6f edaf f5d0 f610 f611 f632 f653 f673 f653 f653 f653 f653 f653 f653 f653 ee53 ee53 f653 ee53 ee54 ee54 ee54 ee74 ee74 ee75 ee75 ee75 ee75 ee75 ee75 ee75 ee75 ee75 ee75 ee75 
70e8 70e7 70c7 70c7 70e7 70e7 78e7 78e7 7928 8107 78e7 78c7 78c7 8107 8948 8988 99e9 b28c c30d d38e dbee dc2f e44f e46f ec8f ecaf ecaf ecaf eccf eccf eccf ecef ed0f f4cf eccf ec8e ec2d e3cc db4b d2a9 ba29 9988 8908 8908 99cb b2ee b32f a20b a1a9 a9a9 b22b baad c370 b30f 816b 60c9 5889 58c9 71cd 612a 7a2e 718c 58e9 612a 592a 614b 694b 590a 58ea 50ea 590b 616c 8312 8ad2 822f 8a90 824f 7a2f 71cd 698d 614c 696c 7a4f 8270 71ae 698c 7a71 7a0f 82b1 8b13 8290 8270 8250 a2f0 cbf1 ab31 9af1 b412 d556 ddd6 e637 e616 de15 ccf2 aaaa a229 a24a 99ca a26b bbef c512 7a0a 4887 4867 5067 58a7 5087 5866 7927 8188 6087 5887 6086 5867 60a7 60a7 68e7 7107 7948 7948 8148 6086 5866 5867 6887 924b 89ca 91e9 9a0a 9148 9968 b1c8 ba09 c229 ca69 d28a d2aa dacb daeb daaa daaa daaa daeb daca daeb daeb daeb db2c e34d e34d db4d e32c db2c e36c db6c daeb c229 b1c8 b9e8 c229 c269 ca8a d2aa d2eb d2eb d2cb d2ca d2cb d2aa d28a d269 d269 ca8a ca69 ca49 ca49 ca4a d24a daab daab db2c db2c ca8a ba09 b9e9 ca2a ca8a ba6a b209 ba2a caec d34e d38e cb4e 9a0a 60c8 50a8 5087 5888 58a7 60e8 58a8 58a7 58a8 58a7 60e8 60c8 7148 7968 68e8 8168 8148 8168 8168 89a9 7907 70c7 68e7 7928 68c7 5046 5046 5867 7149 b36f cc51 b34e b30d b2ec cb6c d3cc d3ab d3cc cbac cbad cc2e cc4e cc2e cc4e cc2f cc0e cc0e cc0f cc0e c40e c40e c40f c3ee c3ee c3ef c3ee c3ef c3ef c40f c3ee c3ee c3ee c3ee c3ef bbee bbef bbce bbce c3ce c3ce c3ce bbce bbae bb8d b36d ab4d b32d bb8d d44e e4ee ed6f f5b0 f5f1 f631 f632 f653 f673 f653 f653 f653 f653 f653 f653 ee53 f633 ee33 ee53 ee53 ee53 ee54 ee54 ee74 ee75 ee75 ee75 ee75 ee75 ee75 ee75 ee75 ee75 ee75 ee75 ee75 ee75 
68c7 68c7 70c7 70c7 70e7 70e7 7107 8107 7907 78e7 78e7 78e7 78e7 8128 8968 91a9 9a0a b2ac c32d d3ae dbcf dc0f e44e e48f ecaf eccf eccf eccf eccf ecef ecef ecef ecef ecef ecce ec8e ec2d e3cc db2a caa9 b229 9989 8909 99ab b350 bb4f aa2c 9989 a189 a9ea bace cb90 cbd1 aacf 794b 60c9 60ea 71ac 716b 5088 58e9 610a 610a 616b 590a 696b 718c 58ea 610b 58eb 58eb 698d 8b74 9373 8ad1 8290 824f 8290 8270 79ee 71ce 614c 614c 7a0e 8ab1 8af2 8af2 696c 69ac 7a6f 69ad 696b 9a8e b391 b391 b30f bb6f d4f3 ddb7 ddf7 e657 e636 d573 a2cc 99e9 aa4a a20a a24b bbcf cd53 930b 5087 5087 5888 58a7 60a7 5087 5066 68c7 7967 68e7 5866 5886 6086 6086 60c7 68e7 68e7 7108 7948 8189 68a6 5846 5846 6087 8a0a 8189 89a9 922a 8968 9148 a9a8 ba09 c229 ca6a d26a d2ab d2eb d2eb d2aa d2ca daaa dacb dacb daeb db0b db2c db2c e32c e34d e34d e36d e34c e36c db6c d2aa b9e9 a9a9 a9a8 a987 a967 a987 b1a7 b1c8 b9e8 c1e8 c208 c229 ca29 c1e8 b9e8 b9c8 b1e8 b188 b187 b9a8 c1c8 ca09 d24a d26a d28b ca6a b9ea b1ca b1aa ba0a c28b c28c c26b c2ec d34d d38e cb8e b2ac 7108 5087 50a8 5087 5887 58a8 60c8 58a7 5887 58a7 60c8 60c8 6908 7148 7108 68e8 8189 7948 8168 8188 8988 7907 6886 68a6 8188 7108 5886 5067 5867 6909 ab0e cc51 bb8f bb4d c36d cb6c d3cc d3ab d3cc d3cd cbce cc2e cc2e cc6f cc4f cc2e cc0e cc0e cc2e cc2e cc0e cc0e c40e c40e c3ef c3ef c3ee c40f c40e bbef bbee c3ee c3ef c40f c3ce bbce bbce c3ce c3ce c3ee c3ce c3ce bbce bbae b38d b36d ab4d b32c c3ad d46e e52e ed8f f5d0 f611 f632 f653 f674 f673 f673 f673 f653 f653 f653 f653 ee53 ee53 ee53 ee53 ee53 ee53 ee53 ee54 ee54 ee75 ee75 ee75 ee75 ee95 ee95 ee95 ee75 ee75 ee75 ee75 ee75 ee75 
68c7 68c7 68c7 70c7 70e7 70e7 70e7 7907 7908 78e7 78e7 78e7 78e7 8148 89a9 91ca a22b baac c32d d3ae dbce dc0e e44e e48e ecaf ecaf eccf eccf eccf eccf eccf ecef ed0f ecef eccf ec6e e42d e3ac d34b caaa b20a 998a 99ec bb71 bb2f a22b 9969 9969 a1aa b28d cb71 cb90 bb2f a26e 794b 60c9 716c 692a 610a 50a8 5067 58e9 612a 616b 592a 696b 696c 58c9 69ad 612c 58eb 616c 93d5 9394 9312 8230 7a30 8250 8250 8270 8291 8230 79ef 71ee 826f 9372 8af1 696d 614b 698d 590b 71ad a2af c34e cb4c d30b db0c dc0f e638 eeb9 e657 d5b4 bbce 9a09 a20a 99ca aa6c c410 cd33 932c 50c8 50a8 5887 60a7 60a7 58a7 5087 5066 60a6 7127 7107 5887 58a7 6087 68c7 68c7 68e7 70e8 68c7 7148 7988 7107 5867 5867 6087 89ea 8169 89a9 91ea 8989 9168 a188 b1c8 ba09 ca6a d28a d2aa d2aa d2ca d2aa d2aa d2aa d2ca dacb dacb daec db0c db0c db0c db2d db6d e38d e38d e36d db4c daeb d2ab d2ab d28b ca6a c22a c1e9 c1e9 c1e9 ca09 ca09 d22a d26b d26b d26b ca6b d26b ca6c ca6c ca6c ca8c ca6c d28d daee db2f db50 db70 db50 d2ce d28d cacd d32d d34d d32c d34d db8e d36d c30c 8148 5088 50a8 50a8 5087 58a7 60c8 58c8 5087 5087 58a7 60c7 60c8 7148 7128 68c8 7107 89a9 8168 8168 8168 89a8 7928 6087 68c6 81a9 7948 5887 5067 5887 60e8 9a8c cc30 c3d0 bb4c cbee d38c d3ee d3ac d3cc cbed cbed cc2e cc4e cc4e cc2f cc2e cc0e cc2e cc0f c40e c40f cc0e cc0e cc0e c40f c3ee c3ee c40f c3ef bbee c3ee bc0f c40f bbef c3ee bbef bbce c3ee c3ce c3ce c3ce c3ce bbae b38e bb8d b36d ab4d b34d c3cd dc8e e52f edb0 f5f1 f632 f652 f673 f674 f674 f673 f653 f653 f653 f653 f653 f653 ee53 ee53 ee54 ee74 ee74 ee53 ee74 ee54 ee74 ee75 ee75 ee75 ee95 ee75 ee95 ee75 ee75 ee75 ee75 ee75 ee75 
60c7 60c8 68e7 68e7 68c7 70e7 70c7 78e7 7907 78e7 78c7 70e7 7928 8189 89ca 91eb a22b b2ac c32d d38e dbce dc0e e44e e46e ecaf eccf eccf eccf eccf ecef ed0f ed0f ed0f ecef ecaf ec6e e40d e3cd d34c ca8c b24c b2ae bbb1 bb2f 99ea 9168 9149 9989 aa2c c330 c370 b2ce b2ce 9a4d 798b 612a 694a 692a 716c 58c9 58c9 58c8 50a8 58a9 50c9 698c 718c 58ca 698c 698e 58cb 616d 9c77 a435 92f2 718d 71ce 7a30 7a50 7a71 8290 8270 822e 7a0e 7a2e 69ac 71ac 8290 71ad 71ef 7a30 92d1 bb70 dbce e34b daeb d2cb caec e574 eeb8 ddd5 bc2f a24a a24a aa2b b2ac cc30 d532 a3ae 5908 50a8 50c8 60c8 60c7 60c7 58a7 5087 5066 60a7 68e7 68e7 60a7 5866 5887 68c7 70e7 68e7 70e8 68c7 7107 7968 7928 5887 5887 60a7 81ea 7969 8168 89a9 8989 8968 9968 a9c8 ba09 c24a ca69 ca6a ca8a d2aa d28a d28a d2aa d2aa d2cb dacb dacb daeb db0c db0c db2c db6d db8d db8d e36d e36d db6d db2c daeb dacb d2aa d2aa da8a da8b da6b da6a da4a da6a e2ac e2cc e2cd e2cd e32f e391 e3d1 e3f2 e412 e433 e412 ecb5 ecf5 ed15 ecf5 ec53 e350 daee d30e d36e d38e db8e db6d d36d c30c 91c9 58a8 5087 50a8 50a8 58a7 58a7 60c7 58a7 50a7 5087 58a7 60e8 60e8 7108 68c7 68c8 7948 89c9 8148 8168 8168 8989 7908 68c7 68c7 81a9 7989 6087 5867 5887 60e8 9a4b c430 c431 bb4c d3ef d38c d3ee d3ac d3cc cbee cbee cc4e cc4e cc2e cc2e cc0e cc0e cc0f cc2f cc0e cc0e c42f cc0e cc2f cc0f c3ee c3ee c40f c3ee bbee c3ee c3ee c40e c3ee c3ee bbce bbef c3ee c3ce c3ce c3ee c3ce bbae b3ae b38d b36d ab2d b32c cbcd dcae ed4f f5d0 f611 f652 f673 f673 f674 f674 f673 f653 f653 f673 f653 f674 f673 ee53 ee73 ee74 ee74 ee74 ee74 ee74 ee74 ee75 ee75 ee75 ee75 ee75 ee75 ee75 ee74 ee75 ee74 ee74 ee74 f674 
68c7 68e7 68e8 68c7 70e7 70e7 70e7 7907 78e7 7907 78c7 70c7 8107 8969 89c9 91ea a22a b28c c32d d38e dbce dc0e e42e e46e ecaf eccf ecce ecef eccf ecef ed0f ed0f ed0f ecef ecce ec6f e42f dbf0 d32e c2ce c330 bb90 aacd 9189 8928 9148 9969 a1ca b2ce c3b1 b2ae aa4c aa6d 9a2d 818b 694b 610a 79ed 8290 692a 58e9 5087 5088 5068 50c9 71ee 71ad 60eb 614b 7a30 58cb 618d a4d7 a455 8af1 616c 58eb 69ae 7a50 8291 82f2 8291 79ee 7a0e 71ed 592b 592b 7a0d 8a70 8291 9354 9b52 b352 dbcf e34b daeb ca8b c2ed d4f4 de17 bbee a26a aa6b b2ab cb8d dc8f d531 abad 6128 50c8 50c9 58c8 58c8 60c7 60c7 58a7 5087 5087 5886 60a7 68c6 68c7 6087 5886 60a7 68e7 68c7 70e7 68e8 7107 7948 7928 60a7 5887 60c7 7989 8148 8148 89a9 81a9 8127 8948 a1a8 b1e9 ba29 c249 ca4a ca49 ca8a ca6a d28a d2aa d2aa d2aa d2cb dacb dacb dacb db0c db2d db4d e36d db6d e36d e36d e38d e36d db0c daeb dacb daaa daab da8a daaa daab da6b da6b e26b e28b e2ad e2ed eb8f ebf0 ec51 ec92 ec92 ecd2 ec51 ecd2 ecf3 ed34 ecf3 e411 db0e db0e d34e d38f dbae db8e d34d c34d 9a0a 60a7 5088 5087 5087 50a8 58c8 60a7 60c7 5887 5067 5066 60a7 68c7 68e7 60a7 6087 68c7 7968 920a 8127 8988 8989 8968 70e7 68a7 7927 7968 81c9 60a7 5867 5887 60c9 920b c450 cc51 c38e d3ee d3ac d3ee d3cc d3ed cbee cc0e cc4e cc4e cc4f cc2e cc2e c42f cc2f cc2f cc0e cc0e cc0e cc2f c40e cc2e c40e c40e c42f c3ee c40e c3ee c40e c3ef c3ee bbee bbee c3ef c3ee c3ce c3ce c3ee bbce bbce b38e b36d b36d ab2d b32c cbed dcae ed6f f5f1 f632 f673 f673 f674 f673 f673 f673 f673 f653 f673 f673 ee73 ee74 ee74 ee74 ee74 ee74 ee74 ee75 ee75 ee75 ee95 ee95 ee75 ee94 ee74 ee74 ee74 ee74 ee54 ee54 ee53 ee53 f653 
68e8 68c8 68c7 68a7 68c7 70e7 70c7 78e7 78e7 78e7 70c7 70a7 7907 8989 91c9 99ea a20a b28b c30d d38d dbce dc0e e42e e46e ecaf eccf eccf ecef ecef ecef ecef ed0f ed0f ecef ecaf ec6f e471 dc73 cbf3 c350 bb2f aa4c 8948 8108 8908 8949 998a aa8e c371 bb50 aa4c b22b a24d 89cc 692a 716c 716b 8b52 8acf 690a 5087 5087 5088 5068 614b 7a50 696c 716d 612b 722f 694d 722f a4f8 a414 9312 7a10 590b 696c 71ee 71ef 71ee 82d1 8af2 8270 7a0e 71cd 69ad 71cd 822f 8270 9bb5 abb3 b392 d3f2 db4d d2ab c2cc d4b3 ddf7 c491 9a2a aa8b bb2d d3ed e4ef cc4f a30b 6128 50c8 50e8 50a8 58a8 58c8 60e8 60e8 58c7 5887 5087 5886 58a7 68c7 68c7 60c7 58a7 5887 60c7 7107 68e7 68e8 7108 7948 7948 68c7 5887 60c7 7148 8148 7948 89a9 8188 7907 8948 9988 a9c9 ba09 c229 c249 ca6a ca6a ca6a ca6a ca8a ca8a ca8b d2ab d2ab d2eb d2ab dacb db0c db2c db4c e34d e36d e38d e36d e36c e32c db2c daec d2cb d2cb d28a d28a da8a da8b daab e2ab e28b e28b e2ac eb2e eb2f eb6f eb90 ebb0 ebd0 eb6f eb4f eb70 ebb0 e3b0 e32f daee d34f d38e dbae dbae d36d cb4d b28b 70e8 5087 5087 50a7 5087 50a7 60c7 58a7 60a7 5887 5887 5086 60a7 68c7 7128 60a7 6067 68c7 8168 920b 7928 8968 91ca 8168 7908 7107 7908 7948 89ea 68a7 58a7 58a8 60e9 8a0b c410 cc51 cbcf d3ee d3cc d40e d3cc d3ed cbee cc0e cc4e cc4e cc4e cc4e cc4e cc4f cc4f cc4e c42f c42f cc0e cc2f c40e c42f c42e c40e c40f c40e c40f c40e c3ee c3ce c3ee bbce bbee c3ef bbee bbce bbce c3ee bbce bbae b38e b38d ab4d ab2d b32d cbed dccf edb0 f611 f652 f673 f694 f674 f674 f673 f673 f673 f654 f673 f674 f674 f674 ee74 ee74 ee75 f674 ee74 ee74 f695 ee94 ee74 ee74 ee74 ee74 ee53 ee53 ee53 ee53 ee52 ee33 ee32 ee32 f632 
68e8 60c7 60a7 68c7 68c7 70c7 70a6 70c7 70c7 70c7 70a7 70c7 7907 8988 91c9 920a 99ea b26b c30c d36d dbce dc0e e42e e46e e48f eccf ecef ecef ecef ecef ed0f ed0f ed0f ed10 ecd0 e490 e430 e450 dbef cb0d b24a 9168 80e7 8108 8929 916a a26d c3b1 c370 aa4c aa0b b24c 9a6e 794a 60ea 60ea 79ed 9bf4 820d 58a8 5088 58c9 5089 50c9 69cd 7a50 610a 71ad 71ae 71ce 71ce 8312 a4f8 9333 82b0 9374 71ae 696c 720f 7a71 614c 618c 82b0 8b12 8ad2 92b1 82b2 8af3 8af2 8270 9b94 c434 c413 c3d2 d34f ca4b cb0d dd94 ddb5 aaed b2ac cb8d e48e ed30 dd10 a2ec 6109 58e9 58e9 50e8 58c8 58c8 60e8 60e8 60e8 6108 58c7 58a7 60c7 60e8 60c8 60a7 60a7 60c7 60a7 60c7 68e7 7108 68e7 6928 7148 7948 68c7 58a7 60c8 7189 81a9 7948 89a8 7968 70e7 7928 9168 a1a8 b209 ba29 ba29 c249 c249 c269 ca6a ca6a ca8a caaa d2ab d2aa d2ec d2ec d2cc d2ec db2c db2c db2c db2d db4d e36d e36d e34c db2c db0b db0c daeb dacb d2aa d28a d2ab d2aa daab daaa da8b e28b e2ac e2ed e2ee e2ee eb2f e32f e30f eb0e e2ee e2ed daee d2ee d36e d3af db8e dbae d38e cb2d bacb 8989 5887 50a8 50a8 50a8 50a8 50a8 60e8 58a8 58a7 60c7 58a7 60c7 60a7 60c7 7107 60a7 6087 70c7 8988 91ea 7908 8148 91ea 8168 8148 7928 70e8 7907 8a0a 68a7 60a7 58a8 60c9 8a2c c410 cc71 d40f d40e d3cc d42e d3ec d40d cc0e cc2e cc2e cc4e cc4e cc2e cc2e c40e c42e cc2e cc2f cc2f cc2e cc2e cc2e c42f c40e c40e c40f c40e c40f c40f c40e c3ee bbef bbee bbef bbef bbef bbcf bbce bbce c3ce bbae b38e b38d ab4d ab0d b32c cbee e4ef edd1 f632 f673 f694 f694 f674 f673 f673 f673 f674 f673 f674 f674 f674 f695 f694 ee95 ee95 f694 f694 ee95 ee95 f674 ee74 ee53 ee53 ee53 ee33 ee32 ee32 ee32 ee32 ee32 ee32 ee32 ee32 
60c8 60a7 6086 68a7 68a6 68c7 70c7 70c7 70c7 68a7 68a7 70a7 8107 8988 99c9 91ea 99c9 b24a c2ec d36d dbad dbed e42e e44e e48f eccf ecef ecef ecef ecef ecef ecef ed0f ecf0 eccf e48f e42f dbce d34c c2aa b209 9168 8908 8108 8929 99eb bb71 c390 aa6d a20b aa2b b2ad 8a2c 692a 60ca 60ca 82af a434 79ab 5067 58a8 58a9 4868 590a 7a70 720e 58ca 590a 71ad 71cf 79ee 9415 a496 8af3 71ce 8312 8b33 7a30 8291 8b12 71ee 614c 614c 722e 8b53 8af2 8b74 9352 9b11 92d1 8a90 b3b2 cc74 b350 c392 c26c c34f d575 d575 c38d d40e e46e ed71 dd0f 9a8a 6149 50e9 58e9 58e9 58e9 58e8 58e8 6108 60e8 60e8 6129 58e8 58c8 60e8 60e8 60e8 58a8 58c8 6108 68e8 6108 60e8 7128 7108 6908 7148 7948 7128 60e8 60a7 6928 8189 7108 81a9 8189 7107 7928 8968 9147 a1a8 b1e9 b209 ba09 ba09 c249 c24a c26a ca8b ca8a ca8b d2ab d2cb d2eb d2eb d2ec db0c db0c db0d db2d db2d db2d db4d e34c db4d db0c db0c daec daeb daeb d2cb d2cc d2aa d2aa d28a d26a d26a da6a daab da8b dacb dacd dacb da8b da8b da8c d2ac db2e d3af dbae db8e db6d d38e cb6d b28a 91a8 7928 5087 5087 50a7 5087 5087 58a7 60c7 5887 60c8 60e8 60c8 68c7 60a7 68e7 68e7 60c7 6086 70e7 89c9 89a9 7928 8148 89e9 8148 8168 7907 70c7 7927 8a0a 68e7 60a7 58a8 60a8 820b c3cf cc71 cc0e d3ee d3ed dc0e d3ec cc0e cc0e cc2e cc4e c44e cc2e cc2e cc2e c42f c42f cc2f cc2f cc4f cc2e c42f c40e c42f c42e c40e c42e c40f bc0f bc0f c40e bc0e bbef bbee bbee bbee bbef bbce bbce bbae bbad b3ae b36d b36d ab4d a30d b30c cbee e50f edd1 f652 f694 f694 f694 f694 f694 f673 f674 f674 f674 f674 f674 f695 f695 f695 f695 f695 f694 f674 ee74 ee73 ee53 ee53 ee32 ee32 ee32 ee32 ee32 ee32 ee32 ee32 ee33 ee32 ee33 ee33 
60e8 60c7 60a7 60a7 60a7 60a7 68c7 68a7 68a6 68a6 68a7 70c7 8148 91c9 99e9 99c9 99a9 b22a c2cb d34c d38d dbcd dc0e e42e e4ae eccf ecef ecef ecef ecef ecef ed0f ed0f ecef eccf e48e e42e e3cd db4b caaa b209 9168 80e8 78e9 8929 a26d c3f2 aaae a1eb aa2b aa4c 9a4c 714a 58a9 60ea 692b 8aef 9bf3 716a 5067 58a8 50a9 4868 616c 7a4f 694b 58ca 5089 590b 71af 8270 a4f8 a476 9374 698d 69ce 9394 8b13 8af2 8b73 7a2f 696c 698e 614c 7ab1 93d5 93d5 9312 928f a30f 820d 8ab0 ab93 a28e b393 baad c3f1 ddd7 dd13 dbed e48e e510 dd50 926a 60e8 50c9 50c9 58a8 58c8 58e8 58c8 60c8 60e7 68e7 68e7 60c7 58a7 5087 60c7 60e7 58c7 60c7 58c8 60e8 68e8 6908 6908 68c7 6928 6907 7107 7108 7107 60c7 60c8 68e8 7969 7128 7988 81a9 7107 7108 8148 8948 9967 a9a8 b1e8 ba29 ba09 ba08 ba49 c229 c26a ca6a ca8a ca8a d2ab d2eb d2cb d2cb db0c d2ec db0d db2d db2d db2d db4d db2d db2d db2d db0c db0c daec daeb dacb daec d2cb d2cb d2cb d2cb d2ab ca8a ca6a ca6a ca8b ca8b ca8b ca8b d2cc d32d d36e dbcf dbcf db8f db4d db6d cb6d baeb 8927 8148 68c7 5087 50a7 5087 5087 5087 58a7 60a7 58a7 60c8 60e8 6928 60c7 60c7 60c7 60c7 68c7 6067 7107 924b 89a9 8128 8148 9209 8188 8148 7907 78e7 7927 89c9 70e7 68c7 60e8 60c9 81eb bbcf d4b1 cc0f d3ed dbed d40e d3ed cbed cc2e cc2e cc4f cc4e cc2e c42f cc4f cc2f cc2f cc4f cc2f c42f cc2f cc2f cc2f cc2f cc4e cc2f c42f c40f c40f bc0f c40f c40f bbef bbee bbee bbee bbee bbce bbce bbce bbae b3ae b36d ab6d ab2d a2ec ab0c c3cd e50f edf1 f653 f694 f6b5 f694 f694 f674 f674 f674 f674 f674 f674 f694 f695 f695 f695 f695 f695 f694 f674 ee53 ee53 ee52 ee32 ee32 ee32 ee32 ee32 ee33 ee53 ee53 ee53 ee53 ee53 ee54 f654 
60c7 60a7 60a7 60c7 68c7 60a7 60a7 68a7 6086 6087 6087 70c7 89ea 9a0a 9a0a 9a09 a20a b24a c2cb cb2c d36d dbad dbee e42e e48f eccf eccf ecef ecef ecef ecef f4ef ed0f ecef ecaf ec8e e42e e3cd db6b caca b229 9168 80e8 80e8 8949 a26d bbf3 a24d a1ea a20c 9a2c 79cb 692a 58e9 58ea 716b 8af0 8a8e 6909 50a8 50a8 4888 48a8 69ad 79ee 610a 610a 58ea 48aa 510b 8b33 ad39 9bd4 9bf5 8ab2 69ae 7af1 9bf6 9353 9373 8291 7a10 7a71 7a71 82d1 82b0 8b53 9352 9b12 8a2d 71ad 8ab0 9b93 8a6f a312 aa6e cc11 e617 d4b2 e48f ed30 dcef 8a29 58e8 50c9 50c8 58e8 58e8 58c8 58c8 58a8 60e8 60e8 60e8 6908 60e8 58c7 58a7 60c8 68e8 58a8 60c8 60e8 60c8 60c8 60e8 6908 68c8 68e8 68e8 68e7 68e7 7107 6908 60a7 60c7 7108 7108 7128 81a9 7128 68e7 7928 8968 9948 9988 a9a8 a9c8 b1e9 b209 ba29 ba29 c24a c26a ca6a ca8a d2ab d2cb d2cb d2eb d2ec d2ed db0d db2d db2d db2d db2d db2d db2d db2d d30c db0d db0d db0c db0c db0c d2ec db0c db2c db4d db2c d32d d32d d32d d32d db2d db4e db6e dbae dbaf dbce dbcf db8f d32e d34e d36d c32d 9189 68a7 8168 60c8 50a8 5087 5087 50a8 5087 58a7 60e8 60c8 60c8 6108 6928 60c8 60e7 60c7 60a7 68c7 5867 70c7 9a4b 91a9 8968 8148 9209 89a9 7927 7907 7907 7927 89e9 7928 68a7 60a7 60a8 79aa bbd0 d4b1 d430 d3ed d42e d3ee cbcd cbed cc2e cc2e cc4f cc4f c42f cc4f cc2f c42f c42f cc2f cc2f cc2f cc2f cc2f cc2f cc2f cc4f c44f c42f c42f c40f c42f c40f bc0f bbef bbef bbee bbee bbee bbce b3cf bbce bbce b38d ab6d ab4d a32d a30c ab0c c3cd e50f f5f1 f673 f694 f6b5 f694 f694 f674 f674 f694 f694 f694 f694 f695 f695 f695 f695 f694 f674 f674 ee53 ee53 ee53 ee53 ee53 ee53 ee53 ee53 ee53 ee53 ee54 ee54 ee54 ee54 f674 f654 f654 
60e8 60c8 60a7 60a7 60a7 60a7 6087 6086 6086 6087 6067 7927 9a0a a22a a22a a22a aa2a ba6a c2eb cb2c d36c db8d dbee e42e e48e ecaf eccf ecef eccf ecef eccf ecef ecf0 ecef ecaf ec8f e44e e3cd db6b caca ba29 9968 8108 80e8 8909 a22c b371 aa8f a1eb 9a0c 89ec 81cb 716a 690a 714b 718b 824e 696a 60e9 58c8 50a8 4868 48c9 69ed 71cd 58e9 612a 610b 50ca 592c 8b52 ad18 9393 9374 8b12 8ad3 724f 93d5 9c16 9353 82b1 8291 8b52 82b0 69cd 71ef 82f2 9332 ab52 91cb 610a 7a6f 9b93 928f 9b32 aaf0 c473 e658 edb4 f5b1 dd0f 9a8a 58e8 50a8 50a8 50a8 58e8 58a8 58c8 58a7 58a7 60c7 68e8 60c7 68e7 60e7 58a7 5087 58c8 60e8 60a7 60a7 60c8 58c7 58a8 60c8 60e8 68e7 68e8 68e7 68e7 70e7 7107 6908 60a7 58a7 68e7 7108 7107 7148 7148 68e7 68e7 8148 8927 9147 9988 a1a8 a9a8 b208 b209 ba29 c249 c24a ca6a ca8b d2ab d2cb d2ab d2ec d30c d2ec d30c db2d db0d db0d db2d db2d db2d db2d db2d db2d db2d db2d db4d db2d db4d db6e db8e dbae dbae e3cf e3ef e410 e3ef e3ce e3cf e3ce e3ef dbef dbcf dbaf db6f d36e d38d cb6d aa4a 6887 68c7 7948 58c8 5087 5087 5087 50a8 50a8 58c8 60e8 60e8 60e8 60e8 6908 60e8 60c7 60c7 6086 68c7 5867 70e7 9a4b 91c9 8168 8147 91e9 8988 8148 7927 7927 8148 89a8 7948 68a7 68a7 60a8 7969 bbcf d4b1 d470 d40d d44f d3cd cbcd cc2e cc4e cc2e cc4e cc4f c44f cc4e cc2f c42f c42f c42f c44f c42f c42f c42f c42f c40f c42f c42f c42f c42f bc0f c40f c40f bc0f bc0f bbef bbef bbef bbcf b3ce b3cf b3ae b3ae b38e ab6e ab4d a32d a30d a30c c3cd e530 f611 f673 f6b4 f6b5 f6b4 f6b4 f694 f694 f694 f694 f695 f694 f695 f694 f694 f674 f674 f674 f653 ee53 ee53 ee53 ee54 ee74 ee74 f673 ee53 ee53 f653 ee54 ee54 f653 f653 f653 f653 f653 
60a7 58a7 58a7 60a7 60a7 60a7 60a7 6087 5887 60a7 68a8 8968 a209 aa29 a22a a22a aa2a ba8b caec cb2c d36c db8c dbcd e42e ec8e ecaf ecaf eccf eccf eccf eccf ecef ecef ecef ecaf ec6f e42e e3cd db6b caca ba29 99a9 8928 8108 8929 91cb a2cf aacf a24d 9a4d 89cc 798b 694a 718b 822d 79cc 79ed 6109 58e9 50a8 4888 4888 50e9 720d 71ac 50a8 58c9 612b 58eb 58cb 7a6f a476 8af1 82f2 8291 8b12 8ad2 82d1 9c36 9394 8ad1 8af2 82d1 7a2f 71ae 71ef 722f 8af1 ab52 b22c 99ac 92af 9332 71cc 9af1 aa8e cc71 ee56 ee15 d4ee 8a2a 60e8 58c8 50a8 50c8 58e8 58e8 58e9 58c8 58c8 58a8 60c7 68e8 60e8 68e8 60e7 58a7 5087 60c7 60e7 58a7 60c7 68e7 60c7 58a7 58a7 58a7 68c7 6908 68e7 68e7 70e7 7128 6907 60a7 6087 60c7 7107 70e8 6907 7948 68e7 60a7 7907 8127 80e7 8927 9967 a187 a9e8 b1e8 b209 ba29 ba29 c249 ca6a d2aa d2ab d2cb d2ec d2ec d30c d30c d32d db0d d32d db2d db2d db4d db4d db4d db4d db6e db6e dbaf db8e db8e db8e e3ae e3ef e430 e450 e450 e471 e471 e42f e40f e3ef e3ef dbef dbcf dbaf db8f d3ae d3ad bb0c 78e7 5867 68c7 7108 50a8 5087 5088 50a8 50c8 50a8 58c8 60e8 6908 6908 6928 6908 60c7 60a7 68c7 5887 60a7 6087 7928 9a8b 91c9 8148 8168 91e9 8188 8168 8128 8148 8168 89a9 7928 68c7 68c8 68c9 7129 bbcf d4d1 d490 d40e d46f cbad cbcd cc2e cc2e cc6e cc4f cc4f cc4f cc4f c44f c44f c42f c44f c430 c42f c42f c42f c40f c42f c42f c42f c44f c42f bc0e c40f c40f bc0f bc0f bbee bbef b3cf bbee b3ce b3ce b3ce b3ae b38e ab6d a32d a32d a30d a30d c3ee e550 ee32 f674 f6b5 f6b5 f6b4 f6b4 f694 f694 f674 f674 f694 f674 f674 f673 f673 f674 f674 f674 f674 ee74 ee74 f674 f674 f674 f674 f654 ee53 f653 f653 f653 f653 f653 f633 f633 ee32 f633 
5887 58a7 5887 5887 60a7 60a7 60a7 60a7 58c8 60a8 68c7 8968 9a0a aa29 aa4a a22a aa2a ba8b cb0c d32c d36c dbad dbee e42d ec8e eccf eccf eccf eccf ecef ecce eccf ecef ecf0 ecaf ec6e e42e e3cc db4b caca ba09 99a9 8908 80e8 8929 918a 9a4c a28e 9a2c 9a4d 89cc 714a 716b 79cc 820c 820d 79ed 6109 58e9 50a8 4888 4868 590a 7a2e 718c 50a9 50a9 60ea 610b 610c 722d 9c35 824f 7a70 7a50 82d2 8af2 8ad2 8b53 93b4 8b33 8b33 8af2 82b1 7a50 69ae 69ae 82b0 a393 ba4e ca2c bb10 9311 616b 8a8f 9a6e ab2f ccf2 cd54 79ea 58e8 6109 50c8 50a8 58c8 58c8 58c8 58c8 58c8 58c8 58a7 60c7 6928 68e8 68e7 60c7 58a7 5887 60c8 6907 58a7 60a7 60c7 68c7 5887 5887 58a7 60a7 68c7 68e7 68c7 68c7 7107 68e7 68c7 60a7 60a7 68e7 7107 68e7 7107 68e7 60a7 7107 8168 8107 70a6 78e6 8927 a187 a1a8 a9c8 b209 ba09 ba29 c249 ca6a d2aa d2cb d2ec d2ec d2ec d30c d32c db2d db2d db2d db4d db6d db4e db4d db8e db8e dbcf e3ef e410 dbef dbcf e3ef e430 e451 e471 e491 e471 e470 e471 e430 e430 e430 dc10 dbef dbaf dbae d3ce cb8d 9a0a 5867 5867 7108 68e8 5087 50a8 5087 50c8 50a8 58c8 58e8 6908 6908 68e8 6928 60c7 60c7 6908 68e7 60a7 60a7 68a7 8148 a28b 91ea 8168 8968 920a 89a9 8148 7928 8148 8988 8988 7107 7928 70c7 60a8 7149 bbf0 d4d1 d450 d42d d46f cbac c3ee c42e cc2e cc6f cc4f c44f c44f cc2f c44f c42f c42f c44f c42f c40f c40f c42f c40f c40f c42f c42f c42f c40f c40f c40f bc2f bc0f bbef bbef b3ef b3ef b3ce b3cf b3cf b3ce b3ae b3ae ab6e a34d a32d 9aed a30d cc2f e5b1 f653 f694 f6b5 f6b4 f6b4 f6b4 f694 f694 f673 f673 f674 f674 f674 f673 f674 f674 f674 f674 f674 f674 f674 f673 f674 f673 f653 f653 ee53 f653 f633 ee33 ee33 f633 f633 f633 ee12 f612 
5887 5887 5887 58a7 58a7 58a7 5887 58a7 58a7 58a7 68c7 8988 99e9 aa4a aa4a a22a aa09 ba8a caeb d32c d34c dbad dbee e44e e46f eccf eccf eccf eccf ecce eccf eccf ecef ecef ecce ec6e e42d e3cd db4b caaa b229 9988 8108 80e8 8968 9189 9a2b 9a6d 920c 9a4d 796b 6909 716b 692b 714a 8a8e 7a0d 58e9 5909 58e9 50a8 4868 58e9 7a2e 696c 50a9 50c9 58ea 610b 718d 7a2e 93b4 7a4e 7a70 614b 616d 69cd 7a90 8b33 8b33 9395 9395 8b33 8b33 8af2 7a71 69cf 7a4f a415 a291 ba2d c371 ab71 694a 71ed 8a6d a30e b42f b472 6149 6969 6929 50c8 50c8 58c8 58e8 58c8 58c8 58a8 58c8 58a7 60e8 7189 6908 68e7 60c7 5887 5887 60e7 6907 58a7 5887 60a7 68e7 60a7 5887 58a7 60a7 60a7 68c7 68c7 68e7 68c7 68e7 68c7 60c7 60c7 68e7 68e7 68e7 7107 7107 68a7 68e7 8168 8147 70a6 6886 70a6 80e6 8927 9967 a1c8 a9c8 b1e8 ba08 c249 ca6a caab d2cb d2cc d2cb d2ec d30c d32d db2d db2d db4d db8e db6e db6e dbae dbae e3ef e410 e451 e451 e430 e430 e430 e450 e471 e470 e450 e450 e471 e451 e471 e450 dc30 dbcf db8e dbcf d3ce c32c 7907 5087 5887 7948 60c8 50a8 50c8 58c8 50c8 50a8 58e8 58e8 6928 6908 68e7 6907 5887 60c7 7148 60a7 60a7 60a7 68c7 8168 a2ac 920a 8989 8968 922a 89a9 8148 8148 8148 8968 8128 70e7 8189 68c7 60a8 7109 bbf0 d4d2 d450 d42e d450 c3ad c3ee c40e cc4f cc6f cc4f cc4f c44f c44f c42f c40f c42f c42f c42f c40f c40f bc0f bc0f c40f c42f c42f c42f c42f c42f c40f bc0f bc0f bbef bbef b3cf b3ce b3ce b3ce b3ae b3ae b38e b38e ab6d a34d 9b2d 9aed ab4d d490 edd2 f653 f6b4 f6d5 f6b4 f6b4 f694 f673 f673 f673 f673 f673 f674 f674 f674 f674 f674 f694 f694 f674 f674 f673 f653 f653 ee53 ee32 f633 ee33 f633 f633 ee33 ee33 f633 f633 f632 f612 f5f2 
5887 5887 58a7 60e8 60c7 5887 5887 5887 58a8 58a8 68e8 8988 91a9 99e9 a209 a209 aa0a ba8a caeb d32b d34c dbad dbed e44e e48f ecaf eccf ecce ecce ecce ecee eccf ecef ecef ecce ec6e ec4d e3cc db4b caca b229 9988 8108 8108 8969 9189 9a0b 9a4b 9a2d 818a 6909 6109 694b 58ea 614a 9330 7a0d 50c9 5909 6109 58c9 50a9 50e9 71cc 696b 50a9 50e9 58ea 50ca 696d 8290 9bd4 7a6e 7a70 58ea 58ea 590b 614c 722f 8b13 9394 9bd5 8b13 8b13 9374 8b74 82b2 7a70 a3d4 a333 b2d1 c392 bb30 9a0c 81ed 822b 928c 79ea 7a0b 6149 79ca 5909 50e9 58c9 58e8 6108 58c8 58a8 58c8 58c8 58a8 68e8 7108 6908 68e8 60c8 58a7 58a7 60e8 6908 58a7 58a7 58a7 60c7 68e7 5887 5887 60a7 6087 58a7 68e7 68c7 68e7 68c7 68c7 68c7 68e7 68e7 6907 68c7 68e7 7128 68e8 68c7 7948 8148 78e7 6086 6066 6886 70a6 80e7 9147 9987 a987 a9c8 ba09 c269 ca8a caab caac d2cb d2ec d30d d30d db0d db2d db6d db6e db8e db8e dbae dbaf e3cf e3ef e451 e491 e451 e451 e450 e471 e471 e451 e450 e451 e471 e491 e4b2 e470 dc10 dbaf d38e d3ce cb8e aa29 6887 5067 60c7 7128 58c8 50c8 58e8 58e8 50e8 50c8 58e8 58e8 6908 6928 6908 60c7 5887 60c7 6907 6087 60a7 60a7 68c7 8168 9aac 920a 8969 8188 924b 8188 8148 8188 8188 8188 8148 70e7 89a9 70e7 68c8 68e9 bbd0 d4f2 d470 d42f d450 c3cd c3ee c40e cc4f cc4f cc4f cc4f c44f c42f c42f c40f c40f c42f c42f c40f bc2f bc2f bc2f bc0f bc0f bc2f bc2f bc2f bc0f bc0f bc0f bc0f b3ef b3ce bbcf b3cf b3ce b3cf b3af b3ce abae ab8e a36d a34d 9b0d 9b0d ab6e d4d0 edf2 f674 f6b4 f6d5 f6b5 f6b4 f693 f672 f673 f652 f673 f673 f674 f674 f694 f694 f694 f694 f694 f674 f653 f653 f653 f632 f612 ee32 f632 ee32 ee12 f612 f612 f612 f611 f5f2 edd1 edb1 ed70 
58a8 5887 58a7 60c8 58c8 58a7 5887 5887 58a7 58a7 68c8 7928 8988 99e9 9a09 a22a b24a c2ab cb0c d32c d36c dbad dc0d e44e e48e e4af eccf eccf eccf eccf ecef eccf ecef ecef eccf ec8e ec2d e3ec db4b caca b209 9168 8108 8108 8148 8989 9a0b aa8c 89eb 60e8 58c8 60c9 58ea 50a9 698b 92ef 822d 58e9 58c9 6109 612a 58c9 58e9 718c 694b 50a9 50a8 58ca 4889 58eb 8290 9bd5 8b32 8b32 694c 58c9 612c 612c 720f 7a50 82d1 8b12 8b13 9354 93d5 93d5 8b33 82d2 9333 9b12 b393 b3b3 ab72 920d 920d 820b 92ac 718a 6129 6949 5908 5109 50e9 50c8 58e8 60e8 58e8 58c8 50a8 50c8 58a8 68e7 7108 7107 7108 58a7 5087 58a7 68e7 7128 58a7 58a7 58c8 58c7 6908 60c7 58a7 5887 60a7 58a7 60a7 60c7 6907 68c7 68c7 6907 60c7 60c7 68e8 68e8 68e7 7128 68e8 60a7 7127 7948 8128 70e7 60a7 6086 6086 6886 78c6 8907 9147 a187 a9a8 ba29 c249 c28a ca8b ca8b cacb d2cc d2ec d30c d30d db2d db6d db6e db6e db8e dbaf dbaf e3af e410 e450 e430 e451 e471 e471 e491 e471 e450 e450 e471 e471 e471 e430 dbf0 d38f d3ae cbae c32c a1c8 5867 5087 68e8 68e8 58c8 50e9 5909 5909 5109 50e9 58e9 58e8 6108 7148 6928 60a7 60a7 60c7 60a7 60a7 60a7 60a7 70e8 89a9 a2ac 920a 8968 8988 922a 8168 8148 8988 89a9 8168 8948 70e7 89a9 70e8 60c8 6909 bbcf d4d1 d44f d42e d470 c3ce c3ee c3ee c40e c42e c42f c42f c42f c42f c40f c40f bc0f c42f c40f c40f c430 bc30 bc2f bc0f c40f c40f bc0f bc0f bc0f bc0f bbef bbef b3ef b3ce b3cf b3ce b3ae b3ae b3ae abae ab8e ab6e a34d a32d 9aed a30d b3ae dd30 ee32 f694 f6d5 f6d5 f6b5 f694 f673 f673 f652 f653 f673 f673 f673 f694 f694 f694 f694 f674 f674 f673 f653 f632 f632 f632 f632 f632 f612 ee12 edf1 edd1 edb0 ed90 ed4f e4ef dc8d cbec c34a 
58a7 58a7 5887 58a7 58a7 5887 5887 5067 58a7 58c7 60a7 70e7 8168 91c9 9a09 a22a b26a c2cb cb0c d32b d36c dbcd e3ee e44e e48f ecaf ecaf ecaf ecaf eccf eccf ecf0 ecef eccf eccf ec8e ec4e e3ec db6b caca b209 9168 78e8 7108 7928 8989 9a8c 9a6c 7149 60e8 58a8 50a8 590a 612a 7a0d 820c 81cb 68e9 58c9 612a 692a 610a 612a 696b 614b 50a9 48a8 58e9 48a9 488a 722e 9c16 9372 9393 7a0f 58ea 694c 71ae 69ce 7a0f 8290 8291 82d2 8b13 8b32 93f5 93f6 93f6 9354 8af2 9b73 abf4 c474 a372 79ac 79ec 8a6d 8a6c 71cb 5909 50e9 5109 50e9 50c8 58e8 58c8 58c8 58c8 50c8 58c8 60e8 6908 7128 7948 7128 60c7 58a7 58a7 6907 7128 58a7 58a7 60e8 60c7 60c8 60e8 58a7 58a7 60c7 58c7 58a7 60a7 68e7 68e7 68e7 6908 6928 60c7 68c7 68e8 68e8 6908 68e8 60c7 6908 8148 8148 8128 68c7 60a7 6086 6086 6866 70a7 78c7 8927 9168 a187 a9c8 a9e8 b1e9 ba09 c26a c28b c2ab c2cc c2cc cb0c d30d d32d db4d db6d db6e db8e dbae e3cf dbcf e3f0 e451 e451 e451 e471 e451 e430 e430 e430 e430 dc0f dc10 dbcf d38f d38e cb8e c2cb 99c9 5888 5088 60e8 6109 5909 5909 5929 5909 5109 5909 58e9 60e9 60e8 7169 6928 60c8 60e8 6108 60c7 60c7 60c7 60c7 70e8 89c9 9a8b 920a 89a9 89a9 8a0a 89a9 8168 8988 89c9 89a9 8968 7928 89c9 7108 60c9 7129 bbd0 d4b1 d42f d40e d42f c3ce bbae bb8d bbae bbce c3ee c3ee c3ee c3ee c3ef c3ef c40f bc0f bc0f bc2f bc0f c40f c42f bc0f bc0f bc0f c40f bc0f bc0f bbef bbef b3ef b3ef b3cf b3ce abcf b3ce b3ae b3ae b3ae ab8e ab6d a34d a32d 9b0d a30d c40e e590 f632 f694 f6b5 f6b5 f6b4 f694 f673 f653 f653 f673 f673 f673 f673 f693 f673 f674 f674 f673 f673 f653 f633 f633 f632 f632 f612 f612 f5f2 edd1 ed90 e52f dcad d40c c36a aa89 9208 7968 7107 
5887 5887 58a7 58a7 58a7 58a7 5887 5087 5087 58c8 5887 68c8 7908 91a8 9a09 a20a aa2a ba8a caeb d32c d38c dbee e40e e44e ec6f e4af ecaf e4af ecaf eccf eccf eccf ecef eccf ecaf ec8e ec2d e3cc db4b caaa aa09 8968 70c8 70e9 89cb ab30 ab71 91ec 820c 8a8e 58c8 4888 58c9 798b 822d 716a 694a 694a 60e9 610a 610a 6129 696b 6109 610a 50a8 48a8 50c9 50ca 4849 618c 9c56 9394 9bd4 8ab0 694c 694c 71ee 698d 614c 79ee 8ad1 8b12 8af2 7a2f 82b0 93d4 8af2 82d2 9375 9b94 ac36 b455 b3f4 9333 9bb4 a3b3 a370 9b0f 616a 48c9 48a8 48a8 50c8 50e9 58c8 58c8 58e8 58c8 58c8 68e8 7108 7928 8188 7108 5887 5087 58a7 6928 7148 58c7 58a7 58c8 58a7 60c8 60e8 60c7 58a7 58a7 60a7 5887 58a7 60a7 60c7 60c7 6907 6908 68e8 68e8 7128 7128 7128 6908 60c8 68e8 7928 8148 8148 8148 78e7 70c7 68c7 68a7 68c7 78e7 78e7 7907 8107 8107 8127 8947 9168 99c8 a1e9 aa09 aa4a b28b baac c2ab cacc cb0c d32d d34e d36e dbae dbaf dbaf dbaf e3ef e430 e450 e450 e430 dbef dbcf dbae dbcf dbcf d3ae d36e cb6d cb4c cb4b ba69 8948 58a8 50a8 58c8 58c8 50e9 5909 58e9 5109 5109 5909 58e9 58e8 5908 7169 60e8 60c8 60e8 60c7 60c7 58a7 60c7 6908 7108 89a9 a26b 922b 89c9 89a9 89ea 89a9 8168 89a9 89c9 91e9 8988 7907 89a8 7929 68e9 796a c410 d4d2 d40d d42f cbef bb8d b34d ab0c b32c bb4d bb6d bb8d bbae bb8e bbae bbce bbcf bbcf bbef bc0f bc0f bc0f bc0f c40f c40f bc2f bc0f bc0f bbef bbef bbee b3ef b3ef b3cf b3cf b3cf abcf abaf ab8e abae ab8e a36e a34d 9b0d 9aed ab4e ccaf edd1 f653 f694 f6b4 f6b4 f694 f693 f673 f653 f673 f673 f653 f673 f673 f673 f673 f653 f653 f653 f652 f632 f632 ee32 f612 edd1 edb0 ed70 e50f dcad cbec bb2b a228 8167 68c6 60a7 58a7 5887 5087 
58a7 5887 5887 58c8 58a7 5887 5067 5887 5087 5087 5867 68c7 7907 8988 9a09 9a09 99e9 b22a c2ca d32b d36c dbcd e40d e44e e48f e4af e4af e4af ecae ecaf eccf eccf ecef ecef ecaf ec6e e42d dbcc d32b c289 a1e9 8929 794a 9a8f bc53 ccf3 aaee 91ec ab30 a30f 58c8 4888 50a8 694a 79cc 718b 60e9 6109 692a 6109 60e9 694a 692a 58c8 58e9 50a8 48a8 50a8 50a9 486a 594b 93f5 9bd5 9bf5 9bd4 8291 7a0f 7a4f 718d 610b 696c 8290 9373 9394 7a0f 69ad 82f2 82d2 82d2 8b53 9bf5 ac76 ac35 a3b4 9b53 9b92 b454 ac34 ac54 8af0 616b 5109 50c9 50c8 50c8 50c8 50c8 58e9 50c8 58c8 60e8 8169 8168 8189 7108 58a7 5087 5087 7127 7128 58a7 58a7 58c8 58a7 58c7 60e7 60c7 5887 58a7 60c7 58a7 5887 60c7 60c7 60c7 68e8 6908 7108 68e8 6908 6908 6908 7128 68c7 60c7 68e7 7928 8148 91a8 8948 7907 7907 7907 8148 9189 9189 91a9 91ca 99ca a20b aa2b b24b aa6c b28c b26c b28c baad c2cd c2ed cacd caed d32e d32e d34f dbd0 dbaf dbd0 dbcf dbf0 e410 e451 e451 e431 dc10 dc10 dbf0 dc10 dbd0 d38f cb6e c36f cb6d cb4c aa8b 8189 5908 58e8 58e8 58e9 5909 5929 5909 5909 5909 5909 5909 58c8 5909 7169 6108 60e8 60e8 58a7 60e7 58a7 60a7 6908 70e8 89a9 9a8b 922b 89c9 89ea 8a0a 81c9 8189 8189 89a9 91c9 8988 7908 8168 7949 7129 798a c430 d4d1 d3ed d42f c3ad ab2c ab0c aaab aacb aacb b30b b32d b34d b34d b36d b38e b38e bb8e b38e b3af bbcf bbef bbef bbcf bbef bbef bc0f bc0f bbef b3ef bbef bbef b3ef b3ce b3cf b3cf abae abae ab8e ab8e ab6e a34d 9b2d 9aed 9aed b38e d510 edf2 f673 f6b4 f6b4 f694 f673 f673 f653 f653 f673 f653 f653 f653 f653 f653 f653 f653 f652 f652 f632 f612 f5f1 edd1 ed90 e550 dcce d40c c34a a269 81a8 7107 60c7 5887 5066 5067 5887 5887 58a7 
58a8 58a7 58c7 58a7 58a7 5087 5067 5067 5067 5067 5067 60a7 7927 8968 91c8 91c9 99a8 a9e9 c28a cb0b d36c dbad dc0e e44e e48e e4af ecaf ecaf ecae ecce ecae ecaf eccf ecaf ecaf ec6e e40d dbac d30b ba6a a1ca 9a0c b3b2 d596 c4f1 926b 792a 794a abb1 928d 58e9 48a9 4868 58e9 79ec 79cc 6109 60e9 692a 6109 610a 694a 60e9 58c8 60e9 50a8 50a8 5088 50a9 4869 594b 9394 9373 9353 a434 9b94 7a0e 71ac 71ad 610b 58eb 698c 82cf 8b32 71ce 69ae 8313 9436 82f3 71ee 8b53 a436 a476 9bb3 8290 696b 81ec 8a8e a454 ac96 9b93 7a6f 592a 4888 4887 48a8 50a8 50c8 50c8 58a8 68c8 8148 8148 81a9 6908 5087 5067 50a7 7128 6908 58a8 58a7 58a7 58a7 58a7 60c7 60c7 5887 58a7 60c7 60a7 5887 60c7 60c7 60a7 60c7 6908 6908 68e8 60c7 6907 68e7 68e7 68e7 60a7 60a7 70e7 8148 8947 8968 8968 9188 a1e9 aa0a b24b b26b ba8b c2ab caec caec d2ec d30d cb2d d38e d36e cb4d cb4d cb4d cb6d cb6e d34d d38e d38e dbcf dc0f dc0f dc2f dc0f dc0f dc0f dc2f dc50 dc50 dc71 dc70 dc91 dc91 dc90 dc91 dcb2 d4d3 dd13 d4f3 c492 ab6f 8ace 7a2b 618a 5929 5129 5929 5109 5109 5109 5909 58e9 58e8 60e8 6908 60e8 60e8 60c8 5087 58e7 60c8 58a7 7128 68e8 8189 9a6b 924b 89a9 89c9 922a 89ca 8189 8189 89c9 91c9 8968 7928 8148 7949 712a 81eb cc71 d4b0 d3ed cbee bb4c a2cb aaeb a2ab a28a a28b aaaa aacb aaec b30c aaec ab0c b34d b30d ab2d ab4e b36e b36e b38e b38e b3ae bbce bbef bbef bbef bbef bbee b3cf b3ef b3cf b3cf abaf abae abae ab8e a36d a36d a34d 9b0d 9aec a2ed c40e e591 f632 f673 f694 f693 f673 f652 f652 f652 f652 f652 f653 f653 f652 f652 f652 f652 f632 f632 f632 f611 edd1 ed91 e530 dccf d42e bb4b a229 7927 60a7 5887 5087 5087 4867 5067 5887 68c7 68e7 70e7 
60c8 60e8 60e8 60e8 60e8 58a7 5887 5067 5067 5067 5067 60a7 7907 8147 8988 8968 8968 99c9 baaa cb2b d36c dbad dbee e44e e48f e4af ecaf ecaf ecaf ecaf ecae e4af ecaf eccf ecae e46e e40c db6c cb0c baad b30f cc94 ddb4 bc0e 8a09 822c 714b 7169 a34e 79cb 50c8 50c8 4888 50a8 79ec 79cc 716a 610a 610a 694a 718b 6109 58c9 6109 718b 58c9 50a8 58a8 58a9 5089 69ad 9373 9353 9313 9332 9bf4 8b32 7a0e 71ac 614b 50a9 58ea 698b 7a91 7a30 82d2 9415 9c15 82b1 71ef 7a50 93b4 a476 a435 9352 8270 71ad 610a 824d b473 bcf6 b495 9332 618c 48a8 48a8 48a8 50a8 50c8 58c8 68c7 7948 8168 8989 68e7 5087 5087 58a7 7989 7108 58a7 58a7 58a7 58a7 58a7 60c8 60c7 60a7 58a7 58a7 58a7 5887 58a7 60c7 58a7 60e8 60e8 60e7 6908 60c7 68e7 6907 68c7 60c7 6086 60a6 68c6 7948 8968 9188 91a8 a1c9 b22a ba6a ba8b c2cc cacc caec caec caec caeb d30c d32c d32c d32c d32c cb2c cb2d cb4d d36d d34d d34d d36d dbaf dbce dbce dbef dbef dbcf dbcf dbef dbef dbef dbef dc0f dc0f dc2f dc70 dc91 e4d1 e532 e573 e5b3 e5b4 e594 d574 c513 ac52 9350 7a6d 618a 5949 5109 5109 5109 58e8 58c8 60c8 60e7 60e7 58a7 58a8 5088 58e8 60e8 60a7 6908 7128 8189 9a4b 924b 81a9 89ca 8a0a 89ca 8189 8189 8988 91e9 8989 8148 8169 7928 7129 8a0b cc70 d44f dc0d cbce b30c a2ab aacb b2cb aaab a28b aa8a aa8b aaab aaab aacb aacc aaec aacc aaec aaec a2ec ab0c ab2d ab2d ab4d ab4d b36e b38e b3ae b3ae b3ae b3af b3ae b3af b3af abaf abaf abae ab8e a36d a34e a32d 9b2d 9aed a32d cc8f edb1 f653 f693 f694 f673 f652 f631 f652 f652 f652 f653 f653 f653 f653 f652 f632 f632 f632 f612 f611 edd1 ed91 e530 dcaf cc2e bb4c 9a29 7928 60a7 5087 5067 5087 5087 58a7 60a7 7107 8148 8168 7948 
6908 6908 6928 6928 60e8 60c8 60a7 58a7 58a7 5067 5066 5887 70c7 7907 8168 8148 8148 91a8 b26a caeb d34b db8c dbee e42e e46e e4af e4af ecaf e48f ecaf ecaf ecaf eccf eccf ec8f e44e e3ed db8d d36e cbf1 dd54 ccd0 9aa9 7948 818a 712a 60e9 7a2c 92ae 58e8 4887 4888 4868 50a8 79cb 820d 718b 692a 60e9 692a 694a 58c9 58ea 610a 7a2d 694b 58e9 58e9 58c9 50a9 612c 7a6f 8b53 9353 92f2 8b31 9bd4 9373 7a2e 590a 48a9 50eb 71ce 8b12 9333 93d5 9c76 82d0 722f 7230 724f 82b1 8b32 9b93 92b0 8aae 8ab0 718c 612a 92ee b433 b453 ac75 9bd4 6a0d 48c9 48c8 50c8 50a8 60e8 6929 7928 89c9 8188 60c8 50a8 50a8 58e8 7968 7128 58c8 58a8 58c8 58c8 58a8 58a7 60c8 60c8 58a7 58a7 58a7 58a7 58a7 60c8 60c8 60c8 60c7 6908 6908 68e8 68c7 6908 60c7 60c7 60c7 60a7 60a7 7928 8988 9188 99a8 aa0a ba6b c28b caac caec caec caec cacc cacb caec caec cb0c cb0c d30c cb0c cb2d cb2d cb2d d34d d34d d36d db8e db8e dbae dbae dbae d3ae db8e d3ae d38e d38e d38e d3ae d3ae dbef dc30 dc70 dcb1 e4f1 e532 e593 e5b4 e5d4 edd4 edd4 edd4 edf5 e5d5 cd74 b473 9370 724d 61aa 5949 5109 58e8 58c8 60e8 60e8 58c8 58a8 50a8 58c8 58c8 60c8 6908 818a 89c9 924a 926c 8189 81a9 89c9 8a0b 8189 8189 8169 91e9 8989 8169 8189 796a 712a 924c d4b2 d40e d40e c38e b30c aaec b30c b2ec b32c aaec aaab aacb aaac aaab aacb aaab a2ab aaab a2ac aaab a2ac a2ab a2cc a2cc a2ec a2ec ab0c ab0c ab2d ab2d ab4d ab4e ab6e ab6e ab8e ab8e ab8e ab8e ab6e a36d a34e 9b2e 9b0d 9aed ab2d d4af edd1 f652 f673 f693 f652 f631 f631 f631 f632 f632 f653 f653 f653 f653 f653 f632 f612 f611 edd1 edb1 e591 e551 dcf0 d44e b34c 9a29 7128 6087 5087 5067 5887 58a7 60c7 7107 7948 8988 8988 8989 8168 
81a9 7969 7969 7148 7128 68e8 60c7 60c7 58c8 50a7 58a8 6087 7107 7907 7927 7907 7907 8988 aa09 c2aa d30b d36c dbcd e42e e46e e4af e4ae ec8f e48e ec8f ec8f ecaf ecae ecaf ec8e e44e e40f dc10 dcf3 dd32 c3ac 91c9 7108 796a 798b 690a 79cb b411 8a4c 4888 4888 4888 4868 5088 694a 820c 798b 60e9 58a8 612a 6109 58c9 58ea 60ea 824e 822e 694b 60e9 610a 58c9 610b 614c 71ed 8b12 9b94 8ad2 8290 9372 9374 7a51 7210 7a30 8291 8b33 9c15 9c76 8b52 71cd 69ae 722f 7a91 7a30 7a70 8b32 9393 826f 71ac 71cd 8270 92cf ac53 a370 9b10 9bd2 a435 6a0d 48e9 48a8 58a8 60e8 7109 7128 89a9 8148 60c8 50a8 5088 58c8 7969 7149 60e8 58a8 60e8 58c8 58a8 58a7 58a7 60c8 60e8 58c7 58a7 60c8 58c7 60c8 60c7 60c7 60a7 60e8 6908 6908 68e8 68e8 68e7 60c7 60e8 60a7 60a7 7907 8188 91a9 a1c9 b22a ba6b c28b cacb cacb cacb cacc caab cacb cacc caec caec cb0d d30c cb2d cb2d d32d d34d d34d d32d d34d db6e db8e db8e db8e d36d d36d d38e d36d d38e d36e d36e d38e dbae dbef dc50 dc91 e4d1 e4f1 e552 e573 e5b4 e5d4 e5d4 edd4 edf4 edf4 edf4 edf4 e5f5 ddb4 cd34 ac52 8b2f 722c 5969 5908 58c8 50c8 58e8 5087 50c8 50a7 50a7 58c8 6908 7989 89ca 922a 9a8c 8189 81a9 81ea 81ca 7969 8189 8188 91e9 8989 8128 8189 79aa 7129 9aac d4d2 d40e d3ed c36d b30c b32c bb6d b34d bb4c bb4d b30c b30c aaec b2eb aacb aacb aaab aaab a26b a28b a26b a26b 9a8b 9a6b 9a8b 9a8b 9a8b a28b a2cc a2cc a2cc a2ec a2ec a2ec a30c a30d a30d a32d a30d a32d a30d 9b0d 9aec 9acc ab2d d4cf edd1 f632 f672 f652 f631 f611 f611 f611 f632 f632 f652 f653 f653 f653 f652 f652 f612 edd1 ed91 e570 e510 dc8f cbcd b30b 91e9 70e7 5866 5866 5887 60a7 68e8 70e8 7928 8168 8988 91a9 91a9 8989 89a9 
9acd 928d 922b 89ea 8189 7948 7128 68e7 68c7 60a7 60a7 68c7 7907 78e7 70e7 68a7 70c7 8127 9988 ba49 caca d34c dbcd e42e e46e e48e e48e ec8f ec8f ec8e ec8e ec8f ec8e eccf ecb1 e4d2 e4d1 e4d0 e4af cb4c a22a 8948 7908 794a 89cc 81ec a38f ab6d 6929 4867 4887 4887 4867 4867 58c8 716a 79ab 692a 58c8 694a 58a8 50a8 58a9 60c9 7a0d 928f 79ac 692a 694b 6109 616b 50c9 4889 69ed 93b3 9353 8290 826f 7a6f 7a6f 82f1 9333 9353 9c15 a496 8b92 69cd 69ad 7a30 720f 7a4f 8291 8291 82b0 8b32 8ad1 79ef 7a30 9b94 ac34 bcf6 a350 926e 71ab 9bf1 a434 71ed 4888 5888 60c8 68c7 7108 8988 7948 58a7 5088 50a8 58c8 81a9 7948 58a7 58a7 60e8 58a7 58a7 58a7 5887 60c7 60e8 60c7 58a7 58a7 58c7 58a7 58a7 58c7 58a7 60e8 6908 6908 68e8 68e8 68e8 60c7 68e7 60c7 60a7 70e7 8168 91a9 a1c9 b229 c28b c2ab c2ab c2ab cacb cacb cacb cacb cacc cacb cacb caec cb0d d32d d32d d32d d32d d34d d34d db2d db4d d36e db6d d34d d34d d36d d36d d36d d36d d36d d36e db8d dbce dbef dc4f e4b0 e4d1 e511 e552 e573 e5b3 e5d4 edd3 edd4 edd4 edf4 edf4 edf4 edf4 edf4 edf4 edf5 ddd5 cd13 a3f1 82ae 698a 50e8 50a7 4867 4867 4867 4846 5887 68c7 7968 81a9 89c9 9a8c 8169 8189 81ca 81a9 8169 8189 8168 91c9 8968 7928 7948 7949 7109 aaed d4b1 d40d cbcd bb4d b32d b36d bb8d bb4d bb6d c38d c38d bb4c b32c b32c b30c b2ec aaec aaec aaab a2ac a28b a26b a28b a24a a24a 9a4a 9a4b 9a4a 9a6a 9a4b 9a6a 9aab 9a8b 9a6b 928b 9a8b 9aab 9aab 9aac 9acc 9aac 928b 926b 926b a30c d4af edb0 f611 f652 f652 f631 f611 f611 f631 f632 f632 f632 f652 f653 f653 f652 f633 ee32 edd1 e570 e50f d46e bb0b 91e8 7927 60c7 5887 5886 60a7 68e7 70e7 7107 7928 8148 8988 91a8 91a9 89a9 91a9 91e9 
a36f a34f a32e 9acd 924b 89ea 81a9 8189 7128 68e7 68e8 7928 7907 70c7 70c7 68a6 68a6 78e7 8967 aa09 c289 d32b dbad e40e e46f e48f ec8e ec8f ecaf ecae ec8f e48f e4b0 ecf2 ed33 ed51 e4b0 e40e d36c c2ca aa0a 9169 8149 922d a2ad bc73 a32d 7149 5087 4867 4867 4887 4867 5067 5088 58c9 694a 81cc 7a0d 71ec 4847 4867 50a8 58aa 716b 8ab0 8a2e 718c 716b 696b 720e 50a9 4047 50a9 722d 9372 9373 8af1 7a0e 698c 69cc 7a0e 71cd 9392 93b3 698c 71ef 7a50 7a70 7a50 7a30 8290 8312 8b13 82f2 8af2 8ab1 8ad1 92f1 ac11 bcb4 928e 81ec 716b 71ac 8b0e 9351 614b 58a8 68c8 68c8 7108 8989 7128 58a7 50a7 5067 58c7 81a8 7948 5887 5887 60c8 5887 5887 58c8 5087 60a7 68e8 60c7 60c7 58a7 58c7 58a7 5887 58a7 60e8 60e8 6908 6908 68e8 7128 7128 68e7 68e7 60c7 6087 68a7 7948 89a9 99c9 b229 ba6a c2ab c28b caab caab caab cacb cacb cacc cacc cacc caec caec d32d d32c d32c d32c d30d d32d db4d db4d d34d d34d d36e d34d d34d d34d d36d d38d d36d db8e dbae dbef dc2f dc90 e4b0 e4f1 e551 e572 e573 e593 e5b3 e5b3 edb4 edd3 edf4 edf4 edf4 edf5 edf4 edf4 edf4 ee14 f615 ee15 d5d5 b4b3 8b2f 618a 48c7 4887 4867 4847 5067 60c7 7968 8189 81e9 926b 8169 7969 81c9 81a9 7969 8168 8148 8988 8148 7928 7948 7949 7109 b30d d490 d3ee cbce bb6e bb8e bbae bbae bb8d bb8d c38d c3ad bb6d b36d bb4d b34d b34d b32d b32d aaec aaec aaec aaab a28b a26b a26b a26a 9a4a 9a4a 9a2a 9a2a 9a2a 924a 924a 922a 8a2a 924b 924a 9a6b a2ab a2ab 9a8b 922a 89ea 81ca 9a8b cc2e e590 f611 f632 f631 f611 f611 f611 f632 f633 f633 f633 f632 f632 f632 f612 f612 edf1 ed91 dcf0 cc4d b2eb 8168 60a7 5887 60a7 68c7 70e7 7107 7928 7928 7948 8168 8968 91a8 91a8 9188 91a9 91a8 91a9 
a3b0 a390 a390 a36f a34e 9aad 926b 89ea 81a9 7968 7948 8168 7948 70e7 70c7 60a7 6087 70e7 8968 a9e8 c28a d32b dbad e40e e44e e46e e48f ec8f ec8f ecaf ec8f ec8f e4b0 ecf0 eccf ecae e42e e3ed d36b c2cb aa0a 91aa 9a4e aaae bbcf cd13 7989 50a8 4887 4887 4887 4887 4887 5088 5087 5088 58e9 79ab 92f0 79ec 4047 4047 4867 58a9 694a 9311 8ab0 718c 798c 824e 7a4e 50a8 4888 4848 58c9 71ed 9332 9352 9373 8af2 8270 7a2f 7a4f 9393 82b0 612c 618d 7ab0 82f2 8291 82b0 8ad2 7a0e 8312 93b5 8b13 8af2 9332 9b53 a32f abf1 a3b3 8a6e 690a 692a 822e 934f 9bb3 692a 60c8 60c8 7908 8168 7108 58a7 5087 5067 58a7 81a8 7128 60c8 58a7 60e8 58a7 5887 58a8 5087 58a7 60e8 60e8 60e8 60e8 58c8 58a8 58a7 58c8 60c8 60e8 60c8 6908 6908 7148 7948 68e7 68e8 68c7 60a7 60c7 7108 8989 9a09 aa29 ba4a ba6a c26a c28a c2ab caab cacb caab cacc caec d2ec caec caec cb0d d32c d30c db2d d32c db2d db4d db4d d34d d34d d34d d34d d34d d34d d36d d36d d38e dbae dbef dc0f dc4f dc90 e4b0 e511 e551 e572 e572 e592 e593 e592 e592 e5b3 edd3 edd3 edd3 edf4 edf4 edf4 edf4 ee14 f5f4 f615 f635 ee36 ddf5 b4d3 8b2f 596a 48a7 4867 5087 60e7 7948 7928 89c9 926b 8169 7949 8189 7989 7948 7948 7948 8968 8148 7969 7949 7129 7129 b34e d470 d3ce cbae bb6e c3cf bbce bbce bbae bbae bbad c3ce bbae bb8d bb6e b36e b36d bb6d b34d b34d b34d b32d aaec aaec aacc aaac a28b a28b a26b 9a4a 9a2a 922a 922a 922a 8a0a 89ea 8a2a 922a a2ab aaeb aaca a2aa 922a 81a9 8169 922a cc0d e590 f611 f631 f631 f611 f611 f632 f652 f653 f653 f632 f632 f632 f632 edf1 ed90 e54f dcce cbcc aaca 8188 60a7 5887 68e7 7128 8168 8168 8168 8168 8168 8168 8989 91a8 91a9 91a9 91a9 91c9 91c9 91a9 
abd0 a3b0 a3d0 a3b0 a390 a36f a32e 9aad 924b 89ea 89ca 89c9 8189 7948 70e7 60a6 6086 70c7 8168 a9e9 c269 d32b dbac e42e e44e e46e e48e ec8e ec8e ec8e ec8f ec8f ecaf ecaf ec8f ec6e e42d e3cc d34c c2cb b28d a2ad bbd2 a26d c430 ab6e 58c8 5088 4887 4887 5087 4887 4887 5068 4868 614b 79ee 81ed 92f0 79cc 4888 4067 4068 58ea 7a2e 9b92 8a6f 694b 79cd 826e 698b 50c9 50c9 4868 612a 7a0e 79ed 698b 720d 82f1 8ad1 8b12 8b93 82af 698c 616c 698e 618c 7a90 8b13 8af1 8af2 8270 824f 93f4 9c16 9333 9373 9b93 9a8e 926c 9b6f 9bf3 79ee 58a9 696b 824e a3d1 8ad0 60e9 60c8 7108 7948 68c7 58a7 5087 5087 60c7 89c9 7148 60c7 58a8 60e8 60e8 58c8 58c8 50a8 58a8 60e8 60e8 6128 6969 58c8 58c7 58c8 58c7 60c8 60c8 60c8 6908 6908 7128 8189 7948 68e8 60e8 60c7 60c7 7128 81a9 91ea aa0a b26a ba6a c26a c26a c28b caab cacb cacc cacb caec cacc c2cc c2ec d30c d32c db2c db4d db6d db4d db6d db4d d32d d32c d34d d32d d32d d36d d38e d36e db8e dbce dbee dc2f dc70 dcb0 e4d1 e511 e532 e552 e572 e572 e592 e572 e572 e593 edb3 edb3 edb3 edd4 edf4 edf4 edf4 edf4 f5f4 f615 ee35 f635 f635 ee36 d5f5 acb3 7aae 5908 48a7 58a7 68e8 60c8 81a9 924b 7969 7149 7989 7989 7948 8168 8168 8989 7928 7968 7108 68e9 796a c3f0 d44f d3ee c36d bb6d c3ef c3ee c3ef c3ce bbce bbce c3ae bbae bb8e bb8e bb8e b38e b38e bb8e b38e bb6e b36d b34d b32d ab0c aaec aaec a2ec a2ac a2ac 9a6b 9a6b 9a6b 922b 8a0a 89ea 924a a26b b2eb bb2b bb0a b2aa 9a4a 81a9 8169 9a2a d44d ed90 f611 f652 f632 f631 f631 f652 f673 f673 f653 f653 f632 f632 ee11 ed90 e4ce d3eb b2ea 91a8 70e7 6086 60a7 70e7 7948 8188 8988 8969 8188 8988 89a9 89a9 91a9 91e9 91e9 91e9 91a9 91a8 91a9 91a9 
a3b0 a390 a3d0 a3f1 a3f1 a3f1 a3b0 a34f a2ed 9aac 922b 922a 89c9 8188 7907 6086 6066 68c7 8147 a9e8 c28a d32c dbad e40e e44f e46f ec8f ec8e ec8f ec8e ecae ecae ecaf ecaf ec8f ec6e e42d e3ac d32c c2ec cbd1 cc32 c410 9a4c ab2e 81ca 50a8 5088 4887 50a7 5087 4867 4867 4847 4847 58e9 822e 92f1 9b12 92f2 8250 71ef 71ef 8ad1 9b31 8a8e 716c 694b 71ac 698b 698c 58ea 50a9 614c 8290 826e 694b 610b 614b 7ab1 8b32 82d0 720d 696c 590b 616c 69ce 71ce 698d 7a70 8b12 8b12 92f2 9312 9bf5 9c15 9bd5 9393 9bb3 9b31 798a 718a 7a8d 93b2 69cd 48c9 612a 928e ac12 824d 60c8 70e8 7108 60e9 50c8 50a8 50a8 60e8 89c9 7949 60e8 60c8 6109 58c8 60c8 58c8 50a8 58c8 58e8 60e8 6108 6949 6108 58e8 58c8 58c8 58c7 60e8 6908 6928 7108 70e8 8188 8988 7108 60c7 60e8 60c8 7128 89a9 91ea a22a b26a c28a c28a c28b c28b caab cacc cacc cacb cacb c2cb c2ec d30c d30d db2c db4d db4d db6d db4d db6d db4d d34d db0c d32d d32d d32c d36e db8d db8d dbce dbee dc0f dc4f dc50 dc90 e4b1 e4f1 e511 e532 e572 e572 e572 e572 e572 e592 e592 ed93 ed92 edd3 edd3 edf4 edf4 edf4 f614 f614 ee35 f635 f635 f635 f656 ee55 cd95 9bb0 69aa 58c7 58a7 5887 7169 8a2a 7949 7128 7148 7969 7108 7948 8168 8169 7928 7948 68c7 68e9 8189 cc30 d40e cbce c38d c3ae cc0e c3ee c3ef c3ee bbee c3ee c3ce bbce bbce bbae bbae bbae bbae bbae b38e b36e b38e b36d b34d b34d ab2d ab2d ab0d aaec aacc a2cc a2ac 9aac 9a8b 926b 922a 9a4a aaab bb0a c34b c32a b2a9 9a49 89a9 8989 b2cb dcae edd1 f632 f652 f652 f652 f652 f653 f673 f673 f653 f652 f632 f632 edf1 e50f cbcc a249 7928 58a7 5866 60a7 7928 89a9 89a8 89a8 8988 8968 8968 8988 91c9 91e9 99e9 9a09 9a09 99e9 91a9 9188 9188 91a9 
a370 a390 a3d1 abf1 ac32 ac52 ac11 abd0 a38f a32e 9acc 9a8b 920a 8988 7927 68c7 5866 6086 8128 a9e8 c2aa d32c dbad e42f e46f ec8f ecaf ecae ecaf ecaf ecae ecae ecae ecce ecae ec6d e42d db8c d32d d3d0 e595 dd54 a2ac 922c 924c 798a 60e9 58c9 4887 5087 5087 4866 5087 4867 4867 5088 612a 71ab 696a 71cc 822e 8aaf 92cf 8a8e 79cc 716b 718c 696c 612a 614b 698c 616c 71ee 8af0 8a8e 690a 50a9 58ea 720e 8b93 71ec 614b 594b 614c 590b 592b 698d 7a4f 720f 69ce 8290 8af2 9333 9373 9bf5 9bb4 93b4 9c15 9bd4 9c14 822e 50a9 48a9 9370 a454 722e 58c9 79ac 930e ac33 694a 68e8 68c8 58c8 50a8 50a8 50a8 58c8 81c9 7948 60e8 60a7 60e8 58c8 60c8 58c8 50a8 50c8 58a7 60e8 6128 6128 6108 58e8 60c8 58c8 58c8 60c8 7128 6928 7928 7108 89a9 91c9 8148 68e8 60a7 60a7 7108 89a9 91a9 aa4a ba6a c26a c28a ca8a cacb cacb cacb cacb c2ab c2ab caec d32d d32c d32d db2c db2d db4d db6d db4d db4d db4d d34d db2c d32d d32d d34c db6d db8d dbae dbee dc0f dc2f dc4f dc4f dc70 e490 e4b0 e511 e511 e531 e552 e532 e551 e572 e572 e572 e592 e592 edb3 edd3 edd3 edd3 edf4 edf4 ee14 f615 f635 f635 f635 f656 f656 ee56 de15 b4d3 828d 60e8 5087 6908 81c9 7128 68e7 6928 7128 68e8 7948 8168 8148 8148 7908 68a7 60a8 89ca cc30 d3ee cbce bb6d c3ae c40e c3ee c3ef c3ee c3ce c3ee c3ce bbce bbcf bbce bbce bbcf bbcf bbae bb8e bb8e b38e b38e b38e b36d b34d ab4d ab2d ab2d ab0d a30d a2ec a2ed a2ed 9aac 9a6b a28b b2ca c32a c36a c32a b2c9 a249 99c9 a209 cbac e54f ee11 f652 f653 f653 f653 f653 f653 f673 f673 f653 f632 f611 edf1 e590 d44d b2ea 7948 5887 5887 60e8 7948 91c9 99e9 91c9 91a9 91a9 8989 8988 91c9 9a09 9a0a a229 a22a 9a09 99e9 91c9 89a9 91a8 99e9 
9b4f 9b90 a3b0 abf1 ac32 ac52 ac52 ac31 ac11 abb0 a34e a2ed 9a8b 89c9 7948 68e7 5887 6086 8148 a9e9 c28a d32b dbcd e42e e46e ecaf ecaf ecce ecaf ecaf ecae ecae eccf ecce ecaf ec6e e40d db8c db4e e4d3 f676 d4d2 9a4c 924c 89aa 6909 60e9 60e9 58a8 5088 58a8 50a8 50a8 50a8 58a8 60e9 696a 694a 5068 4888 6109 71ab 716a 694a 690a 6109 60e9 60e9 692a 698c 71ed 7a2e 7a2d 7a0c 692a 5068 4849 614b 8b72 9373 58ea 50e9 612b 616c 616c 612c 612c 69ee 8290 7a50 720f 7a2f 82b1 9332 9bb4 9bb4 9373 9c36 a435 a454 9bd3 612b 4069 71aa bc72 b4d6 79cd 718c 820c ac52 8aaf 60c8 60a7 50a8 4887 50a8 4888 58c8 8189 7148 60c8 60c8 60e8 58c8 60c8 58e8 50e8 58c8 58c8 60e8 6928 6929 6908 58a8 58c8 58c8 58e8 60e8 7969 7128 7108 7928 91a9 a1e8 99c8 7108 60a7 5887 68c7 8189 8988 aa4b ba8a c26a c26a ca8a caeb caeb c28b ba6b c28b caec d30c d32d d34d d32d d32c db0c db2d db4d d34d db4d db6d db2c db2d db2d db4d db6d db6e dbae dbce dbee dc0f dc2f dc4f e44f e470 e490 e4b0 e4f1 e4f1 e511 e511 e532 e532 e551 e552 e572 e572 e592 edb2 edb2 edb3 edb3 edd4 f5f4 edf4 f614 f614 f635 f635 f636 f656 f656 f676 ee55 cd74 8aee 5908 6908 7989 7148 68e8 6908 68e8 6908 7989 81a9 8148 7948 7128 60a8 60c9 922b d470 d3ed cbee bb6d bbce c3ee c40e c40f c3ee bbcf bbef bbef bbce bbef bbcf bbce bbcf bbce bbae bbaf bbaf b3ae b38e b38e bbae b38e ab6d ab4d ab4e ab6d a32e ab2d a32e a30d a2ec a2cc a2cb b30b bb2a c32a c32a bac9 aa8a a209 b2ab dc6e edb0 f612 f652 f673 f672 f673 f673 f673 f673 f673 f632 f611 edf0 ed90 dcee c3ac 9a09 68c7 5867 68a7 7948 91a9 99c9 91e9 91e9 91a9 91a9 91a9 91a9 99ea a229 aa4a aa4a a229 99e9 91e9 91e9 91a9 99e9 a20a 
9b4f 9b2f 9b6f a3b0 ac12 ac52 ac52 ac52 ac52 abf1 abb0 ab8f a32d 924b 81a9 7107 6066 60a7 8127 a1c8 c28a d32c dbad e42e e46e e4af eccf ecce ecae ecaf ecaf ecce eccf ecce ecae e44e e40e e3ad db6e e513 ee57 c3d1 a2ae bbd0 a2ee 5067 4867 5087 5087 58a8 60e8 60e8 60e8 60c8 6109 692a 716a 694a 58c9 4888 6929 79ab 694a 60e9 60e9 610a 612a 612a 6109 6109 58e8 58c8 50c8 58e9 58e9 50a9 5089 616b 8b11 8b11 71ad 50a9 58ea 616c 69ad 698c 696c 696c 720e 82b1 7a4f 7a0f 720e 82b1 9b93 9bf5 9b94 9bb3 9c14 8b10 93b3 8af1 698e 696c a32f c492 ac13 826f 718c 8a8c ac54 718b 58c8 50a8 50a8 50c8 50c9 58e9 81aa 7149 68e8 60e9 6108 60e9 6109 5909 50e9 58e9 58e8 6108 6929 7149 6929 58e9 58e9 58e9 58e9 6908 81aa 7149 7108 7949 99ea aa2a aa2a 8989 60e8 5888 60a7 8169 8989 aa6b baab c2ab c28b ca8a c2ab baab b26b c2ab cb0c d30c d30c db0c db4d d32d d32d db2d db2d db4d db6d db4d db2c db4d db4c db4d db6d db8d dbae dbae dbee dbee e42f dc4f dc2f e44f e490 e470 e490 e4b0 e4d0 e4d0 e4f1 e511 e4f1 e511 e551 e571 ed51 e571 ed92 ed92 ed92 edb3 edd3 edf3 edf4 f614 f614 f635 f635 f636 f656 f656 f677 f676 ee76 d5d4 9b6f 6949 68e7 7107 6087 60a7 68c7 68e7 7948 8148 7908 8168 7949 58a8 60c8 a28b d490 d3ac cbce bb8d c3ce c3ee c3ee c40e c3ee bbee bbef bbce bbce bbce bbce bbce bbce bbce bbae bbae bbae bbae b3ae b3ae b38e b38e b36e b36e b34e ab4d ab4e ab4e ab4e a30d a30d a30c aaeb b30b bb2a c34a c34a c309 baa9 b269 cb6b e4ef edf1 f632 f673 f673 f673 f673 f673 f673 f673 f673 f632 edf1 edb0 e50e d42c b2ea 8968 60a7 68c7 7928 91c9 99e9 99c9 99e9 99e9 99e9 91c9 91c9 99e9 aa4a aa6a aaab aa4a a22a 9a0a 91e9 91a9 91c9 9a0a a20a 
8a6c 8a6c 930e a370 a3d1 ac11 ac32 ac73 ac73 ac52 b432 ac31 ab8f 9acc 89c9 7107 6086 6886 8147 a1e9 c28a d32c dbcd e42e e48e eccf eccf eccf eccf eccf eccf ecce ecef ecef ecae ec6d e42d e3cd db4c dc50 e594 ab0f 81ab ab4d 928b 4867 4867 4887 50a7 50a7 58c8 58e8 58a7 58a8 58e8 696a 6929 6929 6929 58c8 58c8 5909 58c9 5088 58c9 718b 79ed 696b 6109 58e9 50a8 4887 5088 50c8 69ab 612a 4888 50c9 616b 722e 8290 698c 50c9 590a 614b 614b 696c 69ad 696d 724f 82d2 8270 71ee 822f 9b73 9bf5 9bb3 9b94 9393 8af1 8b11 9bb3 9311 820e 92d0 9aad a3b0 9b93 610b 6129 b4b3 92ef 50a8 50a8 5088 50a8 50a8 58e8 81c9 7129 6908 6108 6108 60c8 58c8 58e8 50a8 58a8 58e8 6108 6908 7169 6108 58e9 60e8 58c8 58c7 60c8 7948 7148 7128 8149 a20a b26a b249 99c9 70e8 5887 5887 7948 8989 aa8b c2ab cacb c26a c26b ba8b bacb caec d2eb d2ec d30c d32c db2d db4d db2d d32c db4d db4c db4c db6d db2c db4d d34d db4d db4d db6d db8d dbad dbce dbce dbee e40f dc2f dc2f dc4f dc6f e46f e470 e4b0 e4d0 e4d0 e4d0 e4f1 e4f1 e511 e511 e531 e531 e531 ed72 ed92 edb2 edb3 edd3 edd3 edf4 edf4 f614 f615 f635 f635 f656 f656 f677 f677 f677 f696 de15 a390 6908 68c7 5866 5866 6087 68c7 7948 7108 7108 7927 7108 5088 68c8 ab0c d470 d38c c3ad bbae c3ce c3ef c40e c40e c3ee bbee bbee bbee bbce bbce bbce bbae bbce bbce bbce bbae bbce bbae bbae b3af b38e b38e b38e b36e b36e ab6e ab4e a34e a34e a32d a32d ab2d ab0c b32b bb4b c36a c34a c309 bac9 baea d42c ed70 f611 f653 f673 f673 f673 f673 f673 f673 f673 f653 ee32 edd0 e54f dc8d c36a a249 7928 70c8 7949 89a9 9a0a 99e9 99c9 99c9 99e9 99e9 99c9 9a0a aa4a b26a b28a aa8b aa4a 9a0a 9a0a 99e9 99c9 9a09 a22a a22a 
6949 716a 8a4c 9b0e 9b70 a3d1 ac32 b493 b4d3 b4b2 bcb2 b451 abcf a34d 924b 7928 6066 6087 8127 a1c8 c28a d34b dbed e42e e48f eccf ecef eccf eccf eccf eccf eccf ecef ecef ecaf ec8e e42d e3cd db6c dc71 cc51 a2ee 89eb 79aa 60e7 4867 4867 5087 50a8 5067 5067 58c7 50a7 5087 6129 718b 58e8 58c8 6109 60e8 50a8 50a8 5088 5068 58e9 7a0d 8a6f 718c 6109 694a 58e9 4867 4888 50a8 71ec 79ed 50a9 4868 50a9 698c 826f 7a2e 69ac 50c9 590a 696c 698c 698d 614c 69ae 724f 82f2 7a30 7a2f 9373 9bd4 9b72 9352 9393 9bb5 9352 a435 a393 8a2d 9aef 714a 7a0b bd56 8ad0 60e9 abcf bcd5 58e8 4867 4867 4888 4867 58c7 81a9 6908 68e7 68e7 68e8 60a8 58a8 58c8 5087 58a8 60a8 60c8 6908 7169 6108 58c8 58a7 58a7 5887 60a7 7928 7928 7928 8989 aa2a c28a ba6a aa29 8127 6087 5867 7128 91a9 a22a ba8b c28a ba2a ba6b c2cb d32c d32c d2cb d2cb db0c d32c db2c db2c db2d d32c d34d db4c db2c db2c db2c db2c db2d db6d db6d db6d db6d db8d dbad dbce dbce e40e dc2f e42f e42f dc2f e44f e46f e470 e4b0 e4d0 e4d0 e4d0 e4d1 e4f1 e511 e531 e531 e531 e551 ed92 ed92 edb2 edb3 edd3 edd3 edf4 f614 f614 f615 f635 f636 f636 f676 f677 f677 f697 f697 de36 a3b0 7149 58a7 5866 6086 68a6 7907 70c7 68c7 7108 68c7 5067 70c8 bb6d d46f cb8b c38d c3ad c3ee c3ee c3ee c3ee c3ee c3ee bbee c3ee bbce bbce c3ee bbae bbae bbce bbce bbae bbcf bbae bbae bbae bb8e b38e b38e b38e b36e b38e ab4e ab4e ab4e ab4e ab4d ab2d b32c bb4b c36a cb8a cb6a c34a c30a cb2a dcce edd0 f632 f673 f673 f673 f673 f673 f673 f672 f673 f653 ee11 edb0 dcad cbab b289 9189 7928 7948 89a9 99e9 9a09 99c9 99c9 99e9 99e9 99ea 9a0a a24a aa8a b26a aa8a aa6a a22a 9a0a 99e9 99c9 99ea a20a 9a4b a24a 
5887 60e8 79ab 8a8d 9b2f a3b0 ac32 b4b3 b4d4 bcd3 bcd2 b472 ac10 a38e 9aac 7989 6087 5887 7907 a1c9 c28a d34c dbcd e42e ec6f eccf ecef eccf eccf eccf eccf ecef ecef ecef ecaf ec6e e40d e3cd db6d e48f d515 aaee 920b 79aa 60e8 4887 4887 4887 50a7 5067 5067 58c8 50a8 58c8 71ec 6949 50a8 58e9 58e8 58e8 58c8 50a8 5088 5068 694a 8a6f 8a90 692b 58c8 71cb 692a 5087 4888 4868 616a 8a8f 694b 48a9 4888 614b 7a0e 71ac 71ed 71ce 612b 614b 71ad 71ee 698d 698d 616c 7a90 7a50 824f 9332 8ad0 8ad0 92d1 9373 9bd5 9b94 acb6 ac96 a371 9a8d 60a9 50c9 932d ac54 79ad a34e cdb6 718a 4867 4846 4867 4867 5887 8188 6908 68e7 68e8 68e7 60a7 60c7 58c7 50a7 58a7 58c8 60c8 6908 7128 60e8 60e8 58c8 58c7 5887 60a7 7127 7107 78e7 99a8 ba6a c2aa c26a b229 8967 6086 5867 7128 8988 9a0a b24a ba6a c26a caab d2eb db2c d30c d2eb d2eb daec db0c db0c db2d db4d d34c db4d db4c db2c db4d db2c db4d db4d db6d db4d db6d db8d db8d dbae dbce dbce dbce dc0e e42f e40f dc2f dc4f e46f e46f e490 e4b0 e4b0 e4d0 e4d0 e4f1 e511 e511 e531 e551 e551 ed72 ed72 ed92 edb2 edb2 edd3 edf4 f5f4 f5f4 f615 f615 f636 f636 f656 f676 f677 f697 f698 f6b7 ddf5 a34f 6908 5066 5887 6886 70e7 68a6 6087 7107 68c7 5067 8128 c3ce d40e cb6b c38d c3ce c3ce c3ee c3ee c3ee c3ee c3ee c3ce c3ce bbce bbce c3ee bbce bbce bbce bbce bbce bbce bbae bbae b3ae bbae b3ae b38e b3ae b38e ab8e ab6e ab4e ab4e ab4d ab4d ab2d b32c c34b cb6a cb8a cb8a cb6a c34a d3ab e50e f5f1 f653 f693 f693 f673 f673 f673 f673 f672 f672 f632 edf0 e56f d42c baea 99c9 8169 8169 8989 91e9 9a0a 99ea 99c9 9a0a 9a0a 9a0a a22a aa4a b26a b2ab b28b aa4a 9a0a 99e9 99e9 99e9 9a0a a22a a24b a24b 9a4b 
4846 5087 6108 79eb 8aad 9b70 ac52 b4d3 b4b3 bcf3 bcf3 bc92 b431 abaf 9b0d 81a9 6086 5866 70e7 99c9 c28a d36c dbee e42e ec8f ecaf eccf ecef ecef ecef eccf ecef ecef eccf ecae ec6e e42c e3cc db6c db8b dc90 b34f 920b 92ae 696a 4867 4847 5087 5088 5067 50a7 58c8 5087 696a 79ec 58c8 50a8 50c8 50c8 5929 58c8 58c8 5888 5089 714b 92d0 8ab0 610a 50a7 698a 6929 5887 4867 4847 50a8 71cc 820d 612b 5089 50e9 7a4f 694c 612a 7a0e 7a0f 694c 71cd 8270 7a2f 71ce 616d 698d 71ee 7a6f 8b33 7a0e 8a90 9b53 9353 8af1 9394 ac96 b517 a3f3 8a2d 50a8 4068 50c8 8aef 92d0 930e d618 828d 4867 4867 4066 4847 5887 7948 6928 68e7 7108 68e7 58a7 60a7 58a7 5087 5887 58a8 58e8 7149 7989 60e8 60e8 58e8 6109 58a7 6087 70e7 70c7 8107 a1e9 ba6a c2aa c28a b249 9188 6886 5846 68e7 8168 9a0b b24a c2aa ca8a d2ab d2eb db2c d30c d30c d30d daec daec db0c db2c db2c db4c db6d db4c db4d db4c db4c db4c db4d db4d db4d db6d db6d dbae dbae dbce dbce dbee dc0e dc0f dc2f dc2f dc4f e44f e46f e48f e490 e4b0 e4b0 e4d0 e4f1 e4f1 e511 e531 e531 e551 e572 ed92 ed92 edb2 edb3 edd3 edf4 f5f4 f5f4 f615 f615 f635 f635 f656 f656 f676 f677 f6b8 f6b8 f6b6 d5d5 928c 5067 5067 6086 6948 60a7 6086 7107 5887 5047 8989 cbee cbee c36c bb8d c3cd c3ee c40f c3ee c3ee c3ee c3ce c3ce c3ce bbce bbee c3ee bbce bbae bbce bbae bbae bbae bbae bbae bb8e bbae b38e b38e b3ae b38e b36e ab6e ab4e ab4d ab4d ab4d b32c b30b c34b cb4a cb8b cbab d3cb d3cb dc6d ed6f f611 f673 f693 f693 f673 f673 f673 f672 f652 f652 f631 edcf dcee c38b a209 8968 8968 9189 91c9 99e9 99e9 91c9 9a09 a22a a20a a22a aa2a b28a b28a aa6a aa2a 99e9 91c9 99e9 99e9 9a0a a22a aa2a a24b a24b 9a4b 
4846 4846 5887 6909 820c 930f ac32 b4b4 bcf4 bd14 bd13 bcd3 b471 abf0 a34d 81ca 5886 5846 68a7 9188 ba8a d36c dbcd e42e ec8f eccf eccf eccf eccf eccf ecef ecef ecef ecef ecae ec6e ec2d e3ec db8c d30b baab c472 9aac 8a2a 6108 4067 4867 50c8 50a7 5087 50a8 58c8 5909 698a 6109 50a8 5087 50a8 50c8 50e8 50a7 50a8 58a8 58a9 716b 9310 8ad1 612a 50a8 696a 716a 60e9 4867 4847 4867 58c9 694a 79ee 694c 58e9 71ed 696c 58c9 698c 822f 79ef 71ce 7a4f 8291 82b1 8291 71ef 616c 720e 8291 79ee 8ab1 a3d4 9353 8b33 9bd5 a435 acd6 9330 7a0d 612b 4868 5089 7a0d a3f5 a390 de38 9b50 4887 4888 4067 4867 58a7 8168 7107 70e7 7948 6908 58a7 60a7 58a7 5087 58a7 58c8 58c8 6928 7989 60c8 58c8 60e8 58c8 5887 60a7 68c7 70c7 9168 aa09 ba6a c26a c28a b229 9187 6066 5847 68c7 8969 a22b ba6a ca6a ca8a d2cb d2eb d2eb d2cb d30c d30c db0c db0c d2eb db0c db2c db2c db4c db4d db4c db4c db4c db4c db6d db4d db6d db8d db8d dbae dbad dbad dbae dbce dbee dc0e dc2f dc2f dc2f dc4f e44f e46f e490 e490 e4b0 e4d0 e4f1 e4f1 e511 e531 e511 e551 e572 e592 e572 edb2 edb3 edb3 edf4 edf4 f615 f615 f615 f616 f635 f656 f656 f657 f677 f697 f6b8 f6b7 ee96 cd13 71aa 5067 5866 60a7 6086 6066 68a7 5046 5847 99e9 cc0e cbee c34c c38d c3ce c40e c3ee c3ee c3ee c3ee c3ee c3ce c3cd bbce c3ce bbee bbce bbae bbae bbae bbae bbae bbae b38e bbae bbae bbae b38e b38e b38e b38e ab6e ab6e ab4d ab4d ab2d ab0c b30b bb2b cb8b d40c dc6c dcad e4ee e56f edd1 f631 f673 f693 f693 f673 f673 f673 f672 f652 f651 f610 e58f d44c b2c9 99a9 8969 91a9 99c9 99e9 99c9 91c9 99ea a20a a24b aa4a aa6a b28a b28a aa6a a20a 99e9 91c9 91a9 99c9 a1e9 a24a a24a a24b 9a2b 9a4b 9a4c 
4846 4846 5067 60c8 79ab 930f ac32 b4b3 bcf4 bcf4 bcf3 bcd3 bc92 b410 a34e 81c9 5866 5046 6086 9168 ba8a d34c dbcc e42e e46f eccf ecee ecef ecef eccf eccf ecef ecef ecef eccf ec8e ec4d e3ec e38c caeb b24b bbce 9a8b 79cb 50a7 4887 50a8 50a8 5087 5087 58e9 58e9 6129 60e8 58c8 5087 50a8 50a8 50c8 50a8 5087 5087 5088 58a9 71ac 9b52 8af0 58a8 5088 6129 79cb 6109 4867 4847 4867 50a9 5068 694b 7a0d 79ee 71ee 79ee 58ca 590a 696c 71ad 7a2f 71ad 82d1 8ad1 8ad0 82b0 69ad 69ad 7a0e 71ce 7a4f 9bd4 a3d5 a456 9bd4 a434 a434 826f 58a8 5909 60ea 60ca 798b b4b6 bcb4 d617 9b4f 4887 4067 4067 4847 60c7 8168 68c7 70e7 8188 7128 58a7 60a7 58a8 5087 58a8 58e8 60e8 6908 7128 58a7 58a7 58a7 58e8 58c8 60a7 68a7 7107 91a8 aa09 ba49 ba49 ba49 b1e8 99a8 70a7 5866 68c7 91a9 a20a ba6a ca8a ca8a d2cb d2cb d2eb d2aa d2eb db0c db0c d2ec daec db0b db2c db2c db2d db4d db4c db4d db4c db4c db4c db4d db8d dbad dbae dbad dbad dbad dbae dbce dbee dbee dc0e dc0e dc2e dc4f dc4f dc6f e470 e4b0 e4b0 e4d0 e4d1 e4f1 e511 e511 e511 e551 e552 e572 e572 ed92 edb3 edd3 edd3 edf4 edf5 ee15 f635 f636 ee36 f656 f656 f657 f677 f677 f698 f6b7 f6b7 ee76 abd0 60a7 5866 6087 5866 5846 5866 5047 6067 aa6b cbed d42f c36c c38d c3ee cc0e c40e c3ed c3ce c3ce c3ce c3ee bbce bbce c3ee bbce bbce bbae bbae bbce bbae bbae bb8e b38e b38e b38e b3ae b38e b36e b38e ab8e ab4d ab4d ab2d ab2c ab0c b2eb bb2c cbad dc2d e4ae e52f ed6f ed90 edf0 f612 f652 f673 f693 f693 f673 f673 f672 f652 f652 f611 edd0 dced cb8a aa29 91a9 99a9 99c9 a1e9 99ea 99c9 99c9 a20a aa2a aa2a aa6a b28a b28a b26a aa2a 99e9 99c9 91c9 99c9 99c9 a20a a24a a24a a24b 9a2b 9a4c 9a6b 
4846 4847 5067 58c8 718a 8aae a3f1 b493 bcf4 bd14 bd14 bcf3 bcb2 b430 9b4d 7168 5046 5046 68a7 9188 ba8a d36c dbcc e42e e46e eccf ecef ed0f ecef ecef eccf ecef ed0f ecef eccf ecae ec6d ec0c e3ac d30b b28c a28d ab8f 92ac 50a8 48a8 50a8 50a8 50a8 5087 58c8 6109 58e8 58c8 58c7 58a8 50a7 50a8 50c8 50c8 58a8 50a8 5089 58ea 826f 9bf4 8ad0 5088 4867 58c8 79ab 6129 5087 4867 50c8 58e9 5088 58e9 612a 696b 718b 71cd 610a 590a 71ad 612b 71ee 7a0f 7a4f 82b1 826f 7a4f 71cd 71ce 720f 71ae 7a2f 9b93 a415 a456 a3f5 a414 ac95 9392 5909 4887 696b 68ca 690a b475 c557 cdb7 8a8d 4867 4867 4067 4867 68e8 8168 68e8 6908 8a0a 7148 58a7 60c7 58a7 50a7 58a8 58a7 60c7 6928 6928 58c8 5887 58a7 58e7 60c7 68c7 70c7 8168 a209 ba49 ba49 b209 b1e8 b229 a1e8 78c7 5866 68c7 91a9 a1e9 ba8a ca8a d2ab daeb d2eb d2cb d2cb d2eb daec db0c db2c db2c db2c db2c db2c db2c db4c db2c db4c db4c db4c db6c db6d db6d db6d db8d db8d db8d dbae dbad dbce dbee dc0e dbee dc0e dc2f dc2f dc2f dc4f e470 e4b0 e4b0 e4b0 e4d1 e4f1 e4d1 e511 e552 e531 e552 e572 e572 e592 edb3 edd3 edd3 edf4 ee15 ee15 f635 f636 ee36 f656 f656 f657 f677 f677 f698 f698 f6b8 f6b7 d5b5 8a2b 5866 5846 5846 5045 5846 4826 6087 b2eb d3ed d40e c38d c3ad c40e cc0e c40e c40e c40e c3ed c3ce c3ee c3ce c3ce c3ee c3ce bbce bbce bbae bbae bb8e bbae bb8e b38e b38e b38e b38e b38e b36e b36e ab6e ab4d ab2c ab2d ab0c b30b bb2c cbad dc6e e4ef ed6f edb0 f5b0 f5d1 f611 f632 f673 f693 f693 f693 f673 f673 f672 f652 f631 f5f0 e54e d40b b2a9 a1c9 99c9 99c9 99c9 a209 99e9 99e9 a209 aa2a aa2a aa4a b26a b28a b26a aa4a a209 91e9 91c9 91c9 99e9 a209 aa2a a24a a24a 9a2b 9a2b 9a4c 9a6c 
4846 4846 5087 58c8 694a 8a8d a3d0 b472 bcd4 c514 c514 bcf3 b492 ac10 9b0d 7189 5067 4846 6886 9188 ba8a d34b dbcd e42e ec8e eccf ecef ecef ecef ecef ecef ecef ed0f ecef ecee ecae ec6d e40c e38c d32b c3af ab4f b34e 718a 48a8 50e9 58c8 5067 5088 58c8 6129 58e8 50a8 58c8 58c8 50a7 5087 50a8 58c8 58c8 58c8 50a8 48a9 694b 9352 a3f4 826e 58a8 4867 5087 716a 718a 58a8 5067 6129 6109 5088 5909 594a 50a8 5087 58e9 58c9 58c9 71cd 696c 698c 8270 7a2f 8290 8290 7a2f 720e 69ad 71ce 698d 7a50 9373 9bd4 a415 9352 9b92 b4d6 9370 7a2e 50c8 50a8 5069 610a ac54 c597 b4d4 69aa 4887 4847 4887 5087 7148 89a9 68e8 7108 89c9 7128 58c8 60e8 58c8 58c8 60a7 58a8 60c8 6928 6908 58e8 5887 5887 58a7 60a7 70c7 78e7 91a9 a9e9 b208 b209 b209 c26a c28a a9e8 78c7 6087 70e7 91ea a20a ba4a ca8a d2cb d2eb d2eb d2cb d2cb d2eb db0c db2c db2c db2c db2c db2c db2c db0b db0b db2c db2c db4c db4c db4c db6d db4c db8d db8d db8d db6d db8d dbad dbce dbee dbee dbee dbee dc2f dc0e e42f dc70 e46f e490 e490 e4b0 e4d0 e4d1 e4f1 e511 e531 e532 e552 e552 e572 e592 ed93 edb3 edd4 edf4 edf5 ee15 f635 f635 ee36 f657 f656 ee57 ee77 f677 f698 f698 f698 f6b7 ee96 c492 68c7 5026 5046 5025 5846 4826 68c7 bb2c d3cd d3ed c3ad c3ae c40e c40e c40e c40e c40e c3ee c3ee c3ed c3ee c3ed c3ce c3ce bbce bbce bbce bbae bbae bbae b36d b38e b38e b38e b38e b38e ab6d ab6d ab4d ab4d ab2c ab2c ab0c bb2b cbad dcae ed50 edb0 f5d1 f5f1 f5f1 f5f1 f611 f652 f693 f694 f693 f693 f673 f673 f672 f651 f610 ed6e dc8c c32a aa09 a1c9 99c9 99e9 a1c9 a1e9 99c9 a209 aa2a aa4a aa6a b26a b28a b28a b24a a209 99e9 91e9 99c9 99e9 9a0a a22a a24a a24a 9a2a 9a0b 9a4c 9a6c 9a8c 
4826 4826 4846 5087 612a 826d a3b0 ac52 b4b3 bcf4 c514 bcf3 b4b2 ac0f 9b2d 79a9 5066 4826 6066 9168 ba8a d34b dbcd e42e ec8e eccf ecee ecef ecef ecef ecee ecef ed0f ed0f ecef ecae ec6d e40d e38c db2b dc50 b36f 9aed 5949 48a8 58e8 50a8 5067 58c8 612a 60e9 58c8 5087 58a7 58a7 5088 5067 58a8 58c8 5087 4867 5088 50a9 7a2f 9bb3 9b92 820d 5087 4888 4887 58e8 6949 58a8 5087 696a 6109 58a8 50e8 592a 50e9 5088 50a8 58c9 58a9 612a 718d 612b 724f 79ee 8290 8af2 8270 720e 69ce 698e 592c 7a50 9bb3 a415 9373 8af2 a435 ac96 9311 9372 7a0d 58ea 5089 692a ac74 b516 8aee 69cb 698c 4047 4067 5067 7948 8988 68e8 7128 8188 7108 60a7 60e7 58a7 58a7 58a7 58a7 60c7 6908 6108 6129 58c8 5887 60a7 68e7 70c7 8127 91a8 b1e8 ba09 ba4a c28a caaa c28a aa09 78e7 6066 7107 91e9 a20a ba6a ca8a d2eb d2ec d2eb d2eb daec daeb db2c db2c db0c db0c db2c db2c db2c db0c db0b db2c db2c db2c db2b db2c db4c db6d db8d db8d db6d db8d db8d dbad dbcd dbce dbce dbee dbee dc0f e40e e42f e450 e46f e470 dc90 dcb0 e4b0 e4d0 e4f1 e4f1 e511 e532 e552 e572 e572 e592 e5b3 edb3 edd4 edd4 edf5 ee15 f615 f616 ee36 ee56 ee56 ee56 ee77 f677 f677 f677 f698 f6b8 f6b6 e635 9a8c 5886 5066 5026 5026 4826 7907 c38d d3ac cbad c3ad c3ee c40e c40e c40e c3ee c40e c3ee c3ee c3ee c3ee c3ed bbcd c3ce bbae bbce bbae bbae b3ae b38d b36d b36e b38d b36d b36e ab6d ab6d ab6d ab4d ab4d ab2c ab0c b2ec c36c dc8e ed91 f5f2 f632 f652 f632 f5f1 f611 f611 f652 f693 f694 f693 f693 f693 f673 f652 f611 edaf e4cc cbcb b289 a1e9 99c9 a1e9 99e9 a1c9 99c9 a1e9 aa29 aa2a b26a b28a b28a baab b28a aa2a 99e9 91c9 99ca 99c9 9a09 a24a aa4a a24a a24b 9a2b 9a2b 9a4c 9a6c 924b 
4025 4026 4826 5047 60e8 822d 9b90 ac52 b493 bcf4 c514 c513 bcb2 ac30 9b2d 79a9 5046 5026 6086 8947 ba6a d34b e3ec e44d ec8e eccf ecef ecef ecef ecef ecef ecef ed0f ed0e ecce ecae ec6d ebec e38b db2b d3ee ab6f 7189 50c8 48a7 60c8 5888 58c8 6109 60e8 58a8 50a7 5067 50a7 5087 5087 5087 58c8 50a7 4847 4848 4889 69ce 9373 9b51 9b71 820d 58a8 48a8 4887 50a7 58e8 58c8 58a8 718a 60e8 58e9 50a8 50a8 58e9 50a8 50c9 58c9 50a8 50c9 696c 612a 71ee 698c 7a6f 9352 8ad1 69ac 612b 612c 590c 71ee 9bf5 a415 9b94 9bb4 a455 9bd4 720d 9371 a3d4 8250 7a0f 8ad1 b4f7 a415 8a8f a475 93b2 4888 4867 5087 8168 8168 68e8 7128 7908 68e8 60c8 60c7 60c7 68e7 6087 60a7 60c7 60c7 60c8 58c8 5909 60c8 60c7 68e7 78e7 9168 a1e9 c249 c26a c2aa cacb caaa c28a b209 78e8 6066 7948 99c9 aa2a ba4a d2aa d2eb d2eb d2ec db0c db0c daeb db2c db2c db2c db0c db2c db2c db0c db0c db2c db2c db2b db0b db2c db2c db4c db6d db8d db8d db8d db8d db8d db8d dbad dbcd dbce dbce dbee dc0e e40e dc4f e42f e44f e44f dc70 e470 e4b0 e4d0 e4d1 e4f1 e511 e511 e551 e572 e552 e592 edb3 edb3 edd4 edf4 edf5 ee15 ee15 f636 ee56 ee36 f636 ee57 ee77 f677 f678 f677 f697 f6b8 f6b7 ee96 c4b2 60c7 4025 4826 4826 4826 8968 cbad d38b cbad c3ad c42e c3ee c40e c3ee c3ee c3ee c3ee bbce bbce c3ee c3cd bbce bbce bbce bb8d bbad bbae bbad bbad b38d b38d b36d b38e ab6d ab4d ab4d ab4d ab4d ab4d ab4d ab0c b30b cbcd e550 f612 f653 f694 f694 f673 f632 f632 f631 f652 f693 f694 f694 fe93 f673 f672 f631 f5ef ed4e dc0b c30a aa29 a1e8 a1c9 a1c8 99c9 99c9 a1e9 a1e9 aa29 b24a b28a ba8a ba8a ba8a aa6a a20a 99e9 91c9 99c9 99e9 a22a a24a a24a a26b 9a4b 9a4c 9a2b 9a6c 924c 8a0b 
4026 4026 4826 4846 58c8 79eb 9b2f ac32 b4b3 bd14 c514 c4f3 bcb2 b450 a36e 81e9 5866 5025 6066 8927 ba8a d34b dbcc e42e ec8e ecef ecef ecef ecef ecef ecef ed0f ed0f ed0e ecce ecae ec6d ec0c e38b d32b cb6d ab0e 60c8 4888 50a8 60e9 60e9 6109 58c8 5087 50a7 5087 5067 5887 5087 5087 50a8 5087 4867 4868 50a9 69ad 9352 92d0 8aae 8acf 696a 5088 4888 4887 4887 58a8 58e9 6929 6929 5087 58e8 5087 4867 5088 5088 58e9 6109 58c9 5068 614a 614a 614b 590b 698c 8b31 9352 79ee 58ea 614c 69af 7a50 9bf4 9bd4 9bd4 a415 ac75 a435 8a70 824d a392 7a0e 8290 ac56 acd7 9bd4 9392 acb3 8b0e 50a7 4887 58a7 7968 7108 60c7 6908 68e7 7128 6908 60c7 60e8 6928 60a7 60a7 60c7 60a7 60a7 58c8 60c8 60c8 6908 70e8 8968 a1e9 ba6a ca8a caaa cacb cacb caaa c2aa a9e8 78c7 6887 81a9 99e9 aa2a c26a d28a d2ca d2eb d2eb db0b db2c db2c db2c db0c db2c db2c db2b db2b db2b db0b db2b db2c db2c db2b db2c db2c db4c db4d db4c db6d db6d db8d db8d db8d dbae dbad dbce dbee dbee dc0e dc0f dc2f dc2f dc4f dc2f dc6f e470 e4b0 e4d1 e4d0 e4d1 e511 e531 e551 e552 e572 e572 e593 e5b3 edb4 edd4 edf5 edf5 ee15 ee36 ee36 ee36 ee36 ee57 ee57 f657 ee77 f677 f677 f698 f6b8 f6b6 ddf5 8a2b 4026 4026 4826 4846 99e9 cb8c cb6c cbcd c3ae cc2f c3ee c3ed c40e c3ee c3ee c3ce c3ce c3ce c3ee c3ce bbce bbae bbce bbad bbad bbae b3ae bbae b38d b38d b38d b38d b36d ab6d ab4d ab2d ab4d ab2c ab0c b2eb bb0b d44e edd1 f653 f694 feb4 f694 f673 f632 f632 f653 f673 f693 f694 f693 f693 f673 f651 f610 ed6e e48b cb6a ba69 aa09 a9e8 a9e8 a1c8 a1a8 99a8 a1e9 a1e9 aa29 b24a b28a ba8a b28a b24a a209 9a0a 99e9 99c9 99ea a209 a24a a24b a24b a24b 9a4b 9a6c 924b 9a6c 924b 89ca 
4025 4026 4026 4847 58c8 79cb 932f ac32 b4b3 bd14 c534 c513 bcd2 b450 a38e 8a2a 5886 5026 6066 8927 ba69 d32b dbcc e42d ec8e eccf ecef ecef ecef eccf ecef ecef ed0f ed0e ecef ecad ec6d e40c e3ac d32c c32b a2ed 6909 58c9 6109 692a 58e8 58c8 5088 5067 50a7 50a7 5087 5887 5087 50a7 50a8 5088 4868 58c9 7a4e 8ad0 7a0d 692a 826f 824d 694a 58c8 48a8 4888 50a8 50c8 6129 718b 6909 5087 58c8 58a8 4867 4867 50a8 5909 614a 58c9 4847 5929 698c 60ea 590b 69ad 82f2 8b11 82b1 7a0f 720f 7a71 8291 9bd4 9bb4 a3d4 a414 9b71 9372 9bb4 9b33 a3b4 9b73 ac96 bcf6 9bf2 69aa 5928 5928 50c7 58e8 60e8 60c7 8168 68c7 58c7 7108 68e7 6928 6908 58a7 60e8 6908 60a7 60e7 6908 60a7 60a7 60a7 60c7 68c7 7928 8128 9188 b229 caaa caaa caca cacb caaa caaa c26a a1a8 70a7 68a7 89c9 99e9 aa2a c28a d2aa d2aa d2cb d2eb daeb db0b db2c db2c db2c db4b db2c db2c db2b db2c db0b db2b db2c db2c db4c db4c db2c db2c db4c db4c db6d db6c db8d db8d db8d dbad dbad dbad dbee dbee dc0e dc0f dc0f dc2f dc2f dc2f dc70 e46f e490 e4b1 e4d1 e4f1 e511 e511 e531 e552 e572 e593 e593 e5b4 e5b4 edd4 edf5 edf5 ee15 ee16 ee16 ee36 ee36 ee56 ee57 ee57 ee77 ee77 f677 f698 f698 f6b7 ee76 b3f0 4866 4026 4026 5066 a24a cb6c cb6b cbcd c3ae cc2e c42f c3ce c3ee c3ee bbee c3ed c3ce c3ce c3ce bbce bbae bbae bbae bbae bbce bbce bbae bb8e b38d b38d ab6d b36d b36d ab6d ab4d ab2d ab0c ab0c b30c b2eb c34c dcce edf1 f653 f694 f6b4 f693 f652 f632 f632 f672 f673 f694 f694 f693 f673 f672 f631 f5af e4ed dbea c30a b249 b229 aa09 aa09 a1e9 a1e9 a1c8 a1e9 a9e9 aa4a ba8a baaa b28a b26a aa2a a209 99e9 99e9 99e9 9a0a a24a a26b a26b a24b 9a4b 922b 922b 922b 8a0b 81ca 81ca 
4025 4026 4026 4846 58a8 71cb 932f ac31 b493 bcf4 c534 c513 bcd2 b451 a38e 8a6b 60c7 5046 6066 8927 b249 d32b dbcd e42d ec8e ecce ecef eccf eccf ecce ecee ecef ecef ecee ecce ec8e e44d e40d dbcd d34d bacc 9aae 798b 6109 6129 612a 50a8 5088 5087 5087 50a7 50a7 5087 58a7 58a7 50a8 5088 58ea 610a 694a 71eb 612a 50a9 612a 92f0 79ec 71cb 5909 50a8 50a8 50a8 50c8 698b 716a 6109 5087 5087 58a8 4887 4867 5088 58e9 696b 58e9 4847 5909 7a0d 612a 58ea 592a 69cd 71ed 7a6f 8af2 8b13 8b54 8b13 9b93 9b93 a414 9b92 820e 71cc 9311 9b73 9bb4 ac56 bcf6 b4b5 9bb3 7a4e 592a 50c8 6149 79aa 58c7 6908 7928 60a7 60e8 7128 60a7 6908 6928 60e8 60e8 60e8 60a7 60c7 6907 60a7 60a7 60a7 60a7 7908 8127 8968 a1c9 ba49 caaa caca caca cacb caab caaa c269 9967 7086 68c7 91c9 99e9 b22a c28a d2cb d2eb d2eb daeb daeb daeb db0c db2c db2c db2c db4c db2c db2b db2c db2b db2b db2c db2c db2c db2c db2c db4c db4c db4c db6c db4c db6d db6d db8d db8d dbad dbad dbce dbee dbee dc0e dc0f dc2f dc2f dc2f e44f e470 e490 e4b0 e4b0 e4d1 e4f1 e4f1 e511 e552 e572 e593 e593 e593 e5b3 edd4 edd4 edf5 ee15 ee16 ee15 ee36 ee36 ee36 ee56 ee57 ee57 ee77 f677 f677 f698 f697 f696 d574 7148 4025 4026 5866 aa8b c34c cb8b cbad c3ce c3ee c42f c3ee bbce bbee c3ee c3ed bbce bbce bbce bbad bbce bbce bbad bbad bbce bbce b3ae b3ae b3ae b38e b38e ab6e ab6d ab6e ab4d ab4d ab2d ab2c b30c b32c c38c e50f f5f1 f673 f693 f693 f652 f631 f631 f632 f673 f673 fe94 f694 f693 f672 f651 f5ef ed2e dc4b d36a baca ba69 b249 b229 aa29 aa09 a9e9 aa09 aa09 aa09 b24a ba8a ba8a b28a b24a aa2a 9a0a 99e9 99c9 99e9 a20a a24a a24b a26b 9a6b 9a2b 924b 920a 920a 89ea 81aa 81aa 
4026 4026 4025 4846 5887 71cb 932f ac12 b493 bcf4 c514 bd13 bcd2 b471 a3ae 92ac 6907 5846 6086 8907 b249 d32b dbcd e42d ec8e eccf eccf eccf e4af e4cf e4cf e4ae e4af e4cf e4af e48f e42e dbed dbae cb4d bb0e a330 820d 610a 58c8 58e9 5088 5088 50a7 50a7 5887 5087 50a8 58c8 50a8 50a8 5909 79ed 71ac 60e9 50c8 50a8 50a9 694a 822d 79cc 79ec 6129 50a8 50c8 5088 58c8 696a 60e8 6129 58a8 5087 50a8 5088 5088 58a8 6129 614b 50a8 50a9 6109 7a0d 716c 58e9 50a8 50a9 58ea 614b 7a70 9353 9bf5 9b94 9353 9332 a3f4 9352 8aaf 824f 79ec 7a2d 7a8e 9392 9351 9bb2 ac94 b495 9b93 92f1 a351 822d 698b 81eb 7989 60e8 60e8 6908 60c8 7128 7989 7989 68e7 68c7 60a7 68e8 68e7 60a7 60a7 5887 68c7 8127 8927 9168 a9e8 c269 caca cacb caaa cacb caaa caca c28a 9148 6887 70e7 91e9 a20a b24a caaa d2aa d2cb db0b db0b daeb daeb db2c db2c db2c db4c db6c db4c db2c db2c db0b db2c db0b daeb db0b db0b db2c db2b db4c db4c db4c db6c db6c db6c db6d db8d dbad dbad dbad dbee dbce dc0e dc0f dc2f dc2f dc2f dc2f e44f e46f e490 e490 dcb0 e4b1 e4f1 e531 e552 e552 e593 e592 e593 e5b4 edd4 edf5 edf5 ee16 ee16 ee16 ee36 ee36 ee36 ee57 ee57 ee57 f677 f677 f677 f678 f697 f6b7 e635 9aed 4046 4026 60a6 baca cb6b cb8b c3ce c3ce c40e c44e c40e bbce bbce bbce c3cd bbce bbcd bbce bbae bbce bbad bbae bbad bbad bbae b3ae b3ae b38e b38d b38e b38e ab6d ab6e ab6d ab4d ab2c b30c b30b bb4c cbac e52f f612 f673 f693 f672 f652 f611 f611 f632 f672 fe93 fe94 f694 f673 f652 f610 edae e4ac d3aa c2ea baaa c2aa ba69 b229 aa09 a9e8 a9e8 a209 aa29 aa29 aa29 b26a b26a b26a aa2a a209 99e9 99c9 99e9 99e9 a24a a24a a24b a24b 9a4b 920b 924b 920b 89ca 89ea 81ca 81a9 
4025 4025 4026 4827 5087 698b 92ce a411 b493 bcf3 c514 c513 bcd3 b471 a3cf 92cc 6907 5046 6066 8127 b229 cb0a e3cc e42d ec8e eccf eccf eccf e4cf e4cf e4cf e4cf e4d0 e4f0 e4cf e48e e44e e3ed db8c d34d c370 b350 81cb 694a 58e8 50a8 5088 5088 50a7 50a7 5087 5087 50a7 60c8 58c8 5088 58e8 696a 58e9 50a8 58c8 58c8 50a9 612a 79ec 79ec 79ab 6929 50a8 50c8 58e9 6109 58c8 50a8 6109 58c8 50a8 58c8 50a8 50a8 58a8 58e8 698c 50a9 58ea 71cc 824e 60e9 590a 50a8 4048 4889 590b 720f 8b33 9bf5 9b73 9333 9374 9372 9352 8ad0 826e 71ab 5087 5087 6128 7a4d 6949 6168 71aa 79ca 9aad 824d 828e 9311 9b10 92af 8a6e 9b31 92cf 8a4d 8a4c 79aa 6908 6907 60a7 60a7 60c7 68c7 6087 60a7 6087 7107 8148 9168 99a8 b229 ca8a cacb caaa caab d2cb d2cb caaa ba49 8948 68a7 8128 99ea aa2a ba6a caaa d2ca d2cb db0b d30b db0c daeb db0c db2c db2c db4c db4c db4c db2c db2c db2c db2c db0b daeb db0b db0b db0b db2b db2c db2c db4c db6c db6c db6c db6c db8d dbae dbce dbad dbee dbee dbee dbee dc0e dc2f dc2f dc2f e44f e46f e490 e490 e470 dcb1 e511 e531 e531 e552 e572 e572 e593 e5b4 edb4 edd5 edd5 edf5 ee15 ee16 ee16 ee16 ee36 ee36 f656 ee57 f677 ee77 f677 f678 f677 f697 ee75 c4b2 58a7 4027 70e7 baeb cb4c cb8c c3ee bbce c3ee c40e c42f c3ee bbce bbce bbce bbce bbee bbce bbae bbce bbad b3ad bbae bbad bbae b3ae bbce b3ae b3ae b38e b38e ab6d ab4d ab2d ab4d ab2c b32c bb2c c34b d40d ed70 f632 f672 f693 f672 f631 f611 f611 f631 f672 f694 f694 fe94 fe72 f651 f5d0 e50c dbeb cb0a c2aa c289 c2aa ba69 b229 aa29 aa09 aa09 a1e9 aa09 aa29 b249 b26a b26a aa49 a1e9 99e9 99c9 99c9 99e9 9a0a a26b a26b 9a4b 9a2b 9a2b 920a 922b 91ea 89ca 8a0a 89eb 81ea 
4826 4026 4026 4846 5087 696a 8a8d a3d1 b492 bcd3 c514 c513 c4f3 bcb1 abef 8aac 6908 5046 6086 8127 b229 d30a dbcc e42d ec8f eccf eccf ecef ecef ecef ecef eccf ecef ecef ecce ecae ec6d e40c dbac d3ae cb90 a28d 798b 6109 58c8 50a8 58a8 58a8 50a7 58c8 50a7 58a7 50c7 58c8 5087 50a7 50c8 58a8 50c8 58e8 6109 58c8 50a8 6109 71ab 71ab 694a 60e9 58c8 50c8 612a 5909 50a8 50a8 6129 6109 50a8 58a7 5087 5087 5067 58e9 614a 50a9 58c9 7a2d 826f 50a8 50c8 612b 4888 50ca 612c 71ef 8af1 9393 826f 8b52 9bb4 8290 8ad0 9b73 8a8f 8ab0 612a 4847 50a7 7a4d 6129 4867 5087 6948 60e7 4867 50c7 79aa 79ca 716a 79cb 9b2e 92ee 8a2c 92ad 81eb 7169 6908 60c7 60c8 60e8 60c7 5887 60c7 68e7 7928 8968 99a8 a9e9 c249 caaa caab cacb cacb caec caeb cacb b209 8128 68a7 8968 9a0a aa0a c26a d2eb d2eb daeb db0b d30c db0c db0b db2c db4c db2c db2c db4c db2c db2c db2c db2c db4c db2c db0b db0b db0b db0b db2b db2c db2c db4c db4c db6c db6d db6c db8d db8d dbad dbae dbce dbce dbce dc0f dc0e dc0e dc0f dc0e dc4f dc6f e470 e490 e490 dcb0 dcf1 e4f1 e511 e532 e552 e573 e593 e5b4 e5b4 e5d4 e5d5 edf5 edf6 ee16 ee16 ee16 ee36 ee36 ee37 ee57 ee57 ee57 f657 f677 f677 f677 f696 ddd4 81aa 4026 7948 c32b cb6c cbac c3ee bbce c40d c3ed c42e c3ee bbee bbce bbce bbce bbee bbce bbcd bbad bbad b3cd b3ad bbad bbae b3ae b3ae b3ae b3ae b38d b38e b36d ab4d ab4d ab4d ab4d b32c bb2b c32b d42d ed70 f611 f652 f693 f672 f631 f5f0 f611 f632 f673 feb4 fe94 fe73 f652 f610 ed8e e48b d36a caca c28a ba8a baaa b249 b229 aa29 aa09 a1e9 a209 aa09 b229 b229 b249 aa29 a209 99e9 99a9 91a8 99a8 9a0a a22a a26b a26b 9a6b 920a 91ea 920a 920a 89ca 89ea 8a2b 8a0b 8a0b 
4846 4026 4046 4846 5087 6108 826d 9bb0 ac52 bcd3 c514 c514 bd12 b4b2 a410 92cc 7148 5046 60a7 8128 b229 cb0b dbac e40d ec8f ecae eccf eccf ecef ecee ecef ecef ed0f ecef ecee ecae e46d e40d db8c d38e c3b0 a26d 714a 60c8 5087 58a7 58e8 60c8 5087 5087 5087 5087 50a8 58a8 50a8 50a8 50c8 58e8 6129 6129 58c8 50a8 50c8 6109 698a 696a 6129 60e9 58c8 58e9 58c8 50a8 50a8 58e8 6149 696a 50c8 5087 5067 4867 5087 612a 50c8 5088 590a 7a2d 7a0d 612c 4888 592a 71ef 696c 698d 722f 8270 8b32 82d2 8b12 8b11 8b33 8291 8b12 9b93 9b92 8af1 60e9 5087 720b 71cb 5066 58a7 68e7 4867 4867 60e7 7148 6928 58c8 5908 7168 6128 6908 7989 8a2a 926b 7128 60e7 60a7 60a7 5887 5887 60a7 7927 8148 91a8 99c9 b229 c26a caaa caab cacb cacb caec caeb cacb a1e8 78e8 7108 91c9 a22a b24a cacb d2eb d2eb daeb db0c db0c db2d db2c db2c db4c db4c db2c db4c db2c db4c db4c db4c db2c db0c db0b db0b db0c db0b db2c db4c db4c db4c db4c db4c db4c db4c db8d db8d db8d db8e dbae dbad dbee dc0f dc0f dc0f dc0f dc2f dc4f dc6f e490 e46f e490 e4b0 dcd0 e4d0 e511 e531 e552 e572 e593 e593 e5b4 e5b4 e5d5 edd5 edf6 ee16 ee16 ee16 ee16 ee36 ee36 ee37 ee57 f657 f657 f677 f657 f677 f696 ee55 ab4f 4846 8988 c30b cb6b c3ac c3ee bbee c40e c40e c40e bbee bbce bbce bbce bbce bbee bbce bbae bbad bbae bbce bbae bbad bbce b3ae b3ae b3ae b3ae b38e ab6e ab6d ab6d ab4d ab4d b36d b34c bb2a c34b d3ec e50e f5d0 f632 f651 f631 f610 f5f0 f610 f632 f673 feb4 fe93 fe72 f631 f5cf ed2d dc0b cae9 c2aa c2aa ba8a ba8a b26a b249 b229 a209 a1e9 a1c8 aa09 aa29 aa09 aa29 a1e9 91a9 99a9 99a9 99e9 a209 a22a a24a a26b a24b 9a2b 922b 920b 922b 920a 91ea 89ea 8a0b 8a2b 922c 
4846 4846 4846 4846 5067 58e8 824c 9b70 ac52 b493 bcf4 bd13 bcf2 b4b1 ac0f 92ec 7148 5887 60c7 8128 b229 caeb dbac e40d ec8e ecae ecce ecee ecee ecee ecef ecee ed0f ecef ecee ecce ec6d e40d db6c d3cf c3d1 aa8d 816a 60e8 60c8 58a8 58c8 58a8 5087 5087 5067 5087 58c8 58a8 5088 50c9 60e9 694a 694a 6129 50a8 50a8 50c9 58e9 694a 6129 6109 6129 6129 58e8 5088 50a8 50c8 50c8 58e9 69ab 5909 5067 4867 4887 58c8 612a 5088 5088 69ad 71cd 614a 720e 616c 50ea 69ac 7a0f 720f 720e 7a2f 7a2e 82d0 9394 82d1 82d1 7a4f 7a4f 8af2 9bb3 a3d3 8ab0 60e9 698a 7a2d 50a7 58c7 5087 4887 50c7 6928 6907 60e8 58a7 60e7 7128 60e7 68e7 60c7 68e7 7968 6908 60e8 58a7 5886 5887 6087 68c7 8148 9188 99a8 a9e9 ba29 c28a caab cacb cacb caec caec cacb ba6a 9168 68c8 7928 99e9 a24a b26a d2eb d2eb daeb d2eb db0c db2c db0c db4c db2c db2c db4c db4c db4c db4c db6c db4c db4c db2c db2c db0b db2c db0b db0c db2c db2c db4c db4b db4b db4c db6c db6c db6d db8d db8d dbae dbad dbae dbee dbee dbee dbee dc2f dc2f dc4f dc6f e470 dc6f e490 dc90 dcb0 e4d0 e511 e531 e532 e552 e592 e593 e5b4 e5b4 e5d5 edd5 edd5 edf5 ee16 ee16 ee16 ee36 ee36 ee37 ee57 ee57 f677 f657 f657 f677 f676 ee75 c4b2 68e8 91a8 c2ea cb8c c3ad c3ee bbce c42e bc0f bbee bbee bbce bbcd bbce bbce bbce c3ee bbce bbce bbce bbce bbae bbae bbce bbce b3ae b3ae b3ae b38d b38d ab6d ab4d ab6d b36d b36d bb4c c34b c34b cb8b dc6c ed2e edcf f5f0 f5ef f5f0 f5ef f611 f652 f693 feb4 fe93 f672 f631 edaf e4cc d3aa caca c28a c28a ba6a ba6a b249 b24a aa29 a209 99e9 a1c9 aa09 aa29 aa09 99c8 9188 8948 9188 99e9 a22a a24a a24a a24b 9a2a 9a2b 920a 91ea 922b 920b 920b 920b 8a0b 8a0b 922b 922b 
4866 4846 4846 4846 4847 58c8 79eb 9b4f ac31 b4b2 bd13 bd13 bcf3 b4b2 ac10 9b0d 79a9 58a7 68c7 8128 aa09 caeb dbac e40c ec6e ecae ecef ecee ecef eccf ecef ecef ecef ecef ecce ecae ec6d e3ed db6c dbef d3f0 bb2e 89cb 60e8 712a 58a7 58e8 50a7 4887 4867 4867 5088 58e8 58c9 58e9 71ac 79cc 7149 6108 58c8 50a8 50a8 50a8 5909 612a 6129 6109 6108 58e8 50c8 58e9 58c8 50e9 50e9 50c8 5929 696b 4867 5087 5088 58c8 592a 50c9 5909 7a2e 696c 590a 69ab 7a6f 698c 4888 596b 8313 7a91 82f3 7a92 82d2 9393 9394 82f1 7a0e 696c 616b 7a4f 9352 9bb3 8ab0 79cc 7a0d 6129 698b 5088 4867 5908 7107 68e7 58c7 5867 68e7 6908 7128 60c7 58c7 60c7 60c7 60e7 60e7 5887 58a7 5886 68c7 7907 8968 9188 a1c8 ba29 ba29 c26a caab caaa cacb cacb caeb cacb b229 8128 68c8 8168 99ea aa4a c28a d2eb d2eb d30b db0c db2c db4c db2c db4c db4d db2c db4c db4c db4c db4c db4c db2c db2c db2c db0b db2c db2c db0b db2c db2b db4c db2b db2b db2b db2c db4c db4c db6d db8d db8d dbad dbad dbae dbce dbee dbee dbee dc0e dc0f dc2f dc4f dc6f dc6f e46f dc90 dcb0 e4b0 e4f0 e511 e531 e552 e572 e593 e5b4 e5b4 e5d5 edd5 edd5 edf5 edf5 ee16 ee16 ee16 ee36 ee36 ee37 ee57 ee57 ee57 ee57 f657 f677 f676 e5f5 9a6c a1e9 c30a cbac c3ac bbce bb8d bbee bbee bbee bbce bbce bbee bbce bbee bbce bbce bbee bbee bbee bbce bbce bbce bbce bbce bbce b3ce b3ae b3ae b38e ab6d ab6d b36d b38d b36d bb6c c36c cb6b cb6b d3ab dc0b e4cc e52d ed2e ed4e edae f611 f652 fe94 feb3 f692 f651 f610 ed8e e46c d34a c2aa ba69 ba49 ba49 ba49 b229 aa09 a1c8 a1e9 a1c9 a1e9 a229 aa09 a1e9 9188 8928 8968 91c9 a22a a26b aa4a a22a 9a2a 9a2a 91ea 89ea 920a 920a 920a 920b 920b 922b 922b 8a2b 89ea 
5087 5067 4867 4846 4847 50a8 71ab 930f a411 b493 bcf4 bd13 bcf3 bcb2 ac10 9b4e 820a 68e8 68c7 8948 aa09 cb0b db8c e40c ec6e ecaf eccf eccf eccf eccf ecef ecef ecef ecef eccf ec8d ec4d e40d db8c d3ae dc30 c34e 818a 7129 81cb 58c8 58c8 4867 4867 4888 4888 58e9 690a 718b 71ab 718a 6108 58c7 50a7 50a7 5088 48a8 5909 614a 6109 612a 60e9 50c8 58c8 58c9 610a 6109 5929 50e9 50a8 50e8 69ac 58c8 50c8 58c9 50a8 50e9 698c 69ac 614a 5909 590a 610a 720d 7a6f 50ea 4089 598b 8352 93f5 82d1 93b4 82f2 8b73 82b0 7a2e 698c 590b 698c 8b12 9313 9bb4 9312 8ad1 82f0 93d3 5909 4867 60a7 68e7 60c8 58c8 58a7 68e7 60e7 68e7 60c7 58a7 60c7 58a7 58a7 60c7 5887 5886 6087 68c7 8148 91a8 99a8 a9e8 ba49 c26a ca8a caab cacb caca cacb cacb c28a a1c9 70c8 7108 91c9 a20a aa6b cacb d2eb d30b db2c db2c db2c db4c db4c db2c db2c db4c db6d db6d db2c db2b db2c db2c db2b db2b db2b db2c db0b db2c db2c db2b db0c db0b db0b db2b db4c db4c db4c db6d db6d db8d db8d dbce dbad dbcd dbce dbce dbee dbee dc0e dc2f dc2f dc4f dc4f e46f dc90 dcb0 e4b0 e4d0 e4f1 e511 e552 e552 e573 e594 e593 e5b4 e5d4 e5d5 edd5 edf5 ee16 ee16 ee16 ee36 ee36 ee57 f657 f657 ee57 ee57 f657 f677 ee76 ee35 cc31 b26a cb2b cbac c3ac b36c ab0c b36d b38d bb8d b38d bbae bbce bbce bbce bbee bbee bbee bbef bbee bbee bbce bbce bbce bbce bbce b3ce b3ae b3ae b3ae ab6e b38e b38d bbad bb8d c38d c38c cb8b cb8b cb8b cbab d3aa d40b dc4c dcac ed6f f611 f672 feb3 fe93 fe72 f651 f5ef ed4d dc2b cb0a c289 ba69 ba69 b249 b209 aa09 a1c9 99a9 99c9 a209 a229 a209 a1e9 91a9 8968 8968 89a9 9a0a a24a aa8b a24b 9a2a 9a2a 920a 91ea 89ca 89ea 91ea 922b 922b 920b 922b 924b 89ea 8189 
5067 4866 4846 4846 4867 50a7 696a 8ace a411 b492 b4d3 bcf3 bcd3 b4b2 ac30 9b6e 8a4b 6908 70e7 8928 a9e8 caea db8c e40d e46e ecae eccf eccf eccf eccf ecef ecef ecef ecef eccf ec8e e44d e40d db8c d36d dc2f c38f 81aa 796a 89ec 58e9 58c8 5087 4888 48a8 58c8 696a 716a 6949 58e8 58e8 50a8 50a8 50c8 50a8 50a8 50a8 592a 612a 612a 696a 60e9 50c8 58e9 6129 692a 6129 614a 6109 58c9 50a8 6129 6129 6109 50a8 4888 58e9 7a4e 7a0d 58a8 5088 50a8 58c9 698b 82d0 71ed 590a 48c9 50e9 616a 616b 722e 7a90 8b73 8b32 720d 610a 50c9 58ea 71ee 82d2 9bb4 ac97 a436 a4d6 830f 50a7 58a7 58a7 68e7 58a7 5087 60c7 68e7 60e7 60a7 58a7 58c7 58a7 5887 5886 58a7 5887 5886 68a7 78e7 8948 9188 a9e9 b229 c269 c28a ca8a caaa cacb caaa caab cacb b229 8948 60a7 8169 99e9 aa2a c2ab d2cb d2ec db0b db0c db2c db2c db4c db4c db4d db4d db4c db6c db8d db4c db4c db2c db2c db4c db4c db2b db4c db0b db2c db0c db0b db0b db2b db0b db2b db4c db6d db4d db6c db6d db8d db8d dbad dbad dbcd dbcd dbce dbee dbee dc0e dc0e dc0e dc2f dc2f dc4f dc70 dc8f dcd0 e4d0 dcf0 e531 e531 e531 e572 e573 e594 e5b4 e5d4 e5d4 e5f5 edf5 edf5 ee16 ee36 ee36 ee37 ee57 ee57 f657 ee57 ee57 f657 ee57 f657 ee76 e5b5 c30c cb6b cbcb bb6b a2ca 9a8a a2cb a2ec a2ec ab0c ab2c b34d b36d b36d bbae bbce bbce bbee bbee bbee bbee bbee b3ee bbee bbee b3ef b3ce b3ae b3ce b38e b3ae bbae c3ae c3cd cbcd cbcd cbac cbac cb8b c36b c34a cb4a cbab dc6d ed8f f631 fe93 feb4 feb3 fe72 f631 f5ae e4cc dbaa cac9 c269 ba69 b249 b229 a9e9 a1e9 a1c9 99c9 a1e9 a209 a209 a1e9 91a8 9188 8948 89a9 99c9 a22b a24a a24a a22a 9a0a 920a 91ea 89c9 89ea 89ea 920a 922b 920b 8a0b 922b 8a2b 81c9 7948 
4867 4866 4846 4846 4867 4887 698a 8aee a411 ac72 b4d3 b4d3 b4d3 b492 ac10 9b6e 8a4b 7128 70e7 8927 a9e8 caca db6c e3ec e44e ec8e ecce ecce ecce ecce ecce ecee ecef ecef eccf ecae ec6e e42d db8c d30c d3ce c3af 818a 798a 798a 60e9 58c8 5087 5088 5088 50a7 58c8 58c8 58c8 50c8 50c8 50a8 5088 50c8 58c8 5088 58e9 6109 60e9 694a 6129 5909 58e9 5929 698a 6129 58c8 58e8 58e8 60e8 6109 6109 58e8 5087 4867 4868 614a 7a4e 694a 58a8 5088 5089 610b 7a2f 8b11 8290 696c 696c 50c9 58e9 50e9 50a9 50e9 6a0d 93d3 8b52 612a 50a9 612b 71ad 69cc 828f 9bb2 acb5 9390 58e8 5067 60a7 60c7 60a7 5087 5086 68e7 60e7 60c7 58a7 58a7 60a7 5886 5866 5086 58a7 60a6 6086 68c7 8127 8968 99a8 b229 ba49 c26a c28a ca8a cacb cacb cacb cacb c28a a1a8 68c8 68e8 89a9 a1e9 b26a caeb d2eb db0b db0b db0c db4c db2c db2c db2c db4c db2c db4c db6c db6d db6c db4c db4c db4c db4c db4c db4c db4c db4c db2b db0b db2b db2c db4b db2c db4c db4c db6c db4d db6c db6d db8d dbad dbad dbad dbad dbae dbcd dbce dbce dbee dc0e dc0e dc2f dc4f dc4f dc6f dc8f dcb0 e4d0 dcf0 e511 e511 e531 e552 e573 e593 e5b4 e5b4 e5d4 e5f5 edf5 edf5 ee16 ee36 ee36 ee37 ee37 ee57 f637 ee57 ee57 f657 ee57 ee57 f677 ee36 dc50 d34b c36a aaca 9a29 89c9 922a 9a6a 9a4a 9a8a 9aab a2cb a2eb ab0c ab4d b34d b36d bb8d bbae bbce bbce bbee bbee bbce b3ce b3cf b3ce b3ce b3ce b3ae bbad c3cd c3ee cbed cc0d d3cd d3ac cbac cb8b cb8c c34b cb8b cbed dcae edd1 f652 feb4 fed4 fe92 fe71 f610 ed4d e44b d34a c2a9 c269 ba49 b229 aa09 a1e9 99c9 99a9 a1e9 a209 a209 a1e9 9188 8968 8968 91a9 91e9 9a0a a22b a24a a22a 9a2b 9a2a 91ea 89ca 91ea 920a 920b 922b 922b 8a0a 8a2b 8a0a 81c9 7968 6907 
4866 4866 4846 4826 4867 5087 716a 8aee a3d1 ac72 b4d3 bcf4 bcf3 bcd2 ac51 9b8e 8a4b 7128 7107 8948 a9e8 caca db6c e3ed e44e ecae ecae ecce eccf ecce ecee ecee ecef ecef ecce ecae ec4d e40c e3ab d30b cb2c bb6e 81ab 79ab 798a 6929 58c8 4887 50a8 5087 50a8 58a8 58c8 58c8 58c8 50a8 50a7 50a8 50c8 58c8 50c8 614a 58e8 612a 692a 58e9 50e9 58e9 618a 71cb 696a 50c8 5087 50a8 5087 58e8 58c8 50a8 5087 4868 5087 698b 698b 50a8 58e9 58e9 50a9 610a 7a2f 8b32 8b32 82d1 614a 614b 5909 50c8 4868 48a8 590a 726d 82f0 696c 50a9 616b 8290 8a90 79ee 7a0c 93b2 7a0c 5067 5887 60c7 68e7 5887 5087 5087 60a6 58a7 58a7 58a7 5866 5886 5066 5066 5886 58a7 68e7 68e7 7107 8147 9188 a9e8 ba49 c249 c26a c28a ca8a cacb cacb caaa caaa b229 8128 60c8 7928 91c9 aa09 cacb d30b d30b db0b db0c d30c db2c db2c db4c db2c db4c db4c db6c db4c db6d db6c db6d db4c db4c db4c db4c db6c db4c db4c db2b db2b db2c db2c db2b db2b db4c db2b db4c db6c db6d db6d db8d dbad dbad dbad dbad dbcd dbce dbee dbee dbce dc0e dc2e dc4f dc4f e44f dc6f dc8f dcb0 dcb0 dcb0 e4d0 e511 e531 e552 e573 e593 e593 e594 e5b4 e5d5 edf5 edf6 edf6 ee36 ee36 ee37 ee37 ee57 f657 ee57 f677 f657 ee57 f677 f677 f676 e574 cb6b aa89 91e9 89a8 8168 89c8 91e9 89a8 91e8 9209 9229 9a4a 9a8b a2ab a2cb a2ec a30c ab2d ab4d ab4d b36d b3ad b38e b3ae b3ae b3ce b3ce b3ce bbce c3cd c3cd cc0d cc2e d42c d3ec cbab cb8a cb6a cb6a cb6b cb8b d40c e52f f611 f672 feb3 feb3 fe71 f630 edcf e4ec dbca caea c269 ba49 b209 a1c8 9988 9188 9188 99c9 a209 aa09 99e9 91a9 8948 8148 8968 91c9 9a2a a24b 9a2a 9a2a 9a0a 9a0a 920a 89ea 89ca 920a 922b 9a6b 9a4b 920b 8a0a 89ea 81ca 7968 7107 68e7 
4846 4846 4846 4846 4846 5087 6929 826d 9bb0 b493 bd14 c534 c534 bcf3 b491 a3cf 8a8c 7148 7107 8107 a9c8 caca db6b dbec e44e e48e ecae ecae eccf ecce eccf ecef ecef ecef ecef ecae ec6d ec2c e3cb d32b c2ec aacd 89ec 798a 81cb 716a 5888 4867 4887 50a8 60e9 60e8 58c8 50a8 50c8 50c8 50a8 50a8 58c8 6109 612a 6109 50e9 614a 6129 50c9 50c9 58e9 694a 6969 716a 58e8 50a8 50a8 5087 50c8 50a7 58a8 5087 4867 50a8 6129 58e9 50a8 590a 696c 71ae 69ad 71ee 8af1 9353 9bd3 7a6f 590a 58e9 614a 590a 48a8 58e9 6149 6149 58ea 50a9 614a 8af1 822d 820e 8a6e 9310 6129 5066 5887 60a6 60a7 5066 5087 58a7 58a7 5887 58c6 58a7 5866 5066 5046 5866 5886 60a7 7108 7928 8148 9168 a1c8 b249 ba69 c269 c28a c26a c28a caca caca caaa ba69 9147 6087 68e8 8989 99e9 ba6a d2eb d30b d30b db0b db0b d30c db2c db2c db4c db4c db6c db6c db6c e36d db6d db4c db4c db4c db4c db4c db4c db6c db4c db2c db2b db0b db2b db2c db0b db2b db2b db4c db4c db4c db6c db8d db8c db8d db8c dbad dbad dbad dbcd dbce dbce dbee dbee dc0e dc2f dc2e dc4e e46f dc8f dc90 e490 dcb0 dcd0 e4d0 e511 e551 e572 e573 e593 e594 e594 e5d4 edf5 ee16 ee16 ee36 ee36 ee36 ee37 ee57 f657 ee57 f657 f657 f677 f677 f697 f697 ee36 c38d 91c8 8988 8988 7928 8988 8167 8147 8188 8188 89a8 91e9 89c9 91e9 9229 924a 9a4a 9a8b 9aab 9aab a2cc a30c a32c a32d ab4d ab4d b38e b3ae bbce c3ee cc0e cc4e d44e d42d cbec c3ab c34a bb0a c32a c34a d3cb dcad edb0 f632 fe93 feb4 feb3 fe51 f60f ed4d e44b d34a c2a9 b249 a9e8 a1c8 91a8 8948 8988 91a9 99e9 a209 a1e9 91a9 8948 8128 8968 91c9 9a0a a24b a22a 9a0a 9a0a 920a 920a 920a 920b 91ea 920b 9a6c 9a8c 924b 920b 8a0a 81ca 81a9 7148 68e7 68e7 
4846 4846 4026 4826 4846 5087 58c8 7a0c a3d1 b4b3 bcf3 c534 c534 bd13 b4b2 abef 9b0d 7968 68e7 8107 a1c8 caaa d34b dbcd e42d e48e e4ae eccf e4cf ecee ecef ecef eccf ecef ecce ecae ec6d ec2c e3cc db4b c2eb aa8d 922d 798a 81eb 81cb 5088 4887 5087 58c8 6108 58a7 50a7 5087 50a8 50a8 50a8 50a8 58e9 694a 6109 50c8 5909 694a 58e9 50c9 50e9 5909 694a 6949 696a 60e8 58c8 58a8 5087 5087 5087 50a7 58a8 50a8 58a8 50a8 50a8 616b 61ac 50a9 69ed 82f2 8271 7a50 9353 9372 9c15 7a90 612b 612a 698c 612b 610a 694a 694a 694b 610a 7a4e 93b3 694a 694a 79eb 7a2c 58a7 5887 58a7 60a6 5866 4866 58a7 60c7 5887 50a7 5887 5887 5867 5086 5066 5866 60c7 68c7 7907 8168 8968 99a8 b209 ba6a c28a c2aa c28a c28a c28a caaa c2aa c28a 9988 68a7 5887 7969 91c9 aa4a c2ca d2eb d30b daeb db0c db0c d30c db0c db2c db4d db4c db4c db6c db4c e36c db6d db4c e32c db4c db6c db6c db4b db2b db4c db2c db2b db2c db2b db2b db0b db2b db0b db2b db4b db4c db4c db6c db6c db6c db8d db8c db8d dbad dbad dbcd dbcd dbee dc0e dc0e dc2e dc2e dc2e dc4f dc90 dc90 dc8f dcb0 e4b0 e4d0 e4f1 e531 e572 e552 e573 e593 e5b4 e5d5 edf5 edf5 ee16 ee16 ee16 ee37 ee37 ee57 ee57 ee57 f657 f657 f677 f677 f677 f697 ee76 cc71 8988 8988 89a8 8188 89e9 8168 8168 8168 8168 8168 8188 8188 8188 89a8 89c9 89c8 89c9 89e9 8a09 9209 922a 926a 928b 928b 9aab a2ed ab2d b36d bbad c3ee cc2e d46e d44d cbec cbcc c3ab c3ab cbab cb8b d3ec e4ee f5f1 f673 fe94 feb3 fe92 f630 ed8e e48b db8a cae9 ba49 a9e8 99a8 9188 8968 8948 8988 99c9 99e9 a1e9 99c8 8968 8128 8968 91c9 9a2a a24b a26c 9a0a 920a 920a 920a 920a 920a 91ea 922a 922b 9a6c 926c 922b 922b 8a0a 7989 7968 68e7 68a7 68c7 
4846 4846 4046 4046 4026 4846 58a8 7a0c a3d0 b492 bcf3 c534 c533 c513 bcd2 ac30 9b4d 81c9 70e7 8127 a1c8 c28a d34b dbcc e44d e48e e4ae ecaf ecce eccf ecef eccf eccf ed0f ecee eccf ec6e ec2c e3cc d34b b24a a28d 9a8e 798a 81ec 79ab 5087 4867 50a7 60e8 58a7 5087 50a7 5087 5087 50a8 50a8 58e9 614a 6949 50c8 50a8 5909 694a 58e9 50c8 50c9 5909 694a 6949 694a 60e9 6109 6109 58a8 5087 5087 50a8 58c8 58c8 58c8 50a8 58c8 616a 5909 4047 48c8 722e 7a0f 71ce 82d1 9333 9372 a455 8af1 7a4f 612a 610a 71ae 7a0e 8a6f 8a8f 79cb 79ca 7a0a 50a7 58c7 58c7 58e7 60c7 60c7 60c7 5887 5066 5086 58c7 58a7 5066 5087 58a7 5887 5067 50a7 5867 5886 68c7 70e7 8127 8988 9188 a9e8 ba69 c28a c28a caaa c28a c28a c2aa c28a c269 a1c8 70a7 5867 68c7 89c9 a24b baaa d2ea db0b db0b db0b db0b db0b db0c db0c db0c db2c db4c db4c db4c db4c db4c db6c db2c db2c db4c db4c db6c db4c db2c db4c db4c db2b db2b db2b db2b db0b db0a db0b db2b db2b db4c db4c db4c db4c db6c db6c db6c db8c dbad dbad dbad dbcd dbcd dbcd dbee dc2e dc2f dc2e dc4f dc6f e48f dc8f dcb0 e4b0 e4b0 e4f1 e531 e552 e552 e573 e593 e5b4 e5d5 e5f5 edf5 edf5 ee16 ee16 ee37 ee37 ee57 ee57 ee57 ee57 f657 f657 f677 f677 f697 f696 dd74 9a0a 8168 89c9 89c9 9209 91c9 91e9 89c9 89a9 89a8 89a8 8189 8168 8148 8148 7948 7948 7948 7968 7968 7988 7988 79a9 79c9 81a9 8a0a 924a 9acb ab0c bb6c c3ac cbcc cbec cc0c d44d dc8d dc4c d40b d40b d46d ed6f f631 fe93 feb4 fe93 fe51 f5ce e4ed dbea cb09 b248 a1c8 9168 8927 8107 8107 8948 9188 99c9 99c9 91a8 9168 8948 8968 91c9 9a2a a26b a22a 91ea 91ea 920a 920a 922a 91ea 91ea 920a 922b 9a4c 9a6c 922b 922b 8a2b 81ea 7989 7148 68e7 60a7 68c7 
5067 4866 4846 4846 4846 4846 58a8 79eb a3d0 b492 bcf3 c534 c554 c533 bcd2 ac70 a38e 8a2a 70e7 7927 a1c8 c28a d34b dbcd e44e e46e e4ae ecae ecee eccf ecef eccf ecef ecef ed0f eccf ec8e ec2c e3ec caca 9189 9aad 9aae 81cb 81eb 798b 5088 4887 58e8 58c8 5087 5087 50a7 5087 5087 50a8 6109 716a 6129 60e9 5088 50a8 6129 696a 58c9 50a8 50c8 6109 6929 6109 694a 6109 614a 6129 60e8 50a8 5087 58c8 58c8 58c8 58e9 58e9 58c8 5087 4887 4888 50a9 50c9 616c 7a30 8270 8b12 8b12 93b4 9bb4 9bd4 8291 79ed 8ab0 824f 822e 92cf 824e 696a 58a7 4887 5087 5087 58a7 60c7 60e8 60c7 5887 5087 58a7 58a7 5086 5066 5066 5066 5066 5066 5867 5867 6087 68e7 7107 8968 91a8 a1c8 b228 c269 c28a c289 c28a c28a c2aa c2aa c269 a9c7 70c7 5046 60a7 8168 9a0a b28b caeb d30b db0b db2b db2b db0b db0c db2c db2c db2c db4c db4c db2c db4c db4c db4c db4c db4c db4c db6c db6c db6c db4c db4c db4b db2b db2b db2c db2b db2c db2b db0b db0b db2c db2b db4c db4b db4c db4c db6d db8d db6d db8c dbad dbad dbad dbcd dbad dbcd dbee dc0e dc2e dc0e dc2e dc4f e44f dc8f dc90 e490 e4b0 e4f1 e511 e531 e552 e573 e573 e594 e5b4 e5d5 edd5 edf5 ee16 ee16 ee16 ee37 ee36 ee37 ee57 ee57 ee57 f657 f677 f678 f677 f697 e615 b32e 8168 89c9 91e9 9a09 9a2a 9a0a 91e9 91e9 91e9 91c9 89a9 8988 8988 8168 7948 7128 7128 6908 68e7 68e7 6907 68e7 60e7 60e7 6907 7168 81a8 9229 a28a aaaa bb2b cc0d dcee e54e e54e dccd d40b d42c e4ee edd0 f652 fe93 fe92 fe71 f62f ed6d e46b d34a ba69 a1c8 9168 8127 78c7 78c7 8128 8968 9188 9188 8948 8948 8968 89a9 91e9 9a2b a26b a26b 9a2a 91ea 91ea 91ea 91ea 91ea 91ea 91ea 91ea 9a4b 9a4c 926c 924b 8a2b 8a0a 81aa 7148 6907 68e7 68c7 68c7 
58a7 5887 58a7 58a7 60c7 60c8 60c8 820c a3af b492 bcf3 c534 cd54 c534 c4f3 b4b1 a3cf 8a2a 7107 7948 a1c9 c2aa d34b dbed e42d e46e e4ae e4ce eccf ecce e4cf e4ce ecef ed0f ed0f eccf ecae ec4d dbcc ba6a 918a 9acd 9aae 796a 7149 6909 5088 50a8 58e8 5087 5067 5087 50a8 5067 50a8 60e9 694a 6109 50c8 6109 50c8 50a8 5908 6129 58c8 4888 50c8 696a 694a 60e8 6129 6109 6109 6109 58c8 6108 58e8 58c7 50c8 4887 50a8 58e8 5909 58c8 50a8 50c8 50c8 5088 4888 616b 722f 82b1 8b32 9c15 93b5 8b32 9373 9332 92d0 822e 7a0e 71cd 824d 824e 694a 5087 5067 5087 58a7 60c7 60a7 5887 50a7 50a7 58a7 58a7 5087 5066 5886 5066 5046 5066 5866 5866 60a7 7107 8127 9188 a1c8 b208 ba29 c269 c269 c269 c28a c28a c2a9 c269 a9c8 78c6 5866 5867 7928 99e9 b26a cacb d30b d2eb db0b db2b db2c db0b db0c db2c db2c db2c db2c db4c db4c db2c db2c db2c db4c db4c db6d db4c db6c db6d db4c db4c db4c db4b db2b db4b db2b db2c db2b db2b db0b db0b db2b db4b db4b db2b db2b db4c db6c db6c db8c db8d dbad dbcd dbcd dbcd dbed dbee dbee dc0e dc0e dc2e dc2f dc4f dc6f dc6f dc90 e4d0 e4f1 e4f1 e511 e532 e552 e552 e573 e5b4 e5d4 e5d4 e5f5 edf5 ee16 ee16 ee16 ee37 ee36 ee37 ee57 ee57 ee57 ee78 f678 f677 f696 ee76 ccd2 91c9 89a9 9209 9229 9a4a 9a4a 9a4a 9a2a 9a0a 9a09 91e9 91c9 91c9 8988 8168 8148 7928 7108 68e7 68c7 60c7 5887 5886 58a7 5086 58a6 60e7 6927 81a9 a24a c3ac dd0f edb0 edcf e5ae dd0d dc6c dc6c e52e f5f0 fe51 fe92 fe91 fe50 f5ce e4ec d3ca ba89 a1c8 8947 8107 70c7 78c7 7907 8968 8968 9188 8968 8148 8948 91c9 9a0a 9a2b a26b a28b 9a4b 920a 91ea 91ca 91c9 89c9 89ca 91ea 91ea 922b 9a4b 9a6c 924c 924b 8a0a 81ca 7989 6907 68e7 68c6 60a6 60a7 
60a7 68e7 7947 7948 7128 7108 7129 822b 9b4f b471 c513 c554 cd74 cd74 c533 bcf2 a3cf 8a4b 7128 8128 a1e9 c289 d34b dbcd e42e e48e e4ae ecee e4ee ecee e4ce e4cf ecef ed2f ed0f eccf ec8e ec4d dbac aa4b 99ea a2ee ab0e 796a 6109 60c8 5087 50a7 58c8 5087 50a8 50a8 58e8 60e9 60e8 58a8 50a8 58c8 50e8 6109 58a7 50a8 50c8 5909 6109 50a8 58e9 694a 6149 6129 6109 60e8 6109 6109 58c9 58e8 5909 58a8 5087 5088 4867 4887 5908 6949 58a8 50a7 6109 50a8 5088 50a8 50c9 69ad 8270 9bb4 a476 93d5 8b53 93b4 82b1 79ce 8230 8ab1 92cf 92cf 718b 5087 4867 5887 60c7 58a7 5066 5066 5087 5886 5087 50a7 5087 5066 5066 5066 5066 5066 5887 6087 7907 8148 8968 99a8 aa09 ba29 c269 c269 c269 c28a ca89 caaa c289 a9c8 78c6 5867 5867 7108 91a8 b26a cacb d2ea d2eb d30b db2b db2b db2b db0b db2c db2c db2c db2c db2c db2c db2c db2c db2c db4d db4c db4c db8d db4c db6d db8c db4c db4c db4c db4c db2b db4b db2c db2b db2b db2b db2b db0b db2b db4c db4b db2b db4b db4c db6c db4c db4c db8c dbad dbad dbad dbcd dbed dbed dbee dc0e dc0e dc0e dc2e dc2e dc6f dc6f e48f e4d0 e4f1 e4d0 e511 e532 e552 e553 e594 e5b4 e5b4 e5b5 e5d5 edf5 ee16 ee16 ee16 ee36 ee36 ee37 ee57 ee57 ee57 ee57 f678 f677 f677 f676 e5f5 a2ac 89c9 9209 922a 9a6b a26b a26a a26a a24a 9a4a 9a2a 920a 91e9 89e9 89a9 8988 8168 7968 7107 68e7 60a7 58a7 5887 5087 4846 4866 5087 5887 7129 b2ec dcae edb0 f610 ee10 edae e4cb dc2b dc8d ed8f f631 fe72 fe92 fe71 f60f ed6d dc4b c2c9 99c8 8947 78e7 70e7 70e7 8108 8948 8988 8988 8988 8148 8128 8169 91ca 9a2b a26b a26b 9a4b 920a 91ea 89c9 89c9 89a9 89ca 89a9 89ea 920a 9a4b 9a8c 9a8c 926c 922b 89ea 7989 7148 6907 6907 60c7 60c7 68c7 
8188 89a9 89c9 89a9 81a9 81a9 81ca 8a4c 9b2f ac31 c4f3 c533 cd74 cd94 c553 bcd2 abef 92cc 7989 8168 a1c8 c289 d34b dbcd e42d e48e ecae ecee e4ef ecee e4cf e4cf ecef ed2f ed0f ecce ecae e44d d34b b24b 9a0a ab0f ab0e 81ab 60e9 58a8 5067 58c8 58c8 50c8 58c9 6129 694a 6108 58a7 50a7 5087 50a8 58e8 60e9 58c8 50c8 50c8 58e8 6109 58c8 612a 692a 58e9 6129 694a 60e9 6129 6129 60c9 50c8 50a8 50a7 50a7 50a8 50a8 5087 5087 58c7 6109 58c8 698a 6129 58c9 50a8 5088 4888 614b 7a6f 9373 9393 9bf5 9c15 9374 8270 8290 8a6f 820c 9b0f 92b0 50a8 4887 58a7 60c7 5087 5087 5087 5086 5066 5066 5086 5067 5046 5067 5087 5886 5866 6087 7107 8968 8968 91a8 a1e9 ba29 c269 c289 c28a c269 c2aa c289 ba69 a1a8 70e7 5887 5887 68c7 9188 b249 caab d2eb d2ea d2eb db2b db2b db0b db0b db2b db2c db4c db2c db2c db2c db2c db4c db2c db4c db4c db2c db4c e36d db4c db6d db6c db4c db6d db4c db6c db4c db4c db2b db2b db2c db2b db2b db2b db2b db4c db2c db4b db4c db4b db4b db4b db4c db8c db8d db8c db8c db8c dbad dbed dbee dc0e dc0e dbee dc0e dc2e dc4f dc6f e48f e4b0 e4d0 e4b0 e4f1 e512 e531 e552 e573 e594 e5b4 e5b4 e5d5 e5f5 edf5 ee16 ee16 ee36 ee37 ee37 ee36 ee37 ee57 ee57 f677 f657 f677 f696 ee56 bc10 91c9 89c9 922a 9a4a a26a a26b a26a a28a a26a 9a4a 9a4a 9a0a 922a 89e9 89c9 89c9 81a9 7968 7128 68e8 60c7 5887 58a7 4887 4867 4847 4867 7928 c34b e54f f5f0 f630 f630 ed8d dc4a dc2b e50e f5cf f631 fe51 fe51 fe10 ed8e dc6b bae9 9187 8127 70e7 70a7 70e7 7907 8128 8968 8968 8968 8148 8148 8969 91ca 9a2a a26b a28c 9a6b 91ea 89ca 89a9 81a9 81c9 89a9 89ca 89a9 89ea 924b 9a8c 9aad 9a8d 924b 8a0a 81ea 7989 7968 7148 6928 68e7 68c7 6907 
9209 920a 8a0a 89e9 89ea 8a2b 8a0b 92ad 9b4f ac31 bcd3 c534 cd74 cd74 c553 bcf2 ac30 9b0c 81c9 8189 a209 c289 d34b dbcd e42e e48e ecae ecef e4ef ecef ecee ecef ed0e ed2f f52f ecee ecae e44d cb2b b28b 9a4b ab0e 9aad 820c 6909 5087 5067 58a8 50a7 6109 58e8 58e8 58e8 58a8 50a8 50c8 50a7 58a8 50c8 58a8 58c8 50c8 50c8 58a8 58c8 58e8 6149 60c9 58c9 614a 696b 6109 612a 6129 6109 50a8 50a8 50a8 50a7 4887 50c8 58c8 50a7 4887 6109 694a 6129 694a 58e9 58c8 5088 50a9 590a 616b 720d 82d1 9393 a455 a455 9373 7a50 7a0f 8ab0 9331 828e 58c8 50a7 58a7 58a7 5086 5086 5086 5087 5087 5087 5086 5066 4846 5066 5887 5886 6086 68c6 8148 8967 9147 99c8 b208 ba69 c289 c28a c28a c289 c2aa ba49 9167 6886 5866 58c7 7108 9188 b229 c2aa d2ca d2ea d2eb d30b db2b db0b db0b db0b db2b db4c db4b db4c db2c db2c db2c db4b db4c db2c db4c db2c db4c db6d db4c db4c db6c db4c db6c db6c db6c db4c db4c db2b db4c db4c db4b db2b db2b db2b db2b db4b db4b db4c db4c db2b db4c db4c db6d db6c db8c db8d db8c dbad dbcd dbed dbee dbee dbee dc0e dc2f dc4f dc4f dc8f dc90 e490 e490 e4d0 e4f1 e511 e552 e573 e593 e594 e5b5 e5d5 e5d5 e5f5 ee16 ee16 ee36 ee36 ee37 ee37 ee37 ee57 ee57 f657 f657 f677 f677 f676 d533 9a0a 89a9 91e9 924a 9a6a a28b a26a a28a a28a a26a 9a4a 9a2a 9a2a 91e9 89e9 89ea 81c9 8189 7989 7148 6928 60e7 58a7 5087 5087 4887 5087 8128 c32b e50d f5cf f60f f60f e56d dcac e4ad ed6e f5ef f610 f630 f5ef ed6e dc6b bac9 9187 70c7 70c7 68c7 70e7 7907 8127 8968 8148 8127 8127 8148 8969 91c9 9a2b a26b a28b 9a6b 920a 89ca 81a9 8189 8189 8189 8189 89c9 89ea 920b 9a6c 9acd 9acd 9a6c 924b 8a0a 81ca 79a9 79a9 7948 7108 6907 6907 7128 
89c9 89e9 89ea 89e9 920b 924b 926c 9b0e a390 ac51 bcf3 c534 c575 cd75 cd53 c512 b450 9b6d 8a0a 8188 a209 c269 d32a dbcc e42e e48e e4ae eccf ecef ecef ecee ecef ed0f ed2f ed2e ecee ecad e46d cb2b a24b a26c aaed 926d 81eb 6909 50a8 5088 58c8 50a7 50a8 5887 58a7 58c8 58a8 50a7 50a7 5087 58a8 58e8 6109 60e8 50c8 50c8 50a8 50a7 50a7 58a8 50a8 5909 614a 696b 58e8 5909 58e9 6129 614a 58c8 50a8 50a8 4888 50a7 6109 6129 58c9 5087 6109 6129 696b 5909 58e9 58e9 694a 696b 612a 696b 698c 698b 82af 82af 9393 9332 8af1 82af 6169 58c8 58a7 58a7 5887 5087 5087 50a7 5087 5086 50a7 5066 4846 4846 5046 5886 58a7 6086 68c7 7927 8147 9188 9988 aa08 ba29 c28a c2aa c28a c269 c269 a9e7 78e6 5866 5046 6086 7948 99c8 ba29 caaa d2ca d2cb d2eb d2eb d2eb d30b db0b db2c db0b db2b db2c db2c db4c db2c db4b db2c db2c db4c db2c db2c db2c db4c db6c db6c db6d db4c db4c db4c db6c db6d db4c db2b db4b db4c db4c db2c db2b db2c db0b db2c db4c db4c db4c db4c db4c db4c db4c db6c db8c db6c db8c db8c dbcd dbcd dbcd dbcd dbed dc0e dc0e dc2f dc4f dc4f dc6f dc4f dc6f e490 e4d0 e4d1 e511 e532 e552 e553 e594 e594 e5b4 e5d4 e5f5 edf6 ee16 ee36 ee37 ee37 ee37 ee37 ee57 ee57 f657 f636 f657 f677 f676 e5f5 b34d 8988 89c9 922a 9a4a 9a6b a28a a28a a28a a28a 9a6a 9a4a 9a2a 922a 920a 920a 89c9 89a9 81a9 7988 7148 7128 68e7 60c7 58a7 58a7 60c8 8148 baca dc8d ed8f f5f0 f5f0 edcf ed8e ed6e ed8e f5cf f5ae ed6e e4ec d3ca aa89 8147 70c7 68c7 60a7 68a7 70e7 7928 8127 8148 7928 7907 8148 8989 91c9 9a2a a26b a26b 9a4a 920a 81a9 7969 8189 8189 8189 8189 81a9 89ca 922b 9a4c 9a8c 9acd 9aad 924c 8a2b 81ea 81aa 81ca 79a9 7148 6908 6908 6928 7148 
81a9 89ea 8a0a 922a 926b 928c 9acd a34e a3b0 ac71 bcf4 c534 c574 cd74 c554 c512 b471 a38e 8a4a 8988 a209 c269 d32a dbac e44f e48e e4ae eccf ecef ecef ecee ed0f ed0f ed2f ed0e ecee ecad e46d cb2c 91ca aaad b2cd 924c 79ab 58c8 5087 58c8 58a7 50a7 58c8 50a8 50a7 58c8 50a8 58a8 58c8 5087 58a8 58c8 6129 60e9 50c8 50c8 58c8 50a8 50a8 50a8 58c8 614a 6129 614a 50c9 50c9 58e9 71ab 79cc 5909 50a8 50e8 5088 4867 58e9 698b 71cc 58e9 50a8 58e9 718b 614b 58c9 58a9 614a 7a4e 694c 610a 71ad 7a0e 82d1 71ed 71ed 8ad0 9392 8b31 614a 58a7 58a7 58a7 5087 50a7 50a7 58c7 50a7 5066 5087 5067 4867 4866 5066 5887 60a6 68c7 7927 8148 8968 99a8 aa09 b209 ba49 c28a c289 ba49 b208 8947 68a6 5046 5887 68e7 8948 a1c8 b229 c28a caaa caca d2cb d2ea d2eb d2eb d30b db0b db2b db0b db4c db2c db2c db4c db2c db2b db4c db0b db4c db2c db2c db2c db2c db4c db6c db6d db6c db4c db4c db6d db6d db4c db6c e34c db4c db4c db4c db2b db2b db2c db4c db4c db4c db6c db4c db6c db4c db4b db6c db8c db8c db8c db8c db8c dbad dbad dbcd dbcd dbee dc0e dc2e dc4f dc4f dc6f dc4f dc6f e490 e4b0 e4d0 e4f0 e511 e532 e552 e573 e594 e594 e5b5 e5d5 e5f6 edf6 ee16 ee16 ee36 ee37 ee37 ee57 ee57 ee57 ee36 f657 f677 f676 ee55 cc91 91e9 89c8 89e9 922a 9a4a 9a6a a28a a28a a26a 9a6a 9a4a 9a2a 9229 9a2a 922a 89ea 89e9 89c9 81a9 7968 7989 7148 7128 7107 7128 7928 8969 b28a dc4d ed8f f610 f611 f611 f5f0 f5af ed6d ed2d e4ac dc2b c34a a249 8988 70e7 68a7 60c7 68c7 70e7 7907 8148 7927 7907 7908 8148 89a9 91ea 9a2a 9a4b a24b 9a4b 920a 89ea 81a9 7968 8189 8169 8189 81a9 89ca 920b 9a6c 9aad 9acd 9aad 924c 8a2b 8a2b 81ea 81ca 7989 7149 6928 6908 6928 7169 7148 
7148 81a9 8a2b 926b 9aad 9acd 9aee a34f a3b0 ac51 bcf3 c534 c554 c554 c533 bd13 b470 a38e 8a6a 89a8 9a09 ba8a d32b dbad dc2e e46e e4cf eccf eccf ecef ecef ed0f ed0f ed2f ed2e eccf ecae e44c cb6c 91aa a2ee aacd 924d 716a 5087 4888 58c8 50a8 50c8 58e8 50a7 58c8 50a8 50a8 6109 60e9 50a7 58c8 58c8 6109 60e8 50a8 50a8 50a8 50a8 50a8 5909 696b 718b 698b 69ab 50c8 58c9 612a 71cc 7a0c 694a 5088 50a8 50a8 4868 50c9 71ac 7a2d 71ac 6109 58e9 6129 79ed 58e9 590a 614a 69cc 71ed 614c 71ad 8ad0 9bf4 8ab1 696b 718c 6149 720c 79ed 60a7 58a7 50a7 50a8 5087 50a7 58a7 50a7 5086 4866 4866 4846 5066 5887 60c7 60c7 7928 8968 8988 99a8 aa08 b229 b209 b228 b228 99a7 78e6 5866 4866 5887 68c6 8968 a1c8 b209 ba49 c269 caaa caaa d2eb d2ca d2eb d2eb d2ea db0b db2b db2b db2b db2b db2b db4c db2b db2b db2c db4c db2c db2c db2c db4c db4c db4c db4c db6c e34c db6c db4c db4c db4c db6c db6c db6c db4c db4c db4c e34c db4c db2b db4c db4c db2c db4c db6c db2b db2b db2b db2b db4b db6c db6c db6c db8c dbad dbac dbac dbad dbee dbee dbee dc0e dc4f dc4f dc4f dc4f e48f e490 e490 dc90 dcd0 e4d1 e512 e532 e573 e574 e594 e5b4 e5d5 e5d5 e5f5 edf6 ee16 ee16 ee37 ee37 ee37 ee57 ee57 ee57 ee57 f677 f677 f676 ddb5 a28b 89a8 89e9 920a 922a 9a4a a26a a28a 9a6a 9a6a a26a 9a4a 922a 924a 924a 920a 922a 8a0a 81c9 81a9 81a9 8189 81a9 81a9 81a9 8989 99e9 baeb d46e edb0 f632 f652 f652 f611 ed8e e4cc d3eb c32a aa69 91c8 8148 7107 68c7 68a7 70e8 7128 7948 8168 7928 7927 7908 8148 89a9 91ca 9a4b 9a6b 9a8c 9a4b 922b 89c9 8189 7989 7948 8169 8189 8189 89ca 920b 9a6c 9aad a2cd 9a8c 926c 924c 8a0b 8a2b 81ea 81a9 7969 6928 7108 7148 7169 6928 68e8 
68e7 7989 8a0a 926c 9acd 9aed 9acd 9aee 9b4f ac11 bcd3 bcf4 c534 c534 c533 bcf2 b470 a36e 926b 89e9 9a09 ba69 d32b dbac e42d e48e e4ce e4af e4cf ecef ecef ecef ed0f ed2f ed0f ecef ecad e46d d38c 91aa 9a6c a2ad 928d 716a 4887 4887 50a8 5088 50a8 58e9 58a8 6109 58c8 50a8 6129 58e8 50a8 58c8 58e8 6128 6949 58e9 5087 5067 50a8 50a8 58e9 71ac 716a 7a4e 71cc 50e9 58e9 614a 720c 7a2d 79cc 6109 4887 50a8 50a8 50a8 69ab 79ec 6129 6109 58e9 58c9 71ec 720e 58e9 612a 612b 614b 71ad 698d 79ee 9b92 9bd4 7a2d 71ad 58a8 614a 71ec 6109 5087 4866 5087 5087 58a7 58a7 5066 5066 4866 5087 4866 5066 5866 60a6 7107 8168 9187 91a8 a1c8 a1a8 99a8 8988 7906 70c6 5886 5887 60a7 7128 8968 a1c8 b209 ba29 c26a c28a ca8a caca d2aa d2ca d2ea d2eb d2ea d30b db0b db0b db2b db0b db2b db2b db2c db0b db2c db4c db4c db4c db4c db2c db2c db4c db4c e34c db6c db4c db6c e36c db8c db6c db6d db8c db6d e36c db6c db6c db6c db6c db6c db4c db4c db4c db4c db4c db2b db4b db4b db4b db2b db4c db6c db6c db8c dbad dbad dbad dbac dbcd dbee dbed dc0e dc2e dc2e dc4f dc4f dc6f e490 e470 e490 dcd0 e4f1 e4f1 e512 e552 e553 e574 e594 e5b4 e5d5 e5d5 edf5 ee16 ee16 ee36 ee37 ee37 ee57 ee57 ee57 ee57 f678 f677 f676 e635 bbaf 89a8 89c8 9209 922a 924a 9a4a 9a6a 9a4a 9a6a 9a8b 9a4a 924a 9a2a 924a 922b 924a 922a 89e9 89ca 81ca 89ea 89ea 9209 91e9 91c9 99e9 c30b d46e ed90 f612 f652 f611 edaf e4ad cb8a aa89 99c8 8968 7928 7907 70e7 70c7 7107 7948 7948 7968 8168 7928 8148 8168 91c9 920a 9a4b 9a8c 9a6b 924b 920a 8a0a 8189 7948 7948 7948 7948 81a9 89c9 8a0b 922b 9a8c a2cd a2ad 9a8c 926c 926c 8a2b 8a0b 81c9 7968 7128 6907 7128 7148 7169 7149 6908 
58a7 6928 81c9 8a2b 926c 926c 8a6c 8a8d 930e a3d0 b492 bcf3 bd34 c554 c554 bd13 b471 a38e 926b 89e9 a229 ba69 d30b dbac dc0d e46e e4ae eccf ecef ecef ecef ed0f ed0f ed2f ed0f ecef ecad ec6d d3cd 99eb 91eb 926c 8a4d 60e8 4887 4887 50a7 50a8 50c8 58e9 58c8 58e8 58a8 58c8 694a 60e8 50a8 50a8 50a8 58e8 718b 614a 50c8 5088 50c8 50a8 58e9 79cc 694a 7aaf 79ec 50c9 50c9 694b 71ed 826f 7a0d 79ed 58c9 50a8 58a8 5088 5909 822d 696b 4887 50a8 58ea 616a 8b31 71ee 58e9 610b 58ea 69ac 71ce 7a0f 8af1 a414 9372 7a2e 58e9 614a 5909 614a 50a7 4867 5067 50a7 58a7 5087 5087 5087 5066 58a7 5087 5886 60a6 68e6 7907 8127 8147 7907 70e7 68a7 58a6 58a7 5087 60c7 70e7 8948 9968 a9c8 b209 b209 ba49 c28a caab caaa caaa caaa d2ca cb0b d30b d2eb d2eb d2eb d30b db2b db2b db0b db2b db2c db2c db2c db2b db4c db4b db4c db2b db2c db2c db4c db6c db4c db4c db6c db6c db6c db6c db8d db8c db8c db8c db8c db6d db6c db6c db4c db6c db6c db4c db4c db4c db2c db4c db4c db4c db4c db4c db4b db4b db8d db6c db8c db8c dbad dbad dbcd dbce dbee dbee dc0e dc2f dc2f dc2f e46f e48f e490 e4b0 e4d0 e4d1 e4f1 e512 e532 e553 e573 e594 e594 e5d5 e5d5 e5f5 ee16 ee16 ee36 ee37 ee37 ee57 ee57 ee57 ee57 ee77 f677 f676 ee75 ccf2 920a 81a8 89e9 9229 922a 924a 9a4a 926a 9a6a 9a6a 9a8b 9a4a 9a4a 9a6b 926b 926b 924b 8a0a 8a2a 922b 922a 9a4b 9a2a 9a2a 99ea 9a0a baab d3ed e50f ed90 edb0 e56e dc6c c34a a209 89c9 8989 81a9 7968 7928 7928 7948 8148 8168 8168 8148 8148 8168 8989 91ca 9a2b 9aac a28c a28c 924b 920a 81a9 81a9 7989 7948 7128 7128 7948 89a9 920a 922b 9a6c a2cd 9aad 9aac 9a8c 926c 8a4b 8a2b 81ea 7968 6928 6908 7148 7948 7148 7148 6928 60e8 
5886 60e7 7168 79a9 820a 820b 824c 8a6c 930e 9bb0 ac72 bcf3 c534 c554 c533 bd12 b491 a3af 92ac 91e9 9a09 ba69 cb0a dbac dc0d e46e e4ae eccf eccf ecef ed0f ed0f ed0e ed2f ed2e ecef ecae ec6d dbed aa4b 816a 81cb 79aa 58a8 50a8 50a8 5087 50a8 50a8 58e8 58c8 58e8 50a8 58c8 694a 6109 58a8 58a8 58c8 58c8 71cc 612a 4887 50c8 50c8 50a8 5909 716b 6129 7a6e 718b 50a8 4888 698c 79ed 8ad0 8ab0 8a8f 79cc 58e9 50c9 50c9 50a8 71ab 824e 50c8 48c8 50e9 590a 69eb 8b32 698c 614b 590a 612b 71cd 82b1 8ad2 9352 a475 9b73 71ac 5909 50a7 614a 5087 4866 5087 50a7 50a7 5087 50a7 58a7 5087 5886 5886 5886 6086 6086 5886 5886 58a7 58a7 58a7 60a7 6907 7128 8168 99a9 a1c9 aa0a b22a ba4a c269 c28a caaa caaa cacb cacb cacb cacb d2ca d2eb d2ca d2ea d2eb d2eb d30b d30c d32c d30b db2c db2b db2c db2b db2b db4c db4b db2c db2c db2c db2c db4c db4c db4c db4c db6c db6c db6c db6c db8d db6d db8c db8d db8d db8d db6c db6d db4c db6c db6c db6c db4c db4c db2c db4c db6c db6c db6b db6c db4b db6c db6c db6c db8c db8c dbad dbad dbcd dbcd dbee dbee dc0e dc0e dc2f dc2f dc4f e46f e490 e4b0 e4f1 e4f1 e4f1 e512 e512 e552 e553 e573 e594 e594 e5d5 e5d5 e5f6 e616 ee16 ee37 ee37 ee37 ee57 ee57 ee57 ee77 f677 f676 ee75 e5d4 a2cc 8188 89c9 89e9 9209 922a 924a 924a 926a 9a8a 9a8b 9a6b 9a6b 9a8b 9a6b 924b 924b 924b 924b 9a6b 9a8b a28b a26b a26a a22a a22a b26a cb4b d42d dc6c d44d cbcb b2a9 99e9 89a9 8188 8188 8188 8168 8168 8968 8988 8968 8988 8168 8148 8148 8989 91ca 9a2b 9a6c 9aac 9aac 9a2a 89e9 81a9 8168 7968 7968 7128 7128 7148 8189 920a 9a6c 9a8c a2ad a2ed 9acd 9acd 9a8c 926c 924c 89ea 7989 7148 7128 6928 6928 7128 7128 6928 60e8 60a7 
50a7 58c7 6108 6948 79ca 81ea 820b 822c 92ce 9b6f ac51 b4d3 bd13 c534 c533 bcf3 b491 a3cf 9b0d 922a a22a ba8a caea db8c dc0d e46e e4ae eccf ecef ecef ed0f ed0f ed0f f530 ed2f ecef ec8e ec6d dc0d b2ac 7128 718a 6929 5087 50c8 50a8 5087 50a8 50a7 58a7 50a8 58c8 58c8 6109 6129 6109 58e9 58c8 58e9 58c8 720d 694b 4887 58c8 58a8 50c9 5909 692b 614a 7a8f 694a 5088 5089 612b 820f 82b0 8af1 8aaf 824f 612a 50a9 48a8 610b 696b 828e 720e 50a8 4047 50c9 612b 71ec 828f 69ac 614b 610b 696c 8af1 8ad1 8b12 82cf 9331 8ad0 7a0e 58e9 5909 5087 4887 50a7 50a7 5087 5087 58a7 5086 5887 5066 5886 5866 5866 5886 58a6 68c7 70c7 7927 8967 9167 9988 99a8 a9c8 b209 b209 ba49 c26a ca8a caaa caaa caaa caaa d2ca cacb d2eb d2eb d2ea d2eb d2ea d2ea d2ea d2ea d2eb d30b d30b d2ea db2b db0b db2c db2b db2b db2b db2b db0b db2b db4c db4c db4c db4c db4c db4c db4c db6c db6d db6c db6c db8d db8d db8d e38d db8d db6d db6d db6c db6c db6c db6c db6c db6c db4c db4c db4c db6c db6b db6c db4b db6c db6c db6c db6c db8c dbad dbcd dbcd dbcd dbce dbee dc0e dc2f dc2f dc2e dc4f e46f e46f dc90 e4d0 e4f1 dcf1 e512 e532 e552 e553 e573 e593 e594 e5b4 e5d5 e5d5 e5f6 ee16 ee16 ee36 ee57 ee57 ee57 ee57 ee57 ee77 ee77 f676 ee55 bc10 8188 81c9 81c9 89e9 8a2a 922a 924a 924a 9a6a 9a8b 9a8b 9aab 9aab 9a8c 926b 9a6b 926b 9a8b 9aac a2ab aacb aaab aa8a aa6a aa6a b26a b2aa baeb bb0b b2cb aa6a 99e9 89c9 89a9 8988 8989 8988 91c9 91a9 91a9 91a8 9188 8968 8148 8148 8989 89c9 922b 9a4b 9a6c 9a6b 924b 89e9 81a8 7968 7948 7927 7108 7107 7128 7989 89ea 9a6b 9a8c 9aac a2cd a2ed a2ed 9acd 928c 926c 8a2c 81ca 7968 7148 6928 6928 6907 6907 6908 60e7 60c7 58a7 
58c7 60e7 60e7 60e7 7149 79aa 79ea 79eb 8a6d 9b2f a411 b4b3 bd13 c534 c534 bd13 b491 a3cf a34d 9a6a a24a b28a caea db6b dc0d e46e ecaf ecce ecef ecef ed0f ed0f ed0f f50f ed0f ecef ec8e ec4d dc0d baab 7108 716a 6129 50a8 58c8 50a8 50a8 5909 5909 58c8 5087 50a8 58c8 6129 694a 6109 612a 58c9 610a 58c9 71ec 71ed 5087 50c8 5088 50a8 5909 694a 71ec 7a2d 58e9 5088 4888 58ea 79ed 8290 824f 9311 8af1 696b 4888 4868 50e9 71cd 824d 9311 698b 4047 4888 592a 698c 71eb 82b0 694b 696c 612b 7a6f 8ab0 8b11 7a50 69ac 828f 82af 69ab 58e8 50a8 48a7 50c8 5108 50c8 50a8 5066 5066 5066 5066 5887 60a6 70c7 7907 8148 8967 9968 99a8 a1c8 a9e8 a9e8 b209 ba49 c26a c26a c28a caaa caaa caaa caaa caaa caaa caca d2ca d2eb d2eb d2eb caca d2ea d2ea d2ca d2ca d2cb d30b d32b d30b db0b db0b db2b db2b db0b db0b db0b db2b db4c db6c db4c db4c db4c e34c e34c db4c db4c db4c db6d db6d db8d e36d db8d db8c db6d db4c db8d db8d db6c db8c db6c db8c db8c db4c db4c db6c db6b db4b db4c db4c db6c db6c db6c db6c db8c dbad dbac dbad dbad dbcd dbee dbee dc0e dbee dc0e dc4f dc4f e470 dc90 dc90 dcd1 e4f1 e511 e511 e532 e553 e573 e573 e594 e594 e5b5 e5d5 e5d5 e5f5 edf6 ee16 ee36 ee57 ee57 ee57 ee57 ee57 ee57 f676 ee55 d513 9209 8189 81a9 81e9 8a09 8a2a 924a 924a 924b 9a8b 9a8b 9aab 9acb 9aac 9a8b 9a8c 9aac a2ac a2cc aacb aacb b2aa b2aa b28a b28a b26a aa6a aa6a aa6a a24a 9a2a 91ea 91c9 91e9 9209 99ea 9a09 9a2a 99e9 91c9 91c9 8968 8968 8168 8969 89a9 920a 9a4b 9a6c 924b 8a0a 89e9 81ca 8189 8188 8168 7128 7128 7108 7969 89ca 924b 9a8c a2ad 9acd a2ee a30e 9acd 92ad 928c 8a6c 81eb 7989 7968 7128 6908 68e7 6908 6908 6908 60c7 60e7 60c8 
58e7 6108 6108 6108 6928 7169 71aa 71ab 822c 930e ac11 b4d3 c534 cd74 cd95 c554 bcf2 ac30 a36e 9aab a24a b28a cb0a db8b e40d e46e ecaf ecce ecef ecef ecef ed0f ed10 f52f ed0f ecef ecae e46d cbac 9a2a 7109 6949 6929 5929 58e9 50a8 50a7 58c8 50a7 58c8 5087 50c8 58c8 6109 6129 58e9 6109 58e9 6109 58e9 6129 7a0d 610a 50c8 4888 50a8 50a8 694a 7a4e 698b 50a8 4888 4868 50c9 79ed 8ab1 698c 828f 9352 826f 50c9 4868 4068 614b 8a6f 9310 8aaf 58c9 4067 4067 58e9 71ac 828e 824f 58e9 590a 698c 8290 8ad1 9312 7a6f 720d 71cb 698a 58e8 4867 4867 5086 5108 5086 5066 5066 58a6 5886 6086 68a6 70c6 80e6 9147 9988 99a8 a1c8 aa09 b249 ba49 ba49 c249 c269 c26a c28a c2ab caaa caca caaa cacb d2ca d2cb d2ca d2eb d2ea d2ea d2ea d2eb d2ea d2ca d2ca d2ca d30b db0b db0b db0b db2c db2b db2b db0b db0b db0b db0b db2b db4d db4c db4c db4b db2b db4c db4c db4c db4c db6c db4c db6c db8d db6c db8d db6c db8d db6c db8d db8c db8d db6c db6c db8d dbad db6c db6c db6c db6c db8c db6c db4c db6c db8d db6c db8c db8c dbac dbad dbad dbad dbad dbed dbee dc0e dbee dc2e dc2f dc4f e46f dc6f e490 e4b0 e4b0 dcd1 dd11 e512 e512 e553 e573 e573 e574 e5b4 e5b5 e5b5 e5f5 edf6 ee16 ee36 ee57 ee57 ee57 ee57 ee57 ee57 ee76 ee76 ddd4 a2ec 8168 8188 81e9 8a09 8a0a 924a 924a 926b 9a8b 9aab 9aab 9aac 9aac 9acc a2cc a2cc a2cc aaec aaeb b2ca b2aa b28a b28a b28a ba8a aa6a aa4a aa4a a22a 9a2a 9a0a 99ea 9a0a a24a aa4a aa4a aa2a a1e9 99c9 91c9 8968 8989 89a9 91a9 91ea 9a2b 924b 89ea 89ea 81c9 8189 7968 8188 8188 7968 7948 7968 7948 81a9 922b 9a8c a2cd a2cd a30e a30e 9aee 9aac 928c 8a6b 8a2a 79a9 7948 6908 6908 6907 68e7 68e7 68c7 60c7 60c7 60c7 60a7 
58c7 60e7 6108 6108 6108 6929 6929 696a 79cb 92ee ac31 c534 d5d5 ddf6 ddf6 d5d5 d5b4 c4f2 abef 9acc a26a b2ab cb0a db8c e40d e46e ecae eccf ecef ecef ed10 ed0f ed30 f52f f530 ecef e4ae d3cc a26a 7949 60c8 6109 6109 58e8 58e9 50a7 50c8 5909 50a7 50a8 50a8 58c9 58c8 6129 6109 58e9 58e9 60e9 6129 612a 58c9 69ab 71ed 58c9 5087 50a8 5088 698b 8af1 718c 50c9 4888 5089 50a9 7a0e 8ad1 718d 696b 9372 9372 71ed 50e9 48a9 50c9 7a4e 8aaf 8af0 718a 58e9 4047 4867 694b 79cc 8af0 7a2e 50c9 50c9 698c 7a2e 828f 8ad0 71cd 58e9 58c8 58e9 4887 5087 5067 50a7 50a7 58a7 5886 6086 68a6 6886 70c6 8127 9167 a1a8 a9c8 b1e8 b229 ba49 c269 c269 c289 c269 c269 c289 ca8a caaa caca caca caca d2cb d2ca d2cb d2ea d2eb d2ca d2eb d2ea d2ea d2ea d2ea d2ca d2ea d30b db0b d2eb db0b db2b db0b db2b db0a db2b db2b db2b db2b db4c db2c db2b db0b db2b db4c db4c db4c db4c db4c db4c db6c e36d e36c db6d db8d db6d db6c db8d db8d db8d db8d db6c db8d dbad db8c db6c db8c db6c db6c db8c db6c db8c db8d db8c db8d dbac dbac dbac dbad dbcd dbcd dbcd dbee dbee dc0e dc0f dc4f dc4f e44f e46f e490 e4b0 dcb0 dcf1 e512 e511 e512 dd32 e553 e553 dd73 e594 e5b5 e5d5 e5d5 e5f6 e5f6 ee16 ee36 ee37 ee37 ee37 ee37 ee57 ee57 f656 e635 bc10 8168 7968 81c9 81e9 8a0a 924a 926a 9a6b 9a8a 9aab 9aab 9aac 9acc a2cc a30c ab0c aaec aaeb b2eb b2aa baaa b28a b2aa b28a b28a b26a aa6a aa4a aa2a aa29 a20a aa0a aa4a b26a b28a b24a aa2a a1e9 99c9 91a9 8989 91c9 91ea 920a 922b 922b 8a0b 81c9 8189 7968 7148 7948 7968 7948 7988 7948 7989 81a9 922b 9a6c a2cc a2ed a34e a32e a2ed 9aad 926c 8a4b 8a0a 81ca 7169 7128 6908 60e7 68e7 68e7 60e7 60c7 60c7 60c6 60c7 68a6 
58c7 58e7 6108 58c7 58c8 6128 6129 6929 71ab 930e b451 cd95 ddf6 e616 de16 de15 ddf5 d593 bcb1 a30c a28b b2aa cb0a db8b e40d e46e ecae eccf ecef ecef ed0f ecef ed0f f52f f50f ecef e48f cbce a2ad 89ec 7109 6109 58e9 50a8 58e8 58e9 50a7 58e8 50a7 50a8 50a8 58c9 58e9 6109 60e9 58e9 60e9 6109 6129 614a 58a9 5909 720c 696b 4867 5088 50a9 7a2d 9372 718c 50a8 50a9 50a9 58c9 824f 8af1 71ad 690b 82b0 9bd3 9332 698b 50a8 4888 592a 7a0d 8ad0 696b 694a 50a8 4047 58c8 798c 71eb 8b10 71ed 4888 58c9 718c 71cd 8ad0 8290 698d 590a 696a 50a7 4887 5046 5087 5087 58a7 60a6 68a6 70c6 78c6 8946 9987 a1c7 a9e8 b208 ba28 ba49 c269 c269 ca69 ca89 c289 ca69 c289 ca89 caaa caca caaa caca d2ca d2ca d2ca d2ca d2ca d2aa d2ea d2ea d2ea d2ea db0b d2eb d2eb daea daeb d2eb daea db0a db0b db0b db2b db2b db2b db2b db2b db0b db2b db2b db2b db4c db4c db2b db4c db4c db4c db4c db6c db6d db6d db6c db6d db8d db8d db8d dbad db8d db8d db8d dbad db8d db8d db8d db8d db6c db8c dbad db8d db8d dbad db8c db8d dbad dbad dbac dbad dbcd dbcd dbcd dbcd dbed dc0e dc0e dc2e dc4f e46f e470 dcb0 dcb0 dcb0 dcd1 e4f1 e511 e511 e512 e553 e553 dd73 e594 e5b4 e5d5 e5d5 e5f5 e5f6 ee16 ee16 ee16 ee37 ee37 ee37 e657 ee57 ee77 ee56 d533 8a0a 7969 81a8 81c9 89e9 8a2a 8a4a 8a4a 928a 9aac 9a8b 9aab 9acc a2ec aaec ab0c aaec b2eb b2cb b2ca baaa ba8a ba8a b2aa b28a b26a b26a b24a b24a aa4a aa4a b26a ba8a baaa ba8a b26a aa4a a209 99ea 91c9 91c9 920b 922b 922b 922b 8a2b 81ca 81a9 7968 7948 7948 7968 7948 7968 7989 7969 89ca 920a 9a6b a2cd ab0d ab0e a30e a2ee 9aad 92ad 8a4b 8a0a 81ca 7989 6948 6908 60e7 60e7 6907 68e7 60c7 60c7 60c7 60e7 70e7 8148 
58c7 58c7 58c7 58c7 58c7 6108 6108 6109 71ab 9b2f c4b2 d5d5 ddf5 e616 e616 de16 ddf5 d5b3 cd31 b3ad a26a b2aa cb0b d38b e40d e46d ecae ecee ecee eccf ecef ecef ed0f ed0f ed0f ecef ecae dc0e bb2e aacd 818a 6109 58c8 50a8 58e8 6108 50a8 58e9 50c8 50c8 58e9 5929 6129 60e9 60e9 60e9 60e9 692a 692a 694a 610a 50a8 6169 720d 58a8 5089 50c9 8af0 8b10 716b 58a9 50a9 50a9 60ea 828f 8b11 718c 714d 79cd 8b10 9bd3 7a2e 50a8 4868 5088 614a 828e 7a2f 5909 612a 58e9 50a8 714a 79ab 71ab 826e 694b 5088 718c 696c 826f 8290 71ee 828f 826f 58e8 4887 4826 4846 5066 5866 6886 70c6 8106 8947 9987 a1a7 a9e8 b208 b229 ba28 ba48 c269 c248 ca69 ca89 caa9 ca89 ca89 ca89 caa9 caca d2ca d2ea d2ca caca caca d2ca d2ca d2ca d2ca d2eb d2eb d2eb db0b db0b d2eb daea daea d2ea daea db0a db0b db0b db2b db2b db2b db2b db0b db2b db4c db4b db2b db4c db2c db4c db2b db4c db4c db4c db6d db6c db6d db6c db8d db6c db6d db8d e38d db8d db8d db8c db8c db8d e38c dbad dbad db6c e3ad dbad db8d db8d db8d db8c db8c dbad dbcd dbad dbcd dbee dbed dbcd dbcd dbed dc0e e42e dc4e e46f e46f dc90 dc90 dc6f dcb0 e4d1 e4f1 e4f1 dd11 e512 e553 e553 e573 e573 e5b4 e5b5 e5d5 e5f6 e5f6 e616 ee16 ee16 ee36 ee37 ee57 ee57 ee57 ee57 ee76 e5f5 ab0d 7969 7989 81c9 8a09 8a4a 8a6a 924a 926b 926b 926b 9aac 9acb a2ec aaeb aaec b2eb b2cb baeb bacb baca baaa ba8a ba8a ba8a b26a b26a ba69 ba6a ba8a baaa c2ca c2ca c2ca ba8a b26a aa2a a1e9 99ea 99ea 9a0a 9a4b 922b 8a2b 89ea 820b 81ca 81c9 81a9 7989 7988 81a9 7968 8168 81a9 89c9 922b a28c aaed ab0e ab2e ab2e a30d 9acd 928c 926c 820b 81ca 7969 6928 6108 60c7 60c6 60c7 68e7 6907 6128 68c7 6907 7948 8148 91a9 
58c7 58c7 58c7 58c7 58c7 6108 60e8 60e9 718a 9b0e c4f2 ddd5 ddf5 de16 de16 de15 ddd4 ddb3 cd52 bbee a28b b2ab cb0b db8c dc0d e44e ecae ecef ecee ecee ecef ecef ed0f ed0f ed0f eccf e4ae d3ad b2cd 9a6c 798a 60c8 58c8 50a8 50a8 58c7 5087 58e8 58c8 50e8 58e9 58e8 6129 60e8 690a 6109 690a 798b 718b 718b 718b 58e9 58e9 696a 694b 58c9 592a 9372 7a2d 716b 60c9 58a9 58ca 692a 8a6e 8af1 612a 694b 79ad 71ac 93b2 9372 718c 5088 5089 612b 8ad0 8af0 71ac 58c9 612a 6109 6109 79cb 71ab 696a 698b 58a8 590a 696c 7a0d 8ab0 71ad 7a4f 9351 82af 614a 5046 5046 5846 6866 70a6 80e6 8927 9967 a1a7 a9a7 b1e8 b228 ba28 ba28 c249 c269 c269 ca69 ca89 caaa ca89 caaa caaa caaa caa9 d2ca d2ea d2ca caca caca d2ca d2ea d2ea d2ea d30a d2ea d2eb daea db0b db0a daea daea daea db2b db0b db2c db2b db2c db0b db0b daeb db0b db2b db4c db4b db2c db2c db4c db4c db2c db2c e34c db6c db6c e36c e36c db8d db8d db8c db8d db6c db6c db8c e38c e36c db8d db8c e38c e3cd dbad dbad e3ad dbad dbad dbad db8c db8c db8c dbad dbcd dbad e3cd e3ed dbed dbee dbcd dbee dc0e e42e dc2f e46f e46f dc4f dc4f dc6f e490 dcb0 dcf1 dcd0 dcf1 e532 e553 e553 e553 e593 e594 e5b4 e5d5 e5d5 e5f5 e5f6 ee16 ee16 ee36 ee36 ee36 ee37 ee57 ee57 ee56 e655 bc30 81a9 7989 81c9 81e9 89e9 8a29 9229 926b 924b 928b 9a8b 9acc a2cc aaeb aaeb b2cb b2cb baeb c2eb c2eb c2ca ba8a baaa ba8a ba8a baaa c2aa c28a c2aa caea caea caea c2ca ba8a b24a a22a 99e9 9a0a 99ea 9a2a 922b 89eb 81ea 81ca 81aa 81ca 81ca 81ca 81ca 81a9 8189 8168 81a9 89c9 922b a2ad aaed ab2e ab4e ab2e ab2e 9aed 9aac 926c 8a0b 79ca 7168 6907 60e7 60c7 58a6 58a7 60c7 60c7 60e7 6928 7127 8168 91c9 99c8 99c9 
50a7 58c7 58c7 58a7 58c7 60e8 58c8 58e9 696a 92ae c4b2 ddd5 ddd6 ddf6 ddf6 ddf5 ddd5 d593 cd52 bbee a26a b2ab cb0b db8c dc2d e44e ecae ecef ecef ecef ecef ecef ed0f ed10 ed0f ecee e4ae cb6c 9a0b 89eb 7149 60e8 6129 58a8 5087 5067 50a7 6109 58e8 48a7 6129 6109 612a 6109 692a 6109 692a 798b 714a 718a 718b 6109 58c9 60e9 718c 694b 722d 9bf4 716a 6109 610a 58a9 690a 690a 8a8f 8b11 612a 58e9 79cd 718c 720d 8acf 8b11 696c 50a9 610a 8b10 9330 7a0d 50a8 5088 50a8 60e9 716a 79cb 716b 6129 610a 50a8 58c9 60e9 71ed 71ee 696c 7a2d 9310 8aaf 71ab 60e8 68a7 78e7 8947 9147 9988 a167 a1a7 a9c8 b208 ba29 ba28 c248 c269 ca69 c28a ca69 ca89 caaa ca89 caca caaa caca caca d2ca d2ca d2ca caca d2ca d2ea d2ca d2ea d2ea d2ea d2ea d2ea d2ea d2eb d2ea daea daeb daea db0b db0b db0b db2b db2b db2b db2b daeb daea db0b db0b db2b db2c db2c db4c db2c db4c db4c db4c db6c db6c e36c e38c e36c db6c db8c db8d db6c db6c db8d db8d db8d db8d db8d e38c e3ad dbad dbad e38c db8d dbac dbad dbcd dbac db8c dbad dbcd dbad dbad dbcd dbee dbee dbed e3ed e40e e40e e42f dc4f e46f dc70 dc70 dc6f dc90 dc90 dcb1 dcd1 dcd1 dd11 e532 e552 e573 e593 e594 e594 e5b4 e5b5 e5d5 e5f5 edf6 ee16 e616 ee17 ee37 ee37 ee37 ee57 ee56 ee76 d533 9a6c 81cb 81ea 81e9 8a09 8a29 89e9 8a09 8a0a 926a 9aab 9aab a2cb a2cb aaab b2eb bb0b cb0b cb0b c2ea c2ca c2ca c2aa c2aa c2aa c2ca caeb cb0b d32b d32a cb0a caca c2aa b26a aa09 99e9 99e9 91ea 91c9 89ca 81aa 79aa 798a 8189 81ca 89ea 89ea 89ea 81ca 81c9 81a9 8189 89ea 9a2a 9a6c a2cd ab2d ab4e ab4e ab4e a32e 9aed 926c 820a 79a9 7168 6907 60c7 58c7 58a6 58a6 58a7 60c7 60c7 6908 7148 8189 91c9 a209 aa09 a9e9 
50a7 58c7 58c7 58a7 58c7 6108 58a7 58c8 6109 8a6d bc71 d5d5 ddf5 ddf6 ddf5 ddf5 ddd5 d5b3 cd31 b38d a28b b2cb cb2b db8c e42d e44d ec6e eccf ed10 ed0f ed0f ed0f ed0f ed10 ed0f ecef e4cf cbad 89ca 8a0c 6929 60e9 6109 5087 5087 5067 58c8 6949 58e8 4867 6129 58c8 610a 694a 718b 6909 6929 716a 6929 716a 718b 694a 58e9 610a 7a0e 79ed 8b31 9391 612a 60e8 696b 58a8 60ea 690a 826e 8af0 612b 5088 718c 718c 694c 71ab 9373 8ad1 694c 58e9 8af0 9330 71cb 4887 50c8 50a9 50a8 60e9 694a 71ab 696a 616a 58a8 50c8 58c9 69ab 8290 60c9 6109 824e 79eb 8a6d 81ac 70c6 8948 9188 9187 9987 a1a8 a1a8 a9c8 b208 ba28 ba29 c249 c249 c269 ca8a ca8a caaa caaa caa9 caca d2c9 d2aa d2ca d2ea d2eb d2eb caca d2ea d2ca d2ea d2ca d2ca d2ea d2ca d2eb d30b db0b d30b db0b daea daea daea daea db0b db2b db2c db2b db0b db0b daea db0b db0b db0b db2b db2c e32c db2c db4c db4c e34c db4c db6c e36c e36c e38d db6c db6c db6d db6c e36c e38d e38d db8c e38d db8c e38c e3ad dbad dbcd e3cd dbad dbad dbad dbcd dbad e3cd dbcd dbcd dbce dbcd dbce dc0e dc2e dbed e40e e40e dc0e dc2f dc2f dc70 dc70 dc70 dc6f dc90 dc91 e4b1 e4b1 e4d1 dcf1 e532 e552 e553 e594 e594 e594 e5b4 e5b4 e5d5 e5d5 edf6 edf6 ee16 ee17 ee37 ee37 ee37 ee57 ee56 ee76 e595 bb0f 9a6f 924d 8a2b 8a0a 8a2a 8a09 8a0a 924a 9249 9a8b 9a8b 9a8b a2ab b30c bb0b c32b cb4b cb2a cb0b caea c2ca caea caea c2ca c2eb cb2b d34b db4b d34a cb0b caca baaa b249 a1e9 99e9 99e9 91c9 89a9 8168 7989 7189 7969 81aa 89eb 8a0b 8a0b 8a0a 89ea 81ca 81a9 89ca 920a 9a2a a2ac ab0d b32d ab4e ab4f ab2e a30e 9acd 8a4b 79c9 7128 6908 6108 58c7 58a7 5866 5886 58a7 60c7 6908 7169 79a9 91ea 9a0a aa2a b229 b229