5c35 5c35 5c35 5c36 5c36 5c36 5c36 5c36 6436 6436 6436 6436 6436 6436 6476 6476 6476 6476 6477 6477 6477 6477 6477 6477 6477 6477 6cb7 6cb7 6cb7 6cb7 6cb7 6cb8 6cb8 6cb8 6cb8 6cb8 6cb8 6cf8 6cf8 6cf8 6cf8 6cf8 6cf8 74f8 74f8 74f8 74f9 74f9 74f9 74f9 74f9 74f9 7539 7539 7539 7539 7d39 7d39 7d39 7d39 7d39 7d39 7d3a 7d3a 7d3a 7d3a 7d3a 7d7a 7d7a 857a 857a 857a 857a 857a 857a 857a 857a 857a 857a 857a 857a 857a 85ba 85ba 85ba 85ba 8dbb 8dbb 8dba 8dba 8dba 8dbb 8dbb 8dbb 8dbb 8dbb 8dbb 8dbb 8dbb 8dbb 8dfb 8dfb 8dfb 8dfb 95fb 95fb 95fb 95fb 95fb 95fb 95fc 95fc 95fc 95fc 95fc 95fc 95fc 95fc 95fc 95fc 9dfc 9dfc 9e3c 9e3c 9e3c 9e3c 9e3c 9e3c 9e3c 9e3c 9e3c 9e3c 9e3c 9e3c 9e3c 9e3c a63d a63d a63d a67d a67d a67d a67d a67d a67d a67c a67c a67c a67c a67d a67d a67d a67d a67d a67d a67d a67d a67d ae7d ae7d ae7d ae7d ae7d ae7d ae7d ae7d ae7d aebd aebd aebd aebd aebd aebd aebd aebd aebd aebd aebd aebd aebd aebd aebd aebd aebd b6bd b6bd b6bd b6bd b6be b6be b6be b6be b6bd b6bd b6bd b6bd b6bd b6fe b6fe b6fe b6fe b6fe b6fe b6fe b6fe b6fe b6fe b6fe b6fe b6fe b6fe befe c6bd cefd 5b0e 3a09 39c8 39c8 39c8 31c7 39c8 39c8 39c8 39c8 39c8 39c7 3187 3187 3186 2986 2946 2946 3187 3187 3187 3186 3186 2946 2946 2946 2145 2105 2105 2105 2945 2946 3187 39c8 39c7 31c7 3187 3187 2986 2946 2946 2946 2946 2945 2145 2105 2104 2104 18c4 18c4 2104 1904 18c4 18c4 18c4 18c4 18c4 18c3 1083 1083 1083 10c3 18c3 18c4 18c4 18c4 18c4 18c4 18c4 18c4 18c4 18c4 18c4 18c3 18c3 18c3 18c3 18c3 18c3 18c3 1083 1083 1082 1082 1083 10c3 18c4 2105 2945 2946 2145 2105 18c4 1083 1082 0882 0882 1082 1082 1083 18c3 2104 2105 2105 2104 18c4 
5c35 5c35 5c35 5c36 5c36 5c36 5c36 5c36 6436 6436 6436 6436 6436 6476 6476 6476 6476 6476 6477 6477 6477 6477 6477 6477 6477 6477 6cb7 6cb7 6cb7 6cb7 6cb7 6cb8 6cb8 6cb8 6cb8 6cb8 6cb8 6cf8 6cf8 6cf8 6cf8 6cf8 6cf8 74f8 74f8 74f9 74f9 74f9 74f9 74f9 74f9 74f9 7539 7539 7539 7539 7d39 7d39 7d39 7d39 7d39 7d39 7d3a 7d3a 7d3a 7d3a 7d3a 7d7a 7d7a 857a 857a 857a 857a 857a 857a 857a 857a 857a 857a 857a 857a 857a 85ba 85ba 85ba 8dbb 8dbb 8dbb 8dba 8dba 8dbb 8dbb 8dbb 8dbb 8dbb 8dbb 8dbb 8dbb 8dbb 8dbb 8dfb 8dfb 8dfb 8dfb 95fb 95fb 95fb 95fb 95fb 95fb 95fc 95fc 95fc 95fc 95fc 95fc 95fc 95fc 95fc 9e3c 9dfc 9dfc 9e3c 9e3c 9e3c 9e3c 9e3c 9e3c 9e3c 9e3c 9e3c 9e3c 9e3c 9e3c 9e3c 9e3c a63d a63d a63d a67d a67d a67d a67d a67d a67d a67c a67c a67c a67c a67d a67d a67d a67d a67d a67d a67d a67d a67d ae7d ae7d ae7d ae7d ae7d ae7d ae7d ae7d aebd aebd aebd aebd aebd aebd aebd aebd aebd aebd aebd aebd aebd aebd aebd aebd aebd b6bd b6bd b6bd b6bd b6bd b6be b6be b6be b6be b6bd b6bd b6bd b6bd b6fe b6fe b6fe b6fe b6fe b6fe b6fe b6fe b6fe b6fe b6fe b6fe b6fe b6fe b6fe befd c6fd adf9 52cc 3a09 39c9 39c8 39c8 31c7 39c8 39c8 39c8 39c8 39c7 39c7 3187 3187 3186 3186 2986 2986 3186 3186 3186 2986 2946 2946 2946 2946 2946 2945 2105 2105 2105 2105 2105 2145 3186 3187 3187 3187 3187 3187 3186 2946 2946 2946 2946 2945 2145 2105 2105 2104 2105 2105 2105 2105 2104 18c4 18c3 1083 18c3 18c3 18c3 18c3 18c3 18c3 18c4 18c4 18c4 18c4 18c4 18c4 18c4 18c4 18c4 18c3 18c4 18c3 18c3 18c3 18c3 10c3 1083 1083 1082 1082 1083 1083 18c4 2104 2145 2945 2945 2105 2104 18c3 1083 1082 0842 0842 1082 1082 10c3 18c4 2105 2105 1904 18c4 
5c35 5c35 5c35 5c36 5c36 5c36 5c36 6436 5c36 6436 6436 6436 6436 6476 6476 6476 6476 6476 6477 6477 6477 6477 6477 6477 6477 64b7 6cb7 6cb7 6cb7 6cb7 6cb7 6cb8 6cb8 6cb8 6cb8 6cb8 6cf8 6cf8 6cf8 6cf8 6cf8 6cf8 6cf8 74f8 74f8 74f9 74f9 74f9 74f9 74f9 74f9 7539 7539 7539 7539 7539 7d39 7d39 7d39 7d39 7d39 7d3a 7d3a 7d3a 7d3a 7d3a 7d7a 7d7a 7d7a 857a 857a 857a 857a 857a 857a 857a 857a 857a 857a 857a 857a 85ba 85ba 85ba 85ba 8dbb 8dbb 8dbb 8dba 8dba 8dbb 8dbb 8dbb 8dbb 8dbb 8dbb 8dbb 8dbb 8dbb 8dbb 8dfb 8dfb 8dfb 8dfb 95fb 95fb 95fb 95fb 95fb 95fb 95fc 95fc 95fc 95fc 95fc 95fc 9e3c 9e3c 9e3c 9e3c 9dfc 9e3c 9e3c 9e3c 9e3c 9e3c 9e3c 9e3c 9e3c 9e3c 9e3c 9e3c 9e3c 9e3c 9e3c 9e3c a63d a63d a63d a67d a67d a67d a67d a67d a67d a67c a67c a67c a67c a67d a67d a67d a67d a67d a67d a67d a67d a67d ae7d ae7d ae7d ae7d ae7d ae7d ae7d ae7d aebd aebd aebd aebd aebd aebd aebd aebd aebd aebd aebd aebd aebd aebd aebd b6bd b6bd b6bd b6bd b6bd b6bd b6be b6be b6be b6be b6be b6bd b6bd b6bd b6bd b6fe b6fe b6fe b6fe b6fe b6fe b6fe b6fe b6fe b6fe b6fe b6fe b6fe b6fe befe b6bd cefe 84b4 424a 3a0a 3a09 39c8 39c8 31c7 39c8 39c8 39c8 39c8 39c7 39c7 3187 3187 3187 3187 3186 3186 2946 2946 2946 2986 2946 2946 2946 2946 2946 2946 2946 2945 2105 2105 2104 2104 2105 2145 2946 3186 3187 3187 3187 3187 3187 3187 3187 3186 2946 2946 2105 2105 2105 2105 2105 2105 2105 2105 1904 18c4 18c3 18c3 18c3 18c3 18c3 18c3 18c3 18c4 18c4 18c3 18c3 18c3 18c4 18c4 18c3 18c3 18c4 18c3 10c3 1083 1083 1083 1083 1083 1082 1082 1082 1083 18c3 18c4 2105 2945 2945 2945 2105 2104 18c4 1083 1082 0842 1082 1082 1083 18c4 2104 2104 18c4 18c3 
5c35 5c35 5c35 5c36 5c36 5c36 6436 6436 6436 6436 6436 6436 6436 6476 6476 6476 6476 6476 6477 6477 6477 6477 6477 6477 6477 64b7 6cb7 6cb7 6cb7 6cb7 6cb7 6cb8 6cb8 6cb8 6cb8 6cb8 6cf8 6cf8 6cf8 6cf8 6cf8 6cf8 74f8 74f8 74f8 74f9 74f9 74f9 74f9 74f9 74f9 7539 7539 7539 7539 7539 7d39 7d39 7d39 7d39 7d39 7d3a 7d3a 7d3a 7d3a 7d3a 7d7a 7d7a 7d7a 857a 857a 857a 857a 857a 857a 857a 857a 857a 857a 857a 85ba 85ba 85ba 85ba 85ba 8dbb 8dbb 8dbb 8dba 8dbb 8dbb 8dbb 8dbb 8dbb 8dbb 8dbb 8dbb 8dbb 8dbb 8dfb 8dfb 8dfb 8dfb 95fb 95fb 95fb 95fb 95fb 95fb 95fc 95fc 95fc 95fc 95fc 95fc 95fc 95fc 9e3c 9e3c 9e3c 9dfc 9e3c 9e3c 9e3c 9e3c 9e3c 9e3c 9e3c 9e3c 9e3c 9e3c 9e3c 9e3c 9e3c 9e3c 9e3c a63d a63d a63d a67d a67d a67d a67d a67d a67d a67c a67c a67c a67c a67d a67d a67d ae7d a67d a67d a67d a67d ae7d ae7d ae7d ae7d ae7d ae7d ae7d ae7d aebd aebd aebd aebd aebd aebd aebd aebd aebd aebd aebd aebd aebd aebd aebd b6bd b6bd b6bd b6bd b6bd b6bd b6bd b6be b6be b6be b6be b6be b6bd b6bd b6fe b6fe b6fe b6fe b6fe b6fe b6fe b6fe b6fe b6fe b6fe b6fe b6fe b6fe b6fe b6fe befe bebd c6fd 5b4f 3a09 420a 3a09 39c8 39c8 31c7 39c8 39c8 39c8 39c8 3987 31c7 3187 3187 3187 3187 3187 3187 3186 3186 3186 3186 2986 2986 2986 2986 2946 2946 2946 2946 2946 2945 2145 2105 2104 2104 2104 2105 2105 2945 2946 2946 3186 3186 3187 3187 3186 2986 2946 2946 2946 2945 2145 2105 2105 2105 2105 2105 18c3 18c3 18c3 18c3 18c3 18c4 18c4 18c4 18c3 18c3 18c3 18c3 18c3 18c4 18c3 18c3 18c4 18c3 18c3 10c3 10c3 10c3 1083 1083 1083 1082 1082 1082 1083 18c4 2104 2105 2945 2945 2945 2945 2105 18c4 10c3 1083 1083 1083 18c3 18c4 2104 1904 18c4 18c3 
5c35 5c35 5c36 5c36 5c36 6436 6436 6436 6436 6436 6436 6436 6476 6476 6476 6476 6476 6476 6477 6477 6477 6477 6477 6477 6477 64b7 6cb7 6cb7 6cb7 6cb7 6cb7 6cb8 6cb8 6cb8 6cb8 6cb8 6cf8 6cf8 6cf8 6cf8 6cf8 6cf8 74f8 74f8 74f9 74f9 74f9 74f9 74f9 74f9 7539 7539 7539 7539 7539 7539 7d39 7d39 7d39 7d39 7d39 7d3a 7d3a 7d7a 7d3a 7d3a 7d7a 7d7a 857a 857a 857a 857a 857a 857a 857a 857a 857a 857a 857a 857a 85ba 85ba 85ba 85ba 8dbb 8dbb 8dbb 8dbb 8dbb 8dbb 8dbb 8dbb 8dbb 8dbb 8dbb 8dfb 8dbb 8dbb 8dbb 8dfb 8dfb 8dfb 95fb 95fb 95fb 95fb 95fb 95fc 95fb 95fc 95fc 95fc 95fc 95fc 95fc 95fc 95fc 95fc 9e3c 9e3c 9e3c 9e3c 9e3c 9e3c 9e3c 9e3c 9e3c 9e3c 9e3c 9e3c 9e3c 9e3c 9e3c 9e3c 9e3c 9e3c a63d a63d a63d a67d a67d a67d a67d a67d a67d a67c a67c a67c a67c a67d a67d a67d ae7d ae7d a67d a67d a67d ae7d ae7d ae7d ae7d ae7d ae7d ae7d aebd aebd aebd aebd aebd aebd aebd aebd aebd aebd aebd aebd aebd aebd aebd b6bd b6bd b6bd b6bd b6bd b6bd b6bd b6be b6be b6be b6be b6be b6be b6fe b6fe b6fe b6fe b6fe b6fe b6fe b6fe b6fe b6fe b6fe b6fe b6fe b6fe b6fe b6fe b6fe b6fe befe bebd b67b 428c 31c9 3a09 3a08 39c8 39c8 31c7 39c7 39c7 3987 3187 3987 3187 3187 3187 3187 3187 3187 3187 3187 3187 3186 3186 2986 2986 2946 2946 2946 2946 2946 2945 2945 2945 2945 2946 2145 2105 2105 2104 1904 18c4 18c4 18c4 2105 2105 2105 2945 2946 2946 2986 3186 3186 3186 2946 2946 2946 2945 2105 2105 18c4 18c4 18c4 18c4 18c4 18c4 18c4 18c4 18c3 18c3 18c3 18c3 18c3 18c4 18c3 18c3 18c3 18c3 18c3 18c3 18c3 18c3 1083 1083 1083 1082 1082 1082 1083 18c3 18c4 2104 2105 2145 2945 2945 2945 2105 1904 18c4 18c3 18c3 18c4 1904 2104 18c4 18c3 18c3 
5c35 5c36 5c36 5c36 5c36 6436 6436 6436 6436 6436 6436 6436 6476 6476 6476 6476 6476 6477 6477 6477 6477 6477 6477 6477 6477 64b7 6cb7 6cb7 6cb7 6cb7 6cb8 6cb8 6cb8 6cb8 6cb8 6cf8 6cf8 6cf8 6cf8 6cf8 6cf8 74f8 74f8 74f8 74f9 74f9 74f9 74f9 74f9 74f9 7539 7539 7539 7539 7539 7539 7d39 7d39 7d39 7d39 7d3a 7d3a 7d3a 7d7a 7d3a 7d7a 7d7a 7d7a 857a 857a 857a 857a 857a 857a 857a 857a 857a 857a 857a 857a 85ba 85ba 85ba 85ba 8dbb 8dbb 8dbb 8dbb 8dbb 8dbb 8dbb 8dbb 8dbb 8dbb 8dfb 8dfb 8dbb 8dbb 8dfb 8dfb 8dfb 8dfb 95fb 95fb 95fb 95fb 95fb 95fc 95fc 95fc 95fc 95fc 95fc 95fc 95fc 95fc 95fc 95fc 9e3c 9e3c 9e3c 9e3c 9e3c 9e3c 9e3c 9e3c 9e3c 9e3c 9e3c 9e3c 9e3c 9e3c 9e3c 9e3c 9e3c 9e3c a63d a63d a63d a67d a67d a67d a67d a67d a67d a67c a67c a67c a67c a67d a67d a67d ae7d ae7d ae7d ae7d ae7d ae7d ae7d ae7d ae7d ae7d ae7d ae7d aebd aebd aebd aebd aebd aebd aebd aebd aebd aebd aebd aebd b6bd b6bd b6bd b6bd b6bd b6bd b6bd b6bd b6bd b6be b6be b6be b6be b6be b6be b6fe b6fe b6fe b6fe b6fe b6fe b6fe b6fe b6fe b6fe b6fe b6fe b6fe b6fe b6fe b6fe b6fe b6fe b6fe befe bebd 9536 3a4b 3a09 3a09 39c8 39c8 39c8 39c8 39c7 3187 3187 3187 3187 3187 3187 3187 3187 3187 3187 3187 3187 3187 3186 3186 2946 2946 2946 2946 2946 2946 2946 2945 2145 2145 2145 2145 2145 2945 2945 2145 2105 2105 2104 18c4 18c4 18c4 18c4 18c4 2104 2105 2105 2105 2145 2945 2946 2946 3186 2946 2946 2945 2105 2105 2104 2104 18c4 18c4 18c4 18c4 18c4 18c3 18c3 18c3 18c3 18c4 18c3 18c3 18c3 18c3 18c3 18c3 18c4 18c3 10c3 1083 1083 1082 1082 1082 1082 1083 18c3 18c4 2104 2105 2105 2945 2945 2945 2105 2105 1904 2104 2104 2104 1904 18c4 18c3 1083 
5c36 5c36 5c36 5c36 5c36 6436 5c36 6436 6436 6436 6436 6476 6476 6476 6476 6476 6476 6477 6477 6477 6477 6477 6477 64b7 6477 6cb7 6cb7 6cb7 6cb7 6cb7 6cb8 6cb8 6cb8 6cb8 6cb8 6cf8 6cf8 6cf8 6cf8 6cf8 74f8 74f8 74f8 74f8 74f9 74f9 74f9 74f9 74f9 7539 7539 7539 7539 7539 7539 7d39 7d39 7d39 7d39 7d39 7d3a 7d3a 7d3a 7d7a 7d7a 7d7a 7d7a 7d7a 857a 857a 857a 857a 857a 857a 857a 857a 857a 857a 857a 85ba 85ba 85ba 85ba 8dbb 8dbb 8dbb 8dbb 8dbb 8dbb 8dbb 8dbb 8dbb 8dbb 8dbb 8dfb 8dfb 8dbb 8dbb 8dfb 8dfb 8dfb 95fb 95fb 95fb 95fb 95fb 95fc 95fc 95fc 95fc 95fc 95fc 95fc 95fc 95fc 95fc 9e3c 9e3c 9e3c 9e3c 9e3c 9e3c 9e3c 9e3c 9e3c 9e3c 9e3c 9e3c 9e3c 9e3c 9e3c 9e3c 9e3c 9e3c 9e3c 9e3c a63d a63d a63d a67d a67d a67d a67d a67d a67d a67c a67c a67c a67c a67d a67d a67d ae7d ae7d ae7d ae7d ae7d ae7d ae7d ae7d ae7d ae7d ae7d aebd aebd aebd aebd aebd aebd aebd aebd aebd aebd aebd aebd aebd b6bd b6bd b6bd b6bd b6bd b6bd b6bd b6bd b6be b6be b6be b6be b6be b6be b6fe b6fe b6fe b6fe b6fe b6fe b6fe b6fe b6fe b6fe b6fe b6fe b6fe b6fe b6fe b6fe b6fe b6fe b6fe b6fe befe bebd 63d1 3a0a 3a0a 39c9 39c8 3a08 3a08 39c8 31c7 3187 3187 3187 3187 3187 3187 3187 3187 3187 3187 3187 3187 3187 3187 3186 2986 2986 2946 2986 3186 2986 2946 2946 2946 2945 2145 2145 2105 2145 2945 2945 2945 2945 2145 2105 2105 2105 2105 2104 2104 1904 18c4 18c4 18c4 18c4 2104 2105 2945 2946 2946 2946 2945 2945 2145 2105 2104 2104 18c4 18c4 18c4 18c4 18c3 18c3 18c3 18c3 18c3 18c3 18c3 18c3 18c3 18c3 18c3 18c3 10c3 1083 1083 1083 1082 1082 1082 1083 10c3 18c3 1904 2104 2104 2105 2105 2145 2145 2145 2105 2105 2105 2104 18c4 18c3 1083 1082 
5c36 5c36 5c36 5c36 5c36 6436 6436 6436 6436 6436 6436 6476 6476 6476 6476 6476 6477 6477 6477 6477 6477 6477 6477 64b7 6477 6cb7 6cb7 6cb7 6cb7 6cb7 6cb8 6cb8 6cb8 6cb8 6cb8 6cf8 6cf8 6cf8 6cf8 6cf8 74f8 74f8 74f8 74f8 74f9 74f9 74f9 74f9 7539 7539 7539 7539 7539 7539 7539 7d39 7d39 7d39 7d39 7d39 7d3a 7d3a 7d7a 7d7a 7d7a 7d7a 7d7a 7d7a 857a 857a 857a 857a 857a 857a 857a 857a 857a 857a 85ba 85ba 85ba 85ba 85ba 8dbb 8dbb 8dbb 8dbb 8dbb 8dbb 8dbb 8dbb 8dbb 8dbb 8dfb 8dfb 8dfb 8dbb 8dbb 8dfb 8dfb 8dfb 95fb 95fb 95fb 95fb 95fb 95fc 95fc 95fc 95fc 95fc 95fc 95fc 95fc 9e3c 9e3c 9e3c 9e3c 9e3c 9e3c 9e3c 9e3c 9e3c 9e3c 9e3c 9e3c 9e3c 9e3c 9e3c 9e3c 9e3c 9e3c 9e3c 9e3c 9e3c 9e3c a63d a63d a63d a67d a67d a67d a67d a67d a67d a67c a67c a67c a67c a67d a67d a67d ae7d ae7d ae7d ae7d ae7d ae7d ae7d ae7d ae7d ae7d ae7d aebd aebd aebd aebd aebd aebd aebd aebd aebd aebd aebd aebd aebd b6bd b6bd b6bd b6bd b6bd b6bd b6bd b6bd b6be b6be b6be b6be b6be b6be b6fe b6fe b6fe b6fe b6fe b6fe b6fe b6fe b6fe b6fe b6fe b6fe b6fe b6fe b6fe b6fe b6fe b6fe b6fe befe befd bebd 4acd 3a0a 420a 39c9 39c8 3a08 3a08 39c8 31c7 3187 3187 3987 3187 3187 3187 3187 3187 3187 3187 3187 3187 3187 3187 3187 3186 3186 3186 3186 2946 2946 2946 2946 2946 2946 2945 2945 2946 2946 2945 2105 2105 2105 2105 2105 2105 2105 2145 2945 2945 2145 2105 2105 2104 18c4 18c4 18c3 18c4 2104 2105 2145 2946 2945 2945 2145 2105 2105 2105 2104 18c4 18c3 18c3 18c3 18c3 18c3 18c3 18c3 18c3 18c3 10c3 1083 10c3 10c3 10c3 1083 1083 1083 1082 1082 1082 1083 1083 18c3 1904 1904 2104 2104 2105 2105 2105 2105 2105 2105 2105 2104 18c4 1083 1082 0882 
5c36 5c36 5c36 5c36 5c36 5c36 5c36 6436 6436 6476 6476 6476 6476 6476 6476 6476 6476 6476 6477 6477 6477 6477 6477 6477 64b7 6cb7 6cb7 6cb7 6cb7 6cb7 6cb7 6cb8 6cb8 6cb8 6cb8 6cf8 6cf8 6cf8 6cf8 6cf8 74f8 74f8 74f9 74f9 74f9 74f9 74f9 74f9 74f9 74f9 7539 7539 7539 7539 7539 7d39 7d39 7d39 7d39 7d39 7d3a 7d3a 7d3a 7d3a 7d7a 7d7a 7d7a 7d7a 857a 857a 857a 857a 857a 857a 857a 857a 857a 857a 857a 85ba 85ba 85ba 8dbb 8dbb 8dbb 8dbb 8dbb 8dbb 8dbb 8dbb 8dbb 8dbb 8dbb 8dbb 8dfb 8dfb 8dfb 8dfb 8dfb 8dfb 95fb 95fb 95fb 95fb 95fb 95fc 95fc 95fc 95fc 95fc 95fc 95fc 95fc 95fc 95fc 9e3c 9e3c 9e3c 9e3c 9e3c 9e3c 9e3c 9e3c 9e3c 9e3c 9e3c 9e3c 9e3c 9e3c 9e3c 9e3c 9e3c 9e3c 9e3c 9e3c 9e3c a63d a63d a63d a63d a63d a67d a67d a67d a67d a67c a67c a67c a67c a67d a67d a67d a67d a67d ae7d ae7d ae7d ae7d ae7d ae7d ae7d ae7d ae7d aebd aebd aebd aebd aebd aebd aebd aebd aebd aebd aebd aebd aebd aebd aebd b6bd b6bd b6bd b6bd b6bd b6bd b6be b6be b6be b6be b6be b6be b6fe b6fe b6fe b6fe b6fe b6fe b6fe b6fe b6fe b6fe b6fe b6fe b6fe b6fe b6fe b6fe b6fe b6fe b6fe b6fd bebd a5fa 428c 31c9 420a 39c8 39c8 39c8 39c8 39c8 39c8 39c7 3187 3187 3187 3187 3187 3187 3187 3187 3187 3187 31c7 3187 3187 3187 3186 3186 3186 3186 3186 2986 2946 2946 2946 2946 2946 2946 2945 2945 2945 2145 2105 2105 2105 2105 2105 2145 2145 2945 2945 2945 2945 2945 2105 2105 2105 2104 18c4 18c4 10c3 1083 2105 2105 2945 2945 2105 2105 2105 2105 2104 1904 18c4 18c3 18c3 18c3 18c3 18c3 10c3 10c3 10c3 1083 1083 1083 1083 1083 1083 1083 1083 1082 1082 1083 1083 1083 18c3 18c4 1904 2104 2105 2105 2105 2105 2104 2104 2104 18c4 18c3 1083 1082 0882 
5c36 5c36 5c36 5c36 5c36 5c36 5c36 6436 6436 6436 6476 6476 6476 6476 6476 6476 6476 6477 6477 6477 6477 6477 6477 6477 64b7 6cb7 6cb7 6cb7 6cb7 6cb7 6cb7 6cb8 6cb8 6cb8 6cb8 6cf8 6cf8 6cf8 6cf8 6cf8 74f8 74f8 74f9 74f9 74f9 74f9 74f9 74f9 74f9 74f9 7539 7539 7539 7539 7d39 7d39 7d39 7d39 7d39 7d39 7d3a 7d3a 7d3a 7d3a 7d7a 7d7a 7d7a 7d7a 857a 857a 857a 857a 857a 857a 857a 857a 857a 857a 857a 85ba 85ba 85ba 8dbb 8dbb 8dbb 8dbb 8dbb 8dbb 8dbb 8dbb 8dbb 8dbb 8dbb 8dbb 8dfb 8dfb 8dfb 8dfb 8dfb 8dfb 95fb 95fb 95fb 95fb 95fb 95fc 95fc 95fc 95fc 95fc 95fc 95fc 95fc 95fc 95fc 9e3c 9e3c 9e3c 9e3c 9e3c 9e3c 9e3c 9e3c 9e3c 9e3c 9e3c 9e3c 9e3c 9e3c 9e3c 9e3c 9e3c 9e3c 9e3c 9e3c 9e3c a63d a63d a63d a63d a63d a67d a67d a67d a67d a67c a67c a67c a67c a67d a67d a67d a67d ae7d ae7d ae7d ae7d ae7d ae7d ae7d ae7d ae7d ae7d aebd aebd aebd aebd aebd aebd aebd aebd aebd aebd aebd aebd aebd aebd aebd b6bd b6bd b6bd b6bd b6bd b6bd b6be b6be b6be b6be b6be b6be b6fe b6fe b6fe b6fe b6fe b6fe b6fe b6fe b6fe b6fe b6fe b6fe b6fe b6fe b6fe b6fe b6fe b6fe befe b6bd c6fe 7cb4 3a0a 3a09 420a 3a09 39c8 39c8 39c8 39c8 39c8 39c7 3987 3187 3187 3187 3187 3187 3187 3187 31c7 31c7 31c7 3187 3187 3187 3187 3187 3187 3187 3187 3186 3186 2946 2946 2946 2946 2946 2946 2945 2945 2945 2145 2145 2105 2105 2105 2145 2145 2945 2945 2945 2945 2945 2145 2145 2105 2105 2104 18c4 18c4 18c3 1083 18c3 2104 2145 2946 2945 2105 2105 2104 2104 2104 18c4 18c4 18c3 10c3 1083 10c3 10c3 10c3 1083 1083 1083 1083 1083 1083 1083 1083 1082 1082 1083 1083 1083 10c3 18c3 18c4 2104 2104 2105 2105 2105 2105 2104 2104 18c4 18c3 1083 1082 0882 
5c36 5c36 5c36 5c36 5c36 5c36 6436 6436 5c76 5c76 6476 6476 6476 6476 6476 6476 6476 6477 6477 6477 6477 6477 6477 64b7 64b7 6cb7 6cb7 6cb7 6cb7 6cb7 6cb8 6cb8 6cb8 6cb8 6cb8 6cf8 6cf8 6cf8 6cf8 74f8 74f8 74f8 74f9 74f9 74f9 74f9 74f9 74f9 74f9 74f9 7539 7539 7539 7d39 7d39 7d39 7d39 7d39 7d39 7d39 7d3a 7d3a 7d3a 7d7a 7d7a 7d7a 7d7a 857a 857a 857a 857a 857a 857a 857a 857a 857a 857a 857a 85ba 85ba 85ba 85ba 8dbb 8dbb 8dbb 8dbb 8dbb 8dbb 8dbb 8dbb 8dbb 8dbb 8dbb 8dfb 8dfb 8dfb 8dfb 8dfb 8dfb 8dfb 95fb 95fb 95fb 95fb 95fc 95fc 95fc 95fc 95fc 95fc 95fc 95fc 95fc 95fc 9e3c 9e3c 9e3c 9e3c 9e3c 9e3c 9e3c 9e3c 9e3c 9e3c 9e3c 9e3c 9e3c 9e3c 9e3c 9e3c 9e3c 9e3c 9e3c 9e3c 9e3c a63d a63d a63d a63d a63d a67d a67d a67d a67d a67d a67c a67c a67c a67d a67d a67d a67d ae7d ae7d ae7d ae7d ae7d ae7d ae7d ae7d ae7d ae7d aebd aebd aebd aebd aebd aebd aebd aebd aebd aebd aebd aebd aebd aebd aebd b6bd b6bd b6bd b6bd b6bd b6bd b6be b6be b6be b6be b6be b6be b6fe b6fe b6fe b6fe b6fe b6fe b6fe b6fe b6fe b6fe b6fe b6fe b6fe b6fe b6fe b6fe b6fe b6fe b6fe b6fe befd c6fe 530e 320a 3a0a 3a09 4209 3a08 39c8 39c8 39c7 31c7 31c7 39c8 39c8 31c7 31c7 31c7 31c7 31c7 31c7 31c7 39c7 31c7 3187 3187 3187 3187 3187 3187 3187 3187 3187 3186 3186 2986 2946 2946 2946 2946 2946 2946 2946 2945 2945 2945 2945 2145 2145 2945 2945 2945 2946 2946 2946 2946 2946 2945 2145 2105 2104 1904 18c4 10c3 1083 1083 10c3 18c4 2105 2945 2945 2105 2105 2104 2104 18c4 18c4 18c3 18c3 18c3 10c3 10c3 1083 1083 1083 1083 1083 1083 1083 1083 1082 1082 1082 1083 1083 1083 18c3 18c4 1904 2104 2104 2104 2105 2105 2104 2104 18c4 18c3 1083 1082 1082 
5c36 5c36 5c36 5c36 5c36 6436 6436 6436 5c76 5c76 5c76 6476 6476 6476 6476 6476 6477 6477 6477 6477 6477 6477 64b7 64b7 64b7 6cb7 6cb7 6cb7 6cb7 6cb7 6cb8 6cb8 6cb8 6cb8 6cf8 6cf8 6cf8 6cf8 74f8 74f8 74f8 74f8 74f9 74f9 74f9 74f9 74f9 74f9 74f9 7539 7539 7539 7539 7d39 7d39 7d39 7d39 7d39 7d39 7d39 7d3a 7d3a 7d7a 7d7a 7d7a 7d7a 7d7a 857a 857a 857a 857a 857a 857a 857a 857a 857a 857a 85ba 85ba 85ba 85ba 8dbb 8dbb 8dbb 8dbb 8dbb 8dbb 8dbb 8dbb 8dbb 8dbb 8dbb 8dbb 8dfb 8dfb 8dfb 8dfb 8dfb 8dfb 95fc 95fb 95fb 95fb 95fb 95fc 95fc 95fc 95fc 95fc 95fc 95fc 95fc 95fc 95fc 9e3c 9e3c 9e3c 9e3c 9e3c 9e3c 9e3c 9e3c 9e3c 9e3c 9e3c 9e3c 9e3c 9e3c 9e3c 9e3c 9e3c 9e3c 9e3c 9e3c a63d a63d a67d a67d a63d a67d a67d a67d a67d a67d a67d a67c a67c a67d a67d a67d a67d a67d ae7d ae7d ae7d ae7d ae7d ae7d ae7d ae7d ae7d ae7d aebd aebd aebd aebd aebd aebd aebd aebd aebd aebd aebd aebd aebd aebd b6bd b6bd b6bd b6bd b6bd b6bd b6be b6be b6be b6be b6be b6be b6be b6fe b6fe b6fe b6fe b6fe b6fe b6fe b6fe b6fe b6fe b6fe b6fe b6fe b6fe b6fe b6fe b6fe b6fe b6fe b6fd c6fe b67b 3a4b 320a 3a0a 39c8 39c8 39c8 39c8 39c8 39c7 31c7 31c7 39c8 39c8 31c7 31c7 3187 3187 3187 3187 3187 31c7 3187 3187 3187 3187 3187 3187 3187 3187 3187 3186 3186 2986 2986 2946 2946 2946 2946 2946 2946 2946 2946 2946 2946 2946 2945 2945 2945 2945 2946 2946 2946 2946 2946 2946 2946 2945 2945 2105 2105 2104 2104 18c3 1082 0842 0882 10c3 2104 2105 2945 2145 2105 2105 2104 1904 18c4 18c4 18c3 18c3 18c3 10c3 1083 1083 1083 1083 1083 1083 1083 1082 1082 1082 1082 1082 1083 1083 18c3 18c4 1904 2104 2104 2104 2105 2104 2104 1904 18c4 10c3 1083 1082 
5c36 5c36 5c36 5c36 5c36 6436 5c36 5c36 5c36 5c76 5c76 6476 6476 6476 6476 6477 6477 6477 6477 6477 6477 6477 64b7 64b7 6cb7 6cb7 6cb7 6cb7 6cb7 6cb7 6cb8 6cb8 6cb8 6cb8 6cf8 6cf8 6cf8 6cf8 74f8 74f8 74f8 74f8 74f9 74f9 74f9 74f9 74f9 74f9 74f9 7539 7539 7539 7d39 7d39 7d39 7d39 7d39 7d39 7d39 7d3a 7d3a 7d3a 7d7a 7d7a 7d7a 7d7a 857a 857a 857a 857a 857a 857a 857a 857a 857a 857a 857a 85ba 85ba 85ba 8dbb 8dbb 8dbb 8dbb 8dbb 8dbb 8dbb 8dbb 8dbb 8dbb 8dbb 8dbb 8dfb 8dfb 8dfb 8dfb 8dfb 8dfb 8dfb 95fc 95fb 95fb 95fb 95fc 95fc 95fc 95fc 95fc 95fc 95fc 95fc 95fc 95fc 9e3c 9e3c 9e3c 9e3c 9e3c 9e3c 9e3c 9e3c 9e3c 9e3c 9e3c 9e3c 9e3c 9e3c 9e3c 9e3c 9e3c 9e3c 9e3c 9e3c a63d a63d a63d a67d a67d a67d a67d a67d a67d a67d a67d a67d a67c a67c a67d a67d a67d a67d a67d ae7d ae7d ae7d ae7d ae7d ae7d ae7d ae7d aebd aebd aebd aebd aebd aebd aebd aebd aebd aebd aebd aebd aebd aebd aebd aebd b6bd b6bd b6bd b6bd b6bd b6be b6be b6be b6be b6be b6be b6be b6fe b6fe b6fe b6fe b6fe b6fe b6fe b6fe b6fe b6fe b6fe b6fe b6fe b6fe b6fe b6fe b6fe b6fe b6fe b6fe b6fd c73e 8d36 320a 3a0a 3a09 39c8 39c8 39c8 39c7 39c7 39c8 39c8 39c8 39c8 3187 39c7 31c7 31c7 3187 3187 3187 3187 3187 3187 3187 3187 3187 3187 3187 3187 3187 3186 3186 3186 2986 2986 2946 2946 2946 2946 2946 2946 2946 2946 2946 2946 2946 2945 2945 2945 2945 2946 2946 2946 2946 2946 2946 2946 2946 2946 2945 2105 2105 1904 18c4 18c4 1083 1082 1082 1082 1083 2104 2105 2105 2145 2105 2105 2104 18c4 18c4 18c3 18c3 18c3 10c3 1083 1083 1083 1083 1083 1083 1083 1082 1082 1082 1082 1082 1083 18c3 18c4 18c4 1904 2104 2104 2104 2104 2104 2104 18c4 18c3 1083 1082 
5c36 5c36 5c36 5c36 5c36 6436 5c36 5c76 5c36 5c36 5c76 6476 6476 6476 6477 6477 6477 6477 6477 6477 6477 6477 64b7 64b7 6cb7 6cb7 6cb7 6cb7 6cb7 6cb7 6cb8 6cb8 6cb8 6cf8 6cf8 6cf8 6cf8 6cf8 74f8 74f8 74f8 74f9 74f9 74f9 74f9 74f9 74f9 74f9 74f9 7539 7539 7539 7d39 7d39 7d39 7d39 7d39 7d39 7d39 7d3a 7d3a 7d7a 7d7a 7d7a 7d7a 7d7a 857a 857a 857a 857a 857a 857a 857a 857a 857a 857a 857a 85ba 85ba 85ba 8dbb 8dbb 8dbb 8dbb 8dbb 8dbb 8dbb 8dbb 8dbb 8dbb 8dbb 8dfb 8dfb 8dfb 8dfb 8dfb 8dfb 8dfb 95fc 95fc 95fb 95fb 95fc 95fc 95fc 95fc 95fc 95fc 95fc 95fc 95fc 963c 9e3c 9e3c 9e3c 9e3c 9e3c 9e3c 9e3c 9e3c 9e3c 9e3c 9e3c 9e3c 9e3c 9e3c 9e3c 9e3c 9e3c 9e3c 9e3c 9e3c 9e3c a63d a63d a63d a67d a67d a67d a67d a67d a67d a67d a67d a67d a67c a67d a67d a67d a67d a67d a67d ae7d ae7d ae7d ae7d ae7d ae7d ae7d ae7d aebd aebd aebd aebd aebd aebd aebd aebd aebd aebd aebd aebd aebd aebd aebd aebd b6bd b6bd b6bd b6bd b6bd b6be b6be b6be b6be b6be b6be b6fe b6fe b6fe b6fe b6fe b6fe b6fe b6fe b6fe b6fe b6fe b6fe b6fe b6fe b6fe b6fe b6fe b6fe b6fe b6fe befe befe c6fe 6391 320a 3a0a 39c9 39c8 4208 39c7 39c7 39c7 39c8 39c8 39c8 39c8 3187 39c7 39c7 39c7 39c7 31c7 31c7 31c7 31c7 3187 3187 3187 3187 3187 3187 3187 3187 3186 3186 3186 3186 3186 2986 2946 2946 2946 2946 2946 2946 2946 2946 2946 2946 2946 2945 2945 2945 2946 2946 2946 2946 2946 2946 2946 2946 2946 2946 2145 2105 2104 2104 2104 18c4 10c3 1082 0842 0842 0882 1083 18c4 2105 2145 2145 2105 2104 18c4 18c4 18c4 18c4 18c3 18c3 10c3 1083 1083 1083 1083 1083 1083 1082 1082 1082 1082 1083 1083 18c3 18c3 18c4 2104 2104 2104 2104 2104 2104 18c4 18c3 1083 1082 
5c36 5c36 5c36 5c36 5c36 5c36 5c76 5c76 5c36 5c36 5c76 6476 6476 6476 6477 6477 6477 6477 6477 6477 6477 64b7 64b7 6cb7 6cb7 6cb7 6cb7 6cb8 6cb7 6cb7 6cb8 6cb8 6cb8 6cf8 6cf8 6cf8 6cf8 74f8 74f8 74f8 74f8 74f9 74f9 74f9 74f9 7539 7539 7539 7539 7539 7539 7539 7d39 7d39 7d39 7d39 7d39 7d39 7d39 7d3a 7d3a 7d7a 7d7a 7d7a 7d7a 857a 857a 857a 857a 857a 857a 857a 857a 857a 857a 857a 85ba 85ba 85ba 85ba 8dbb 8dbb 8dbb 8dbb 8dbb 8dbb 8dbb 8dbb 8dbb 8dbb 8dbb 8dfb 8dfb 8dfb 8dfb 8dfb 8dfb 8dfb 95fc 95fc 95fb 95fb 95fc 95fc 95fc 95fc 95fc 95fc 95fc 95fc 963c 963c 9e3c 9e3c 9e3c 9e3c 9e3c 9e3c 9e3c 9e3c 9e3c 9e3c 9e3c 9e3c 9e3c 9e3c 9e3c 9e3c 9e3c 9e3c 9e3c 9e3c a63d a63d a63d a67d a67d a67d a67d a67d a67d a67d a67d a67d a67d a67d a67d a67d a67d a67d a67d ae7d ae7d ae7d ae7d ae7d ae7d ae7d ae7d ae7d aebd aebd aebd aebd aebd aebd aebd aebd aebd aebd aebd aebd aebd aebd aebd aebd b6bd b6bd b6bd b6bd b6be b6be b6be b6be b6be b6be b6be b6fe b6fe b6fe b6fe b6fe b6fe b6fe b6fe b6fe b6fe b6fe b6fe b6fe b6fe b6fe b6fe b6fe b6fe b6fe befe befe befe ae7b 42cd 320a 31c9 39c9 39c8 41c8 39c7 39c7 39c7 39c7 39c8 39c8 39c8 39c8 39c7 39c7 39c7 31c7 31c7 3187 31c7 31c7 31c7 31c7 31c7 31c7 3187 3187 3187 3187 3186 3186 3186 3186 3186 3186 2986 2946 2946 2946 2946 2946 2946 2946 2946 2946 2946 2946 2945 2945 2945 2946 2946 2946 2946 2946 2946 2946 2946 2946 2945 2105 2145 2105 2105 1904 18c4 18c3 1083 1083 0841 0842 1082 1083 18c4 1904 2104 2105 2104 2104 18c4 18c4 18c4 18c3 18c3 18c3 10c3 10c3 1083 1083 1083 1083 1082 1082 1082 1082 1083 1083 10c3 18c3 1904 2104 2104 2104 2104 2104 18c4 18c3 1083 1082 
5c36 5c36 5c36 5c36 5c36 5c36 5c76 5c76 5c36 5c36 5c76 6476 6476 6476 6477 6477 6477 6477 6477 6477 6477 64b7 64b7 6cb7 6cb7 6cb7 6cb8 6cb8 6cb7 6cb8 6cb8 6cb8 6cb8 6cf8 6cf8 6cf8 6cf8 74f8 74f8 74f8 74f9 74f9 74f9 74f9 74f9 7539 7539 7539 7539 7539 7539 7539 7d39 7d39 7d39 7d39 7d39 7d39 7d3a 7d3a 7d3a 7d7a 7d7a 7d7a 857a 857a 857a 857a 857a 857a 857a 857a 857a 857a 857a 857a 85ba 85ba 85ba 85ba 8dbb 8dbb 8dbb 8dbb 8dbb 8dbb 8dbb 8dbb 8dbb 8dbb 8dbb 8dfb 8dfb 8dfb 8dfb 8dfb 8dfb 8dfb 95fc 95fc 95fb 95fc 95fc 95fc 95fc 95fc 95fc 95fc 95fc 95fc 95fc 95fc 9e3c 9e3c 9e3c 9e3c 9e3c 9e3c 9e3c 9e3c 9e3c 9e3c 9e3c 9e3c 9e3c 9e3c 9e3c 9e3c 9e3c 9e3c 9e3c 9e3c a63d a63d a63d a67d a67d a67d a67d a67d a67d a67d a67d a67d a67d a67d a67d a67d a67d a67d a67d ae7d ae7d ae7d ae7d ae7d ae7d ae7d ae7d ae7d aebd aebd aebd aebd aebd aebd aebd aebd aebd aebd aebd aebd aebd aebd aebd aebd b6bd b6bd b6bd b6bd b6be b6be b6be b6be b6be b6be b6be b6fe b6fe b6fe b6fe b6fe b6fe b6fe b6fe b6fe b6fe befe befe b6fe b6fe b6fe b6fe b6fe b6fe b6fe befe befe bebd 9db9 3a4b 31c9 31c9 39c9 3187 39c7 39c7 39c7 39c7 31c7 31c7 39c8 39c8 39c8 39c7 31c7 31c7 3187 3187 3187 3187 3187 39c7 39c7 39c7 39c7 31c7 3187 3187 3187 3186 3186 3186 3186 3186 2986 2946 2946 2946 2946 2946 2946 2946 2946 2946 2946 2946 2946 2945 2945 2945 2946 2946 2946 2946 2946 2946 2946 2946 2946 2945 2105 2145 2105 2105 2105 2105 2104 18c3 1083 1083 1082 0842 0841 0841 0882 1083 18c4 2104 2104 2104 18c4 18c4 18c3 18c3 18c3 18c3 18c3 10c3 1083 1083 1082 1082 1082 1082 1082 1082 1083 1083 18c3 18c4 2104 2104 2104 2104 1904 18c4 18c3 1083 1082 
5c36 5c36 5c36 5c36 5c36 5c76 5c76 6476 6476 6476 6477 6477 6477 6477 6477 6477 6477 6477 6477 6477 64b7 64b7 64b7 64b7 64b7 6cb7 6cb7 6cb7 6cb8 6cb8 6cb8 6cb8 6cf8 6cf8 6cf8 6cf8 6cf8 74f8 74f8 74f8 74f8 74f8 74f9 74f9 74f9 74f9 74f9 74f9 7539 7539 7539 7d39 7d39 7d39 7d39 7d39 7d39 7d39 7d3a 7d3a 7d7a 7d7a 7d7a 7d7a 7d7a 857a 857a 857a 857a 857a 857a 857a 857a 857a 857a 85bb 85bb 85bb 8dbb 8dbb 8dbb 8dbb 8dbb 8dbb 8dbb 8dbb 8dbb 8dbb 8dbb 8dfb 8dfb 8dfb 8dfb 8dfb 8dfb 8dfb 95fb 95fb 95fb 95fb 95fb 95fb 95fb 95fc 95fb 95fb 95fc 95fc 95fc 95fc 9dfc 95fc 9e3c 9e3c 9e3c 9e3c 9e3c 9e3c 9e3c 9e3c 9e3c 9e3c 9e3c 9e3c 9e3c 9e3c 9e3c 9e3c 9e3d 9e3d 9e3c 9e3c 9e3c 9e3c a63d a63d a67d a67d a67c a67d a67d a67d a67d a67d a67c a67c a67c a67c a67c a67c a67c a67c a67c ae7d ae7d ae7d ae7d ae7d ae7d ae7d aebd aebd aebd aebd aebd aebd aebd aebd aebd aebd aebd aebd aebd aebd aebd aebd b6bd b6bd b6bd b6bd b6bd b6bd b6bd b6bd b6bd b6bd b6bd b6fe b6fe b6fe b6fe b6fe b6fe b6fe b6fe b6fe befe befe befe befe b6fe b6fe b6fe bf3e b6fe b6fd c73f befd cefe 6b91 3a0a 31c9 31c9 3188 39c8 39c7 39c7 39c7 39c8 39c8 39c8 39c8 39c8 39c8 39c8 39c7 39c7 31c7 31c7 31c7 31c7 39c7 39c7 39c7 39c7 39c7 31c7 3187 3187 3187 3187 3187 3187 3186 3186 3186 2946 2945 2946 2946 2946 2946 2946 2946 2945 2945 2946 2946 2946 2946 2946 2946 2946 2946 2946 2946 2946 2946 2946 2946 2946 2946 2945 2945 2105 2105 2105 2104 18c4 18c4 18c3 10c3 1083 1082 0882 0842 0842 0841 1082 1082 18c3 1904 2104 1903 18c4 18c3 18c3 18c3 18c3 10c3 1083 1082 1082 1082 1082 1082 1082 1082 1082 1083 18c3 18c3 1904 1904 2104 2104 18c4 18c3 1083 1082 
5c36 5c36 5c36 5c36 5c36 5c36 5c76 6476 6476 6476 6477 6477 6477 6477 6477 6477 6477 6477 6477 6477 64b7 64b7 64b7 64b7 64b7 6cb7 6cb7 6cb7 6cb8 6cb8 6cb8 6cf8 6cf8 6cf8 6cf8 6cf8 6cf8 74f8 74f8 74f8 74f8 74f9 74f9 74f9 74f9 74f9 74f9 74f9 7539 7539 7539 7d39 7d39 7d39 7d39 7d39 7d39 7d3a 7d3a 7d3a 7d7a 7d7a 7d7a 7d7a 7d7a 857a 857a 857a 857a 857a 857a 857a 857a 857a 857a 85bb 85bb 85bb 8dbb 8dbb 8dbb 8dbb 8dbb 8dbb 8dbb 8dbb 8dbb 8dbb 8dbb 8dfb 8dfb 8dfb 8dfb 8dfb 8dfb 8dfb 95fb 95fb 95fb 95fb 95fb 95fb 95fc 95fc 95fb 95fb 95fc 95fc 95fc 9dfc 9dfc 9dfc 9e3c 9e3c 9e3c 9e3c 9e3c 9e3c 9e3c 9e3c 9e3c 9e3c 9e3c 9e3c 9e3c 9e3c 9e3c 9e3c 9e3d 9e3d 9e3c 9e3c a63d a63d a63d a63d a67d a67d a67c a67d a67d a67d a67d a67c a67c a67c a67c a67c a67c a67c a67c ae7d ae7d ae7d ae7d ae7d ae7d ae7d aebd aebd aebd aebd aebd aebd aebd aebd aebd aebd aebd aebd aebd aebd aebd aebd aebd aebd b6bd b6bd b6bd b6bd b6bd b6bd b6bd b6bd b6bd b6bd b6bd b6fe b6fe b6fe b6fe b6fe b6fe b6fe b6fe b6fe befe befe befe befe b6fd b6fe b6fe b73e b6fe b6fe befe bebd c6bc 52cd 3a0a 31c9 31c8 31c8 39c8 31c7 39c7 39c7 39c8 39c8 39c8 39c8 39c8 31c8 39c8 39c7 39c7 31c7 31c7 31c7 31c7 39c7 31c7 31c7 31c7 31c7 31c7 3187 3187 3187 3187 3187 3187 3186 3186 3186 2946 2946 2946 2946 2946 2946 2946 2946 2946 2945 2945 2945 2945 2946 2946 2946 2946 2946 2946 2946 2946 2946 2946 2946 2946 2946 2946 2945 2945 2145 2105 2105 2104 18c4 1904 18c4 18c3 1083 1083 1082 1082 0882 0841 0841 0882 1082 1082 10c3 18c3 1903 18c3 18c3 18c3 18c3 18c3 10c3 1082 1082 1082 1082 1082 1082 1082 1082 18c3 18c3 18c4 18c4 1904 1904 18c4 18c3 1083 1082 
5c36 5c36 5c36 5c36 5c36 5c36 5c76 5c76 6476 6476 6477 6477 6477 6477 6477 6477 6477 6477 6477 6477 64b7 64b7 64b7 64b7 6cb7 6cb7 6cb7 6cb7 6cb8 6cb8 6cb8 6cf8 6cf8 6cf8 6cf8 6cf8 74f8 74f8 74f8 74f8 74f9 74f9 74f9 74f9 74f9 74f9 74f9 7539 7539 7539 7539 7d39 7d39 7d39 7d39 7d39 7d39 7d3a 7d3a 7d3a 7d7a 7d7a 7d7a 7d7a 857a 857a 857a 857a 857a 857a 857a 857a 857a 857a 857a 85bb 85bb 85bb 8dbb 8dbb 8dbb 8dbb 8dbb 8dbb 8dbb 8dbb 8dbb 8dbb 8dfb 8dfb 8dfb 8dfb 8dfb 8dfb 8dfb 8dfb 95fb 95fb 95fb 95fb 95fb 95fb 95fc 95fc 95fb 95fc 95fc 95fc 95fc 9dfc 9dfc 9dfc 9e3c 9e3c 9e3c 9e3c 9e3c 9e3c 9e3c 9e3c 9e3c 9e3c 9e3c 9e3c 9e3c 9e3c 9e3c 9e3c 9e3c 9e3c 9e3c a63d a63d a63d a63d a63d a67c a67c a67d a67d a67d a67d a67d a67c a67d a67c a67c a67c a67c a67c ae7d ae7d ae7d ae7d ae7d ae7d ae7d aebd aebd aebd aebd aebd aebd aebd aebd aebd aebd aebd aebd aebd aebd aebd aebd aebd aebd aebd b6bd b6bd b6bd b6bd b6bd b6bd b6bd b6bd b6bd b6bd b6bd b6fe b6fe b6fe b6fe b6fe b6fe b6fe b6fe b6fe befe befe befe befe b6fe b6fe bf3e b6fe b6fe befe b6fe befd adf9 3a0a 3a09 3a09 2988 31c8 39c8 31c7 39c7 39c7 39c8 39c8 39c8 39c8 31c8 31c8 39c8 39c7 39c7 39c7 31c7 31c7 31c7 31c7 31c7 31c7 31c7 31c7 31c7 3187 3187 3187 3187 3187 3187 3186 3186 3187 2986 2946 2946 2946 2946 2946 2946 2946 2946 2945 2945 2945 2945 2945 2946 2946 2946 2946 2946 2946 2946 2946 2946 2946 2946 2946 2946 2946 2946 2945 2945 2145 2105 2105 2104 2104 18c4 18c3 18c3 1083 1083 1082 1082 0842 0841 0841 0841 0841 0882 1082 1083 10c3 18c3 18c3 18c3 18c3 1083 1082 1083 1082 1082 1082 1082 1082 1083 18c3 18c3 18c3 18c4 1904 18c4 18c3 1083 1082 
5c36 5c36 5c36 5c36 5c36 5c36 5c76 5c76 6476 6476 6477 6477 6477 6477 6477 6477 6477 6477 6477 6477 64b7 64b7 64b7 64b7 6cb7 6cb7 6cb7 6cb8 6cb8 6cb8 6cf8 6cf8 6cf8 6cf8 6cf8 6cf8 74f8 74f8 74f8 74f8 74f9 74f9 74f9 74f9 74f9 74f9 7539 7539 7539 7539 7539 7d39 7d39 7d39 7d39 7d39 7d3a 7d3a 7d3a 7d3a 7d7a 7d7a 7d7a 7d7a 857a 857a 857a 857a 857a 857a 857a 857a 857a 857a 857a 85bb 85bb 85bb 8dbb 8dbb 8dbb 8dbb 8dbb 8dbb 8dbb 8dbb 8dbb 8dbb 8dfb 8dfb 8dfb 8dfb 8dfb 8dfb 8dfb 8dfb 95fb 95fb 95fb 95fb 95fb 95fc 95fc 95fc 95fc 95fc 95fc 95fc 9dfc 9dfc 9dfc 9dfc 9e3c 9e3c 9e3c 9e3c 9e3c 9e3c 9e3c 9e3c 9e3c 9e3c 9e3c 9e3c 9e3c 9e3c 9e3c 9e3c 9e3c 9e3c a63d a63d a63d a63d a67d a67d a67c a67d a67d a67d a67d a67d a67d a67d a67d a67c a67c a67c a67c ae7d ae7d ae7d ae7d ae7d ae7d ae7d aebd aebd aebd aebd aebd aebd aebd aebd aebd aebd aebd aebd aebd aebd aebd aebd aebd aebd b6bd b6bd b6bd b6bd b6bd b6bd b6bd b6bd b6bd b6bd b6bd b6bd b6bd b6fe b6fe b6fe b6fe b6fe b6fe b6fe b6fe b6fe befe befe befe befe befe b6fd b73e b6fe b6fe befe b6fd c6fe 7c73 31c9 31c9 39c9 31c8 31c8 39c8 39c7 39c7 39c7 39c8 39c8 39c8 39c8 31c8 31c8 39c8 39c7 39c7 39c7 39c7 39c7 31c7 31c7 31c7 31c7 39c7 39c7 31c7 31c7 3187 3187 3187 3187 3187 3187 3187 3187 3186 2946 2946 2946 2946 2946 2946 2946 2946 2945 2945 2945 2945 2945 2946 2946 2946 2946 2946 2946 2946 2946 2946 2946 2946 2946 2946 2946 2946 2946 2946 2945 2145 2105 2105 2105 2104 18c4 18c4 18c3 18c3 1083 1083 1082 1082 0842 0842 0841 0001 0000 0841 0842 0882 1082 1082 1083 1083 1083 1083 1082 1082 1082 1082 1082 1082 1083 10c3 18c3 18c3 18c4 18c4 18c3 1083 1082 
5c36 5c36 5c36 5c36 5c36 5c36 5c76 6476 6476 6476 6477 6477 6477 6477 6477 6477 6477 6477 6477 6477 64b7 64b7 64b7 64b7 6cb7 6cb7 6cb7 6cb8 6cb8 6cb8 6cf8 6cf8 6cf8 6cf8 6cf8 74f8 74f8 74f8 74f8 74f8 74f9 74f9 74f9 74f9 74f9 7539 7539 7539 7539 7539 7d39 7d39 7d39 7d39 7d39 7d39 7d3a 7d3a 7d3a 7d7a 7d7a 7d7a 7d7a 7d7a 857a 857a 857a 857a 857a 857a 857a 857a 857a 857a 857a 85bb 85bb 85bb 8dbb 8dbb 8dbb 8dbb 8dbb 8dbb 8dbb 8dbb 8dbb 8dbb 8dfb 8dfb 8dfb 8dfb 8dfb 8dfb 8dfb 8dfb 95fb 95fb 95fb 95fb 95fc 95fc 95fc 95fc 95fc 95fc 95fc 95fc 9dfc 9dfc 9dfc 9dfc 9e3c 9e3c 9e3c 9e3c 9e3c 9e3c 9e3c 9e3c 9e3c 9e3c 9e3c 9e3c 9e3c 9e3c 9e3c 9e3c 9e3c 9e3c a63d a63d a63d a67d a67d a67d a67d a67d a67d a67d a67d a67d a67d a67d a67d a67c a67c a67c a67c ae7d ae7d ae7d ae7d ae7d ae7d aebd aebd aebd aebd aebd aebd aebd aebd aebd aebd aebd aebd aebd aebd aebd aebd aebd aebd b6bd b6bd b6bd b6bd b6bd b6bd b6bd b6bd b6bd b6bd b6bd b6bd b6bd b6bd b6fe b6fe b6fe b6fe b6fe b6fe b6fe b6fe b6fe befe befe befe befe befe b6bd b6fe b6fe b6fe befe befe c6fe 4acd 3a0a 31c8 31c8 3a09 3187 39c8 31c7 39c8 39c8 39c8 39c8 39c8 39c8 31c8 31c8 39c8 39c7 39c7 39c7 39c7 39c7 39c7 31c7 39c7 39c7 39c7 39c7 39c7 39c7 39c7 39c7 3187 3187 3187 3187 3187 3187 3186 2946 2946 2946 2946 2946 2946 2946 2946 2945 2945 2946 2946 2946 2946 2946 2946 2946 2945 2946 2946 2946 2946 2946 2946 2946 2946 2946 2946 2946 2946 2946 2945 2145 2945 2145 2105 2105 2104 2104 18c4 18c4 18c3 1083 1083 1082 1082 1082 0841 0841 0001 0001 0001 0841 0841 0842 1082 1082 1082 1082 1082 1082 1082 1082 1082 1082 1083 10c3 18c3 18c3 18c3 18c3 1082 1082 
5c36 5c36 5c36 5c36 5c36 5c76 6476 6476 6476 6476 6477 6477 6477 6477 6477 6477 6477 6477 6477 64b7 64b7 64b7 64b7 64b7 6cb7 6cb7 6cb7 6cb8 6cb8 6cf8 6cf8 6cf8 6cf8 6cf8 6cf8 74f8 74f8 74f8 74f8 74f9 74f9 74f9 74f9 74f9 74f9 7539 7539 7539 7539 7539 7d39 7d39 7d39 7d39 7d39 7d39 7d3a 7d3a 7d3a 7d7a 7d7a 7d7a 7d7a 7d7a 857a 857a 857a 857a 857a 857a 857a 857a 857a 857a 857a 85bb 85bb 85bb 8dbb 8dbb 8dbb 8dbb 8dbb 8dbb 8dbb 8dbb 8dbb 8dbb 8dfb 8dfb 8dfb 8dfb 8dfb 8dfb 8dfb 95fb 95fb 95fb 95fb 95fb 95fc 95fc 95fc 95fc 95fc 95fc 95fc 95fc 9dfc 9dfc 9dfc 9dfc 9e3c 9e3c 9e3c 9e3c 9e3c 9e3c 9e3c 9e3c 9e3c 9e3c 9e3c 9e3c 9e3c 9e3c 9e3c 9e3c 9e3c 9e3c a63d a63d a67d a67d a67d a67d a67d a67d a67d a67d a67d a67d a67d a67d a67c a67c a67c a67c ae7d ae7d ae7d ae7d ae7d ae7d ae7d aebd aebd aebd aebd aebd aebd aebd aebd aebd aebd aebd aebd aebd aebd aebd aebd b6bd b6bd b6bd b6bd b6bd b6bd b6bd b6bd b6bd b6bd b6bd b6bd b6fe b6bd b6bd b6bd b6fe b6fe b6fe b6fe b6fe b6fe b6fe b6fe b6fe befe befe befe befe befe b6fd aefd bf3e b6fe b6fd befe ae3b 31c9 424a 31c8 3188 3a09 2987 39c8 31c7 39c8 39c8 39c8 39c8 39c8 39c8 31c8 31c8 39c7 39c7 39c8 39c8 39c7 39c7 39c7 31c7 39c7 39c7 39c7 39c8 39c8 39c7 39c7 39c7 3187 31c7 3187 3187 3186 3187 3186 2946 2946 2946 2946 2946 2946 2946 2945 2945 2946 2946 2946 2946 2946 2946 2946 2946 2946 2946 2946 2946 2946 2946 2946 2946 2946 2946 2946 2946 2946 2946 2945 2945 2945 2145 2105 2105 2105 2105 2104 1904 18c4 18c3 18c3 18c3 1083 1082 1082 1082 0841 0041 0001 0001 0001 0001 0841 0841 0841 0842 0882 1082 1082 0882 0882 0882 1082 1082 1083 10c3 1083 1082 1082 0882 
5c36 5c36 5c36 5c36 5c76 6476 6476 6477 6476 6476 6477 6477 6477 6477 6477 6477 6477 6477 6477 64b7 64b7 64b7 64b7 64b7 6cb7 6cb7 6cb8 6cb8 6cb8 6cf8 6cf8 6cf8 6cf8 6cf8 6cf8 74f8 74f8 74f8 74f9 74f9 74f9 74f9 74f9 74f9 74f9 7539 7539 7539 7539 7539 7d39 7d39 7d39 7d39 7d3a 7d3a 7d3a 7d3a 7d3a 7d7a 7d7a 7d7a 7d7a 857a 857a 857a 857a 857a 857a 857a 857a 857a 857a 857a 857a 85bb 85bb 85bb 8dbb 8dbb 8dbb 8dbb 8dbb 8dbb 8dbb 8dbb 8dbb 8dbb 8dfb 8dfb 8dfb 8dfb 8dfb 8dfb 95fb 95fb 95fb 95fb 95fb 95fc 95fc 95fc 95fc 95fc 95fc 95fc 95fc 95fc 9dfc 9dfc 9dfc 9e3c 9e3c 9e3c 9e3c 9e3c 9e3c 9e3c 9e3c 9e3c 9e3c 9e3c 9e3c 9e3c 9e3c 9e3c 9e3c 9e3c 9e3c 9e3c a63d a63d a67d a67d a67d a67d a67d a67d a67d a67d a67c a67d a67d a67d a67c a67c a67c ae7d ae7d ae7d ae7d ae7d ae7d ae7d ae7d ae7d aebd aebd aebd aebd aebd aebd aebd aebd aebd aebd aebd aebd aebd aebd b6bd b6bd b6bd b6bd b6bd b6bd b6bd b6bd b6bd b6bd b6bd b6bd b6fe b6fe b6bd b6bd b6bd b6fe b6fe b6fe b6fe b6fe b6fe b6fe b6fe b6fe befe befe befe befe b6fe befe b6bd bf3e b6fd befe befe 84f5 31c9 39c9 31c9 31c8 3a09 3187 39c8 39c8 39c8 39c8 39c8 39c8 39c8 39c8 31c8 31c8 39c7 39c8 39c8 39c8 39c8 39c7 39c7 31c7 39c7 39c7 39c7 39c7 39c8 39c7 39c7 39c7 31c7 31c7 3187 3187 3186 3186 2986 2946 2946 2946 2945 2945 2945 2945 2945 2145 2945 2945 2946 2946 2946 2946 2946 2946 2946 2946 2946 2946 2946 2946 2946 2946 2946 2946 2946 2946 2946 2946 2946 2945 2145 2105 2105 2105 2105 2105 2105 2104 2104 2104 2104 18c4 18c3 1083 1083 1082 0882 0842 0841 0841 0041 0001 0001 0001 0001 0841 0841 0841 0841 0842 0842 0882 1082 1082 1082 1082 1082 0882 0842 0841 
5c36 5c36 5c36 5c76 5c76 6476 6477 6477 6476 6476 6477 6477 6477 6477 6477 6477 6477 6477 6477 64b7 64b7 64b7 64b7 64b7 6cb7 6cb7 6cb8 6cb8 6cb8 6cf8 6cf8 6cf8 6cf8 6cf8 74f8 74f8 74f8 74f8 74f9 74f9 74f9 74f9 74f9 74f9 74f9 7539 7539 7539 7539 7539 7d39 7d39 7d39 7d3a 7d3a 7d3a 7d3a 7d3a 7d3a 7d7a 7d7a 7d7a 7d7a 857a 857a 857a 857a 857a 857a 857a 857a 857a 857a 857a 857a 85bb 85bb 85bb 8dbb 8dbb 8dbb 8dbb 8dbb 8dbb 8dbb 8dbb 8dbb 8dbb 8dfb 8dfb 8dfb 8dfb 8dfb 8dfb 95fb 95fb 95fb 95fb 95fb 95fc 95fc 95fc 95fc 95fc 95fc 95fc 95fc 95fc 9dfc 9dfc 9dfc 9e3c 9e3c 9e3c 9e3c 9e3c 9e3c 9e3c 9e3c 9e3c 9e3c 9e3c 9e3c 9e3c 9e3c 9e3c 9e3c 9e3c 9e3c 9e3c a63d a63d a67d a67d a67d a67d a67d a67d a67d a67d a67d a67d a67d a67d a67c a67c a67c ae7d ae7d ae7d ae7d ae7d ae7d ae7d ae7d ae7d aebd aebd aebd aebd aebd aebd aebd aebd aebd aebd aebd aebd aebd aebd b6bd b6bd b6bd b6bd b6bd b6bd b6bd b6bd b6bd b6bd b6bd b6bd b6fe b6fe b6bd b6bd b6bd b6fe b6fe b6fe b6fe b6fe b6fe b6fe b6fe b6fe befe befe befe befe b6fe bf3f b6bd bf3e b6bd befe befd 6390 3a0a 2987 3a09 39c8 39c8 31c8 39c8 4208 39c8 39c8 39c8 39c8 39c8 39c8 39c8 31c8 39c7 39c8 39c8 39c8 39c8 39c7 39c7 31c7 39c7 39c7 39c7 39c7 39c7 39c7 39c7 39c7 39c7 39c7 3187 3187 3186 3186 2986 2946 2946 2945 2945 2945 2945 2945 2945 2145 2945 2945 2945 2945 2946 2946 2946 2946 2946 2946 2946 2946 2946 2946 2946 2946 2986 2946 2946 2946 2946 2946 2946 2945 2945 2945 2945 2945 2945 2945 2105 2105 2104 2104 2104 2104 18c4 18c3 18c3 18c3 1082 1082 1082 0842 0841 0841 0001 0001 0000 0000 0001 0041 0841 0841 0842 0882 0842 0842 0842 0842 0842 0841 0841 0841 
5c36 5c36 5c36 5c36 5c76 5c76 6476 6476 6476 6476 6477 6477 6477 6477 6477 6477 6477 6477 6477 64b7 64b7 6cb8 6cb8 6cb8 6cb7 6cb7 6cb8 6cb8 6cb8 6cf8 6cf8 6cf8 6cf8 6cf8 6cf8 74f8 74f8 74f9 74f9 74f9 74f9 74f9 74f9 74f9 7539 7539 7539 7539 7539 7539 7d39 7d39 7d39 7d39 7d3a 7d3a 7d3a 7d3a 7d7a 7d7a 7d7a 7d7a 7d7a 7d7a 857a 857a 857a 857a 857a 857a 857a 857a 857a 857a 85bb 85bb 85bb 85bb 8dbb 8dbb 8dbb 8dbb 8dbb 8dbb 8dbb 8dbb 8dbb 8dbb 8dfb 8dfb 8dfb 8dfb 8dfb 8dfb 8dfb 95fb 95fb 95fb 95fb 95fc 95fc 95fc 95fc 95fc 95fc 95fc 95fc 95fc 9dfc 9dfc 9e3c 9e3c 9e3c 9e3c 9e3c 9e3c 9e3c 9e3c 9e3c 9e3c 9e3c 9e3c 9e3c 9e3c 9e3c 9e3c 9e3c 9e3c a63d a63d a63c a63c a67c a67c a67d a67d a67d a67d a67c a67d a67d a67d a67d a67d a67c a67c ae7d ae7d ae7d ae7d ae7d ae7d ae7d ae7d ae7d aebd aebd aebd aebd aebd aebd aebd aebd aebd aebd aebd aebd aebd aebd aebd aebd b6bd b6bd b6bd b6be b6be b6bd b6bd b6bd b6bd b6bd b6bd b6bd b6bd b6fe b6fe b6fe b6fe b6fe b6fe b6fe b6fe b6fe b6fe b6fe befe befe befe befe befe befe befe b6bd bf3e befe befd bebd 3a8b 3209 39c8 31c8 39c8 39c8 39c8 39c8 39c8 39c8 39c8 3a08 39c8 39c8 39c8 39c8 31c8 39c8 39c8 39c8 39c7 39c7 39c7 31c7 31c7 39c8 39c8 39c8 39c8 39c8 39c7 39c7 39c7 31c7 3187 3187 3187 3187 3187 2986 2946 2946 2946 2945 2145 2105 2145 2945 2945 2945 2945 2945 2946 2946 2946 2946 2946 2945 2946 2946 2946 2946 2946 2946 2946 2946 2946 2946 2946 2946 2946 2946 2946 2945 2945 2945 2945 2945 2145 2105 2105 2104 2104 2104 2104 2104 1904 18c4 18c3 10c3 1083 1082 1082 0842 0841 0841 0841 0841 0041 0000 0000 0000 0000 0041 0841 0841 0841 0841 0841 0041 0001 0001 0000 
5c36 5c36 5c36 5c36 5c76 5c76 6476 6476 6476 6476 6477 6477 6477 6477 6477 6477 6477 6477 6477 64b7 64b7 6cb8 6cb8 6cb8 6cb7 6cb7 6cb8 6cb8 6cb8 6cf8 6cf8 6cf8 6cf8 6cf8 6cf8 74f8 74f8 74f9 74f9 74f9 74f9 74f9 74f9 74f9 7539 7539 7539 7539 7539 7539 7d39 7d39 7d39 7d3a 7d3a 7d3a 7d3a 7d3a 7d7a 7d7a 7d7a 7d7a 7d7a 7d7a 857a 857a 857a 857a 857a 857a 857a 857a 857a 857a 85bb 85bb 85bb 8dbb 8dbb 8dbb 8dbb 8dbb 8dbb 8dbb 8dbb 8dbb 8dbb 8dbb 8dfb 8dfb 8dfb 8dfb 8dfb 8dfb 8dfb 95fb 95fb 95fb 95fb 95fc 95fc 95fc 95fc 95fc 95fc 95fc 95fc 95fc 9dfc 9e3c 9e3c 9e3c 9e3c 9e3c 9e3c 9e3c 9e3c 9e3c 9e3c 9e3c 9e3c 9e3c 9e3c 9e3c 9e3c 9e3c 9e3c 9e3c a63d a63d a63c a67c a67c a67c a67d a67d a67d a67d a67c a67d a67d a67d a67d a67d a67c a67c ae7d ae7d ae7d ae7d ae7d ae7d ae7d ae7d ae7d aebd aebd aebd aebd aebd aebd aebd aebd aebd aebd aebd aebd aebd aebd aebd aebd b6bd b6bd b6bd b6be b6be b6bd b6bd b6bd b6bd b6bd b6bd b6bd b6bd b6fe b6fe b6fe b6fe b6fe b6fe b6fe b6fe b6fe b6fe befe befe befe befe befe befe b6fe befe b6fd befe befd c6fd a5f9 3a4b 31c9 39c8 39c8 39c8 39c8 39c8 39c8 39c8 41c8 41c8 3a08 3a08 39c8 39c8 39c8 39c8 39c8 39c8 39c8 39c7 39c7 39c7 31c7 31c7 39c7 39c7 39c7 39c7 31c7 31c7 31c7 31c7 39c7 31c7 3187 3187 3187 3187 3186 2946 2946 2946 2945 2945 2145 2145 2945 2945 2945 2945 2945 2946 2946 2946 2946 2946 2946 2946 2946 2946 2946 2946 2946 2946 2946 2946 2946 2946 2946 2946 2946 2946 2946 2946 2946 2945 2945 2945 2945 2145 2105 2105 2105 2105 2104 2104 2104 1904 18c3 18c3 18c3 1083 1082 1082 0882 0882 0842 0841 0841 0001 0001 0000 0001 0001 0001 0001 0001 0001 0001 0001 0001 0001 
5c36 5c36 5c36 5c36 5c76 5c76 6476 6476 6476 6476 6477 6477 6477 6477 6477 6477 6477 6477 6477 64b7 64b7 6cb8 6cb8 6cb8 6cb7 6cb7 6cb8 6cb8 6cb8 6cf8 6cf8 6cf8 6cf8 6cf8 6cf8 74f8 74f8 74f9 74f9 74f9 74f9 74f9 74f9 7539 7539 7539 7539 7539 7539 7539 7d39 7d39 7d39 7d3a 7d3a 7d3a 7d3a 7d3a 7d7a 7d7a 7d7a 7d7a 7d7a 7d7a 857a 857a 857a 857a 857a 857a 857a 857a 857a 85bb 85bb 85bb 85bb 8dbb 8dbb 8dbb 8dbb 8dbb 8dbb 8dbb 8dbb 8dbb 8dbb 8dbb 8dfb 8dfb 8dfb 8dfb 8dfb 8dfb 95fb 95fb 95fb 95fb 95fb 95fc 95fc 95fc 95fc 95fc 95fc 95fc 95fc 9e3c 9dfc 9e3c 9e3c 9e3c 9e3c 9e3c 9e3c 9e3c 9e3c 9e3c 9e3c 9e3c 9e3c 9e3c 9e3c 9e3c 9e3c 9e3c 9e3c 9e3c a63c a63c a63c a67c a67c a67d a67d a67d a67c a67c a67c a67d a67d a67d a67d a67d a67c a67c ae7d ae7d ae7d ae7d ae7d ae7d ae7d ae7d aebd aebd aebd aebd aebd aebd aebd aebd aebd aebd aebd aebd aebd aebd aebd aebd aebd b6bd b6bd b6bd b6be b6be b6bd b6bd b6bd b6bd b6bd b6bd b6bd b6bd b6fe b6fe b6fe b6fe b6fe b6fe b6fe b6fe b6fe b6fe befe befe befe befe befe befe befe befe befe befd bebd cf3e 7c74 320a 31c9 39c8 39c8 39c8 39c8 39c8 39c8 39c8 41c8 41c8 3a08 3a08 39c8 39c8 39c8 39c8 39c8 39c8 39c8 39c8 39c7 39c7 31c7 31c7 31c7 31c7 31c7 31c7 31c7 31c7 3187 3187 39c7 39c7 3187 3187 3187 3187 3186 2986 2946 2946 2946 2945 2945 2945 2145 2145 2945 2945 2945 2946 2946 2946 2946 2946 2946 2946 2946 2946 2946 2946 2946 2946 2946 2946 2946 2946 2946 2946 2946 2946 2946 2946 2946 2946 2946 2945 2945 2945 2945 2945 2945 2945 2145 2105 2105 2105 2104 1904 18c4 18c4 18c3 1083 1083 1082 1082 1082 0842 0841 0841 0841 0001 0000 0000 0000 0000 0000 0000 0000 0000 0000 
5c36 5c36 5c36 5c36 5c76 5c76 6476 6476 6476 6476 6477 6477 6477 6477 6477 6477 6477 6477 6477 64b7 64b7 6cb8 6cb8 6cb8 6cb7 6cb7 6cb8 6cb8 6cf8 6cf8 6cf8 6cf8 6cf8 6cf8 6cf8 74f8 74f8 74f9 74f9 74f9 74f9 74f9 74f9 7539 7539 7539 7539 7539 7539 7d39 7d39 7d39 7d3a 7d3a 7d3a 7d3a 7d3a 7d7a 7d7a 7d7a 7d7a 7d7a 7d7a 857a 857a 857a 857a 857a 857a 857a 857a 857a 85bb 85bb 85bb 85bb 85bb 8dbb 8dbb 8dbb 8dbb 8dbb 8dbb 8dbb 8dbb 8dbb 8dbb 8dbb 8dfb 8dfb 8dfb 8dfb 8dfb 95fb 95fb 95fb 95fb 95fb 95fc 95fc 95fc 95fc 95fc 95fc 95fc 95fc 95fc 9e3c 9dfc 9e3c 9e3c 9e3c 9e3c 9e3c 9e3c 9e3c 9e3c 9e3c 9e3c 9e3c 9e3c 9e3c 9e3c 9e3c 9e3c 9e3c 9e3c 9e3c a63c a63c a67c a67c a67c a67d a67d a67d a67c a67c a67c a67d a67d a67d a67d a67d a67c a67c ae7d ae7d ae7d ae7d ae7d ae7d ae7d ae7d aebd aebd aebd aebd aebd aebd aebd aebd aebd aebd aebd aebd aebd aebd aebd aebd aebd b6bd b6bd b6bd b6be b6be b6bd b6bd b6bd b6bd b6bd b6bd b6bd b6bd b6fe b6fe b6fe b6fe b6fe b6fe b6fe b6fe b6fe b6fe befe befe befe befe befe befe befe befe befe b6fd befd c6fe 530e 3209 31c8 39c8 39c8 3a08 3a08 39c8 39c8 39c8 41c8 39c8 39c8 39c8 39c8 39c8 39c8 39c8 39c8 39c8 39c8 39c8 39c7 39c7 39c7 31c7 39c7 39c7 39c7 39c7 39c7 39c7 39c7 39c7 39c8 39c7 3187 3187 3187 3187 3187 3186 2946 2946 2946 2946 2945 2945 2145 2145 2945 2945 2945 2945 2946 2946 2945 2945 2945 2945 2945 2946 2946 2946 2946 2946 2946 2946 2946 2946 2946 2946 2946 2946 2946 2946 2946 2946 2946 2946 2945 2945 2945 2945 2945 2945 2945 2145 2105 2105 2104 2104 2104 1904 18c4 18c3 1083 1083 1082 1082 1082 1082 0882 0842 0841 0841 0841 0841 0001 0000 0000 0000 0000 0000 
5c36 5c36 5c36 5c36 5c76 5c76 6476 6476 6476 6477 6477 6477 6477 6477 6477 6477 6477 6477 6477 64b7 64b7 6cb8 6cb8 6cb8 6cb7 6cb8 6cb8 6cb8 6cf8 6cf8 6cf8 6cf8 6cf8 6cf8 6cf8 74f8 74f8 74f9 74f9 74f9 74f9 74f9 7539 7539 7539 7539 7539 7539 7539 7d39 7d39 7d39 7d3a 7d3a 7d3a 7d3a 7d7a 7d7a 7d7a 7d7a 7d7a 7d7a 857a 857a 857a 857a 857a 857a 857a 857a 857a 857a 85bb 85bb 85bb 85bb 8dbb 8dbb 8dbb 8dbb 8dbb 8dbb 8dbb 8dbb 8dbb 8dbb 8dbb 8dbb 8dfb 8dfb 8dfb 8dfb 8dfb 95fb 95fb 95fb 95fb 95fb 95fc 95fc 95fc 95fc 95fc 95fc 95fc 95fc 95fc 9e3c 9e3c 9e3c 9e3c 9e3c 9e3c 9e3c 9e3c 9e3c 9e3c 9e3c 9e3c 9e3c 9e3c 9e3c 9e3c 9e3c 9e3c 9e3c 9e3c 9e3c a63c a67c a67c a67c a67d a67d a67c a67c a67c a67c a67c a67d a67c a67c a67c a67c a67c a67c ae7d ae7d ae7d ae7d ae7d ae7d aebd aebd aebd aebd aebd aebd aebd aebd aebd aebd aebd aebd aebd aebd aebd aebd aebd aebd aebd b6bd b6bd b6bd b6be b6be b6bd b6bd b6bd b6bd b6bd b6bd b6bd b6bd b6fe b6fe b6fe b6fe b6fe b6fe b6fe b6fe b6fe b6fe befe befe befe befe befe befe b6fe b6fd befe bebd c6fd b63b 3a4b 31c9 31c8 39c7 39c8 39c8 41c8 39c8 39c8 39c8 39c8 39c8 39c8 39c8 39c8 39c8 39c8 39c8 39c8 39c8 39c8 39c8 39c7 39c7 39c7 39c7 39c7 39c7 39c7 39c7 39c7 39c7 39c7 39c7 39c8 39c7 3187 3187 3187 3187 3187 3186 2946 2946 2946 2946 2945 2945 2145 2145 2945 2945 2945 2945 2945 2945 2945 2945 2945 2945 2945 2945 2945 2945 2945 2945 2946 2946 2946 2946 2946 2946 2946 2946 2946 2946 2946 2946 2945 2945 2945 2945 2105 2145 2145 2145 2145 2145 2105 2105 2105 2105 2105 2104 1904 18c4 18c3 18c3 10c3 1083 1082 1082 1082 1082 1082 1082 1082 1082 0842 0841 0841 0841 0841 0841 
5c36 5c36 5c36 5c36 5c76 5c76 6476 6476 6477 6477 6477 6477 6477 6477 6477 6477 6477 6477 6477 64b7 64b7 6cb8 6cb8 6cb8 6cb8 6cb8 6cb8 6cb8 6cf8 6cf8 6cf8 6cf8 6cf8 6cf8 6cf8 74f8 74f8 74f9 74f9 74f9 74f9 74f9 7539 7539 7539 7539 7539 7539 7d39 7d39 7d39 7d39 7d3a 7d3a 7d3a 7d3a 7d7a 7d7a 7d7a 7d7a 7d7a 7d7a 857a 857a 857a 857a 857a 857a 857a 857a 857a 857a 85bb 85bb 85bb 85bb 8dbb 8dbb 8dbb 8dbb 8dbb 8dbb 8dbb 8dbb 8dbb 8dbb 8dbb 8dbb 8dfb 8dfb 8dfb 8dfb 8dfb 95fb 95fb 95fb 95fb 95fb 95fc 95fc 95fc 95fc 95fc 95fc 95fc 95fc 9e3c 9e3c 9e3c 9e3c 9e3c 9e3c 9e3c 9e3c 9e3c 9e3c 9e3c 9e3c 9e3c 9e3c 9e3c 9e3c 9e3c 9e3c 9e3c 9e3c 9e3c 9e3c a67c a67c a67c a67d a67d a67d a67c a67c a67c a67c a67c a67d a67c a67c a67c a67c a67c a67c ae7d ae7d ae7d ae7d ae7d ae7d aebd aebd aebd aebd aebd aebd aebd aebd aebd aebd aebd aebd aebd aebd aebd aebd aebd aebd aebd b6bd b6bd b6bd b6be b6be b6bd b6bd b6bd b6bd b6bd b6bd b6fe b6fe b6fe b6fe b6fe b6fe b6fe b6fe b6fe b6fe b6fe b6fd befe befe befe befe befe befe befe b6fe befd befe c6fe 8cf5 320a 31c9 39c8 39c7 39c8 39c8 39c8 39c8 39c8 39c8 39c8 39c8 39c8 39c8 39c8 39c8 39c8 3a08 39c8 39c8 39c8 39c8 39c8 39c7 39c7 39c7 39c7 39c7 39c7 39c7 31c7 31c7 31c7 31c7 39c7 31c7 3187 3187 3187 3187 3187 3186 2946 2946 2946 2946 2945 2945 2145 2145 2945 2945 2945 2945 2945 2945 2945 2145 2946 2946 2946 2946 2946 2946 2946 2946 2946 2946 2946 2946 2946 2946 2946 2946 2945 2945 2945 2945 2945 2945 2945 2945 2105 2105 2105 2105 2105 2105 2105 2105 2105 2105 2105 2105 2104 2104 18c4 18c4 18c4 18c3 18c3 1083 1082 1082 1082 1082 1082 1082 1082 0842 0842 0841 0841 0841 
5c36 5c36 5c36 5c36 5c76 5c76 6476 6476 6477 6477 6477 6477 6477 6477 6477 6477 6477 6477 6477 64b7 64b7 6cb8 6cb8 6cb8 6cb8 6cb8 6cb8 6cb8 6cf8 6cf8 6cf8 6cf8 6cf8 6cf8 6cf8 74f8 74f8 74f9 74f9 74f9 74f9 7539 7539 7539 7539 7539 7539 7d39 7d39 7d39 7d39 7d39 7d3a 7d3a 7d3a 7d3a 7d7a 7d7a 7d7a 7d7a 7d7a 857a 857a 857a 857a 857a 857a 857a 857a 857a 857a 857a 85bb 85bb 85bb 8dbb 8dbb 8dbb 8dbb 8dbb 8dbb 8dbb 8dbb 8dbb 8dbb 8dbb 8dbb 8dfb 8dfb 8dfb 8dfb 8dfb 95fb 95fb 95fb 95fb 95fb 95fc 95fc 95fc 95fc 95fc 95fc 95fc 95fc 9e3c 9e3c 9e3c 9e3c 9e3c 9e3c 9e3c 9e3c 9e3c 9e3c 9e3c 9e3c 9e3c 9e3c 9e3c 9e3c 9e3c 9e3c 9e3c 9e3c 9e3c 9e3c 9e3c a67c a67c a67c a67d a67c a67c a67c a67c a67c a67c a67c a67d a67c a67c a67c a67c a67c a67c ae7d ae7d ae7d ae7d ae7d ae7d aebd aebd aebd aebd aebd aebd aebd aebd aebd aebd aebd aebd aebd aebd aebd aebd aebd aebd aebd b6bd b6bd b6bd b6be b6be b6bd b6bd b6bd b6bd b6bd b6fe b6fe b6fe b6fe b6fe b6fe b6fe b6fe b6fe b6fe b6fe b6fe b6fd befe befe befe befe befe befe befe befe b6fd c6fe bebd 534f 320a 3209 39c8 39c7 39c7 39c8 39c8 39c8 39c8 41c8 39c8 39c8 39c8 39c8 39c8 39c8 3a08 3a08 39c8 39c8 39c8 39c8 39c8 39c7 39c7 39c7 31c7 31c7 31c7 31c7 31c7 3187 3187 3187 31c7 31c7 3187 3187 3187 3187 3187 3186 2986 2946 2946 2945 2945 2145 2945 2945 2145 2945 2945 2945 2945 2945 2145 2145 2946 2946 2946 2945 2945 2945 2945 2945 2945 2945 2945 2945 2945 2945 2945 2945 2945 2945 2945 2945 2945 2945 2945 2145 2145 2145 2145 2105 2105 2105 2105 2145 2145 2105 2105 2105 2104 2104 2104 2104 1904 18c4 18c3 18c3 10c3 1083 1083 1083 1082 1082 1082 1082 0882 0842 0842 0842 
5c36 5c36 5c36 5c36 5c76 5c76 6476 6476 6477 6477 6477 6477 6477 6477 6477 6477 6477 6477 6477 64b7 64b7 6cb8 6cb8 6cb8 6cb8 6cb8 6cb8 6cb8 6cf8 6cf8 6cf8 6cf8 6cf8 6cf8 6cf8 74f8 74f8 74f9 74f9 74f9 7539 7539 7539 7539 7539 7539 7539 7d39 7d39 7d39 7d39 7d3a 7d3a 7d3a 7d3a 7d3a 7d7a 7d7a 7d7a 7d7a 7d7a 857a 857a 857a 857a 857a 857a 857a 857a 857a 857a 857a 85bb 85bb 85bb 8dbb 8dbb 8dbb 8dbb 8dbb 8dbb 8dbb 8dbb 8dbb 8dbb 8dbb 8dbb 8dfb 8dfb 8dfb 8dfb 8dfb 95fb 95fb 95fb 95fb 95fb 95fc 95fc 95fc 95fc 95fc 95fc 95fc 95fc 9e3c 9e3c 9e3c 9e3c 9e3c 9e3c 9e3c 9e3c 9e3c 9e3c 9e3c 9e3c 9e3c 9e3c 9e3c 9e3c 9e3c 9e3c 9e3c 9e3c 9e3c 9e3c 9e3c a67c a67c a67c a67d a67c a67c a67c a67c a67c a67c a67c a67d a67c a67c a67c a67c a67c a67c ae7d ae7d ae7d ae7d ae7d ae7d aebd aebd aebd aebd aebd aebd aebd aebd aebd aebd aebd aebd aebd aebd aebd aebd aebd aebd aebd b6bd b6bd b6bd b6be b6be b6bd b6bd b6bd b6bd b6fe b6fe b6fe b6fe b6fe b6fe b6fe b6fe b6fe b6fe b6fe b6fe b6fe b6fd b6fe befe befe befe befe befe befe befe b6bd befd b67b 320a 31c9 31c8 39c8 31c7 39c7 39c8 39c8 39c8 39c8 41c8 39c8 39c8 39c8 39c8 39c8 39c8 3a08 3a08 39c8 39c8 39c8 39c8 39c8 39c7 39c7 39c7 39c7 39c7 31c7 31c7 31c7 31c7 31c7 31c7 3187 3187 3187 31c7 31c7 3187 3187 2986 3186 2946 2946 2945 2145 2145 2945 2945 2145 2945 2945 2945 2945 2145 2145 2105 2945 2945 2945 2945 2945 2945 2945 2945 2945 2945 2945 2945 2945 2945 2945 2945 2945 2945 2945 2945 2945 2945 2945 2145 2945 2945 2945 2145 2145 2145 2145 2145 2145 2105 2105 2105 2104 2104 2104 2104 18c4 18c4 18c3 18c3 18c3 18c3 10c3 1083 1083 1083 1083 1082 1082 1082 1082 1082 
5c36 5c36 5c36 5c76 5c76 6476 6477 6477 6477 6477 6477 6477 6477 6477 6477 6477 64b7 64b7 64b7 64b7 6cb7 6cb7 6cb7 6cb8 6cb8 6cb8 6cf8 6cf8 6cb8 6cf8 6cf8 6cf8 6cf8 6cf8 74f8 74f8 74f8 74f9 74f9 74f9 74f9 74f9 7539 7539 7539 7539 7d39 7d39 7d39 7d39 7d39 7d39 7d3a 7d3a 7d3a 7d3a 7d7a 7d7a 7d7a 7d7a 7d7a 7d7a 7d7a 857a 857a 857a 857a 857a 857a 857a 857a 857a 85ba 85ba 85ba 85ba 85ba 8dbb 8dbb 8dbb 8dbb 8dbb 8dbb 8dbb 8dbb 8dbb 8dfb 8dfb 8dfb 8dfb 8dfb 95fb 95fb 95fb 95fb 95fb 95fc 95fc 95fb 95fc 95fc 95fc 95fc 95fc 9e3c 9e3c 9e3c 9e3c 9e3c 9e3c 9e3c 9e3c 9e3c 9e3c 9e3c 9e3c 9e3c 9e3c 9e3c 9e3c 9e3c 9e3c 9e3c 9e3c 9e3c 9e3c a63d a63d a63c a63c a63c a67c a67c a67c a67c a67c a67c a67c a67c a67c a67c a67c ae7d ae7d ae7d ae7d ae7d ae7d ae7d ae7d ae7d ae7d aebd aebd aebd aebd aebd aebd aebd aebd aebd aebd aebd aebd aebd aebd aebd aebd b6bd b6bd b6bd b6bd b6bd b6bd b6be b6be b6bd b6bd b6bd b6bd b6bd b6fe b6fe b6fe b6fe b6fe b6fe b6fe b6fe b6fe b6fe b6fe b6fe b6fd b6fe befe befe befe befe befe b6fe befe bf3e c6fd 7c73 424b 3188 39c8 39c8 39c8 39c8 39c8 39c8 39c8 39c8 39c8 39c8 39c8 39c8 39c8 39c8 39c8 39c8 39c8 39c8 39c8 39c8 39c8 39c8 39c7 39c7 39c8 39c7 31c7 31c7 31c7 39c7 39c7 31c7 3187 3187 3187 3187 3187 3187 3187 3187 3187 3186 2946 2946 2945 2145 2145 2145 2945 2945 2145 2145 2145 2145 2945 2945 2945 2145 2145 2145 2945 2945 2945 2945 2945 2945 2945 2945 2945 2945 2945 2945 2945 2945 2945 2145 2945 2945 2945 2945 2145 2945 2945 2945 2945 2945 2145 2145 2145 2105 2105 2105 2105 2105 2105 2105 2105 2104 18c4 18c4 18c3 18c3 10c3 1083 1083 10c3 1083 1083 1083 1083 1083 1083 1083 
5c36 5c36 5c36 5c76 6476 6476 6477 6477 6477 6477 6477 6477 6477 6477 6477 6477 64b7 64b7 64b7 64b7 6cb7 6cb7 6cb7 6cb8 6cb8 6cb8 6cf8 6cf8 6cb8 6cf8 6cf8 6cf8 6cf8 6cf8 74f8 74f8 74f8 74f9 74f9 74f9 74f9 74f9 7539 7539 7539 7539 7d39 7d39 7d39 7d39 7d39 7d39 7d3a 7d3a 7d3a 7d3a 7d7a 7d7a 7d7a 7d7a 7d7a 7d7a 7d7a 857a 857a 857a 857a 857a 857a 857a 857a 857a 85ba 85ba 85ba 85ba 8dbb 8dbb 8dba 8dba 8dbb 8dbb 8dbb 8dbb 8dbb 8dfb 8dfb 8dfb 8dfb 8dfb 8dfb 95fb 95fb 95fb 95fb 95fb 95fc 95fc 95fb 95fc 95fc 95fc 95fc 95fc 9e3c 9e3c 9e3c 9e3c 9e3c 9e3c 9e3c 9e3c 9e3c 9e3c 9e3c 9e3c 9e3c 9e3c 9e3c 9e3c 9e3c 9e3c 9e3c 9e3c 9e3c 9e3c a63d a63c a63c a63c a67c a67c a67c a67c a67c a67c a67c a67c a67c a67c a67c a67c ae7d ae7d ae7d ae7d ae7d ae7d ae7d ae7d ae7d ae7d aebd aebd aebd aebd aebd aebd aebd aebd aebd aebd aebd aebd aebd aebd aebd b6bd b6bd b6bd b6bd b6bd b6bd b6bd b6be b6be b6bd b6bd b6bd b6bd b6fe b6fe b6fe b6fe b6fe b6fe b6fe b6fe b6fe b6fe b6fe b6fe b6fe b6fd b6fe b6fe befe befe befe befe b6fe befe befd c6fd 5b4e 31c8 3187 41c8 39c8 39c8 39c8 39c8 39c8 39c8 39c8 39c8 39c8 39c8 39c8 39c8 39c8 39c8 39c8 39c8 39c8 39c8 39c8 39c8 39c7 39c7 39c7 39c7 39c7 39c7 31c7 39c7 39c7 39c7 31c7 3187 3187 3187 31c7 3187 3187 3187 3187 3186 3186 2986 2946 2945 2145 2145 2145 2145 2145 2105 2105 2105 2105 2105 2145 2145 2145 2145 2145 2145 2945 2945 2945 2945 2945 2945 2945 2945 2945 2945 2945 2945 2945 2945 2145 2945 2945 2945 2945 2145 2145 2945 2945 2945 2945 2145 2145 2105 2105 2105 2105 2105 2105 2105 2105 2105 2104 2104 18c4 18c4 18c3 18c3 18c3 18c3 10c3 1083 1083 1083 1083 1083 1083 1083 
5c36 5c36 5c76 5c76 6476 6476 6477 6477 6477 6477 6477 6477 6477 6477 6477 6477 64b7 64b7 64b7 64b7 6cb7 6cb7 6cb8 6cb8 6cb8 6cb8 6cf8 6cf8 6cf8 6cf8 6cf8 6cf8 6cf8 6cf8 74f8 74f8 74f9 74f9 74f9 74f9 74f9 74f9 7539 7539 7539 7539 7d39 7d39 7d39 7d39 7d39 7d39 7d3a 7d3a 7d3a 7d3a 7d7a 7d7a 7d7a 7d7a 7d7a 7d7a 857a 857a 857a 857a 857a 857a 857a 857a 857a 857a 85ba 85ba 85ba 85ba 8dbb 8dbb 8dba 8dba 8dbb 8dbb 8dbb 8dbb 8dbb 8dfb 8dfb 8dfb 8dfb 8dfb 8dfb 95fb 95fb 95fb 95fb 95fb 95fc 95fc 95fb 95fc 95fc 95fc 95fc 95fc 9e3c 9e3c 9e3c 9e3c 9e3c 9e3c 9e3c 9e3c 9e3c 9e3c 9e3c 9e3c 9e3c 9e3c 9e3c 9e3c 9e3c 9e3c 9e3c 9e3c 9e3c a63d a63d a63c a63c a63c a67c a67c a67c a67c a67c a67c a67c a67c a67c a67c a67c a67c ae7d ae7d ae7d ae7d ae7d ae7d ae7d ae7d ae7d ae7d aebd aebd aebd aebd aebd aebd aebd aebd aebd aebd aebd aebd aebd b6bd b6bd b6bd b6bd b6bd b6bd b6bd b6bd b6be b6be b6be b6bd b6bd b6bd b6bd b6fe b6fe b6fe b6fe b6fe b6fe b6fe b6fe b6fe b6fe b6fe b6fe b6fe b6fd b6fe b6fe befe befe befe befe befe befe befd b67a 3a4a 3188 3988 39c8 39c7 39c7 39c7 39c7 39c7 39c8 39c8 39c8 39c7 39c8 39c8 39c8 39c8 39c8 39c8 39c8 39c8 39c8 39c8 39c8 39c7 31c7 39c7 39c7 39c7 39c7 31c7 39c7 39c7 39c7 31c7 3187 31c7 31c7 31c7 3187 3187 3187 3186 3186 3186 2986 2946 2946 2945 2145 2145 2145 2105 2105 2105 2105 2105 2105 2105 2105 2145 2145 2145 2145 2145 2145 2145 2945 2145 2945 2945 2945 2945 2945 2945 2945 2945 2945 2145 2145 2945 2945 2945 2145 2145 2945 2945 2945 2945 2145 2145 2105 2145 2105 2105 2105 2105 2105 2104 2104 2104 2104 18c4 18c4 18c4 18c4 18c4 18c3 18c3 18c3 10c3 10c3 10c3 10c3 1083 1083 
5c36 5c36 5c76 5c76 6476 6477 6477 6477 6477 6477 6477 6477 6477 6477 6477 6477 64b7 64b7 64b7 6cb7 6cb7 6cb7 6cb8 6cb8 6cb8 6cb8 6cf8 6cf8 6cf8 6cf8 6cf8 6cf8 6cf8 74f9 74f8 74f8 74f9 74f9 74f9 74f9 74f9 7539 7539 7539 7539 7d39 7d39 7d39 7d39 7d39 7d39 7d3a 7d3a 7d3a 7d3a 7d3a 7d7a 7d7a 7d7a 7d7a 7d7a 857a 857a 857a 857a 857a 857a 857a 857a 857a 857a 85ba 85ba 85ba 85ba 85ba 8dbb 8dbb 8dba 8dba 8dbb 8dbb 8dbb 8dbb 8dbb 8dfb 8dfb 8dfb 8dfb 8dfb 8dfb 95fb 95fb 95fb 95fb 95fb 95fc 95fc 95fc 95fc 95fc 963c 95fc 95fc 9e3c 9e3c 9e3c 9e3c 9e3c 9e3c 9e3c 9e3c 9e3c 9e3c 9e3c 9e3c 9e3c 9e3c 9e3c 9e3c 9e3c 9e3c 9e3c 9e3c a63d a63d a63d a63c a63c a67c a67c a67c a67c a67c a67c a67c a67c a67c a67c a67c a67c a67c ae7d ae7d ae7d ae7d ae7d ae7d ae7d ae7d ae7d aebd aebd aebd aebd aebd aebd aebd aebd aebd aebd aebd aebd aebd b6bd b6bd b6bd b6bd b6bd b6bd b6bd b6bd b6be b6be b6be b6be b6bd b6bd b6fe b6fe b6fe b6fe b6fe b6fe b6fe b6fe b6fe b6fe b6fe b6fe b6fe b6fe b6fe b6fd b6fe b6fe befe befe befe befe bf3f b6bd c73d 84f5 29c9 39c9 39c8 39c8 39c7 39c7 39c7 39c7 39c7 39c7 39c7 39c7 39c7 39c8 39c8 39c8 39c8 39c8 39c8 39c8 39c7 39c8 39c8 39c8 39c7 31c7 39c7 39c7 39c7 39c7 39c7 39c7 39c7 39c7 31c7 3187 3187 3187 3187 3187 3187 3187 3187 3186 3186 3186 2946 2946 2945 2945 2145 2145 2105 2105 2105 2105 2105 2105 2105 2105 2105 2105 2105 2105 2145 2145 2145 2145 2145 2145 2945 2945 2945 2945 2945 2945 2945 2145 2145 2145 2945 2945 2945 2145 2145 2145 2145 2945 2145 2145 2105 2105 2145 2105 2105 2105 2105 2104 2104 2104 2104 18c4 18c4 18c4 18c4 18c4 18c3 18c3 18c3 18c3 18c3 18c3 18c3 18c3 18c3 10c3 
5c36 5c76 5c76 6476 6476 6477 6477 6477 6477 6477 6477 6477 6477 6477 6477 64b7 64b7 64b7 64b7 6cb7 6cb7 6cb8 6cb8 6cb8 6cb8 6cb8 6cf8 6cf8 6cf8 6cf8 6cf8 74f8 74f9 74f9 74f8 74f8 74f9 74f9 74f9 74f9 7539 7539 7539 7539 7539 7d39 7d39 7d39 7d39 7d39 7d39 7d3a 7d3a 7d3a 7d3a 7d7a 7d7a 7d7a 7d7a 7d7a 7d7a 857a 857a 857a 857a 857a 857a 857a 857a 857a 85ba 85ba 85ba 85ba 85ba 8dbb 8dbb 8dbb 8dba 8dbb 8dbb 8dbb 8dbb 8dbb 8dfb 8dfb 8dfb 8dfb 8dfb 8dfb 8dfb 95fb 95fb 95fb 95fb 95fb 95fc 95fc 95fc 95fc 95fc 963c 95fc 95fc 9e3c 9e3c 9e3c 9e3c 9e3c 9e3c 9e3c 9e3c 9e3c 9e3c 9e3c 9e3c 9e3c 9e3c 9e3c 9e3c 9e3c 9e3c 9e3c 9e3c a63d a63d a67d a67c a67c a67c a67c a67c a67c a67c a67c a67d a67c a67c a67c a67c a67c ae7d ae7d ae7d ae7d ae7d ae7d ae7d ae7d ae7d aebd aebd aebd aebd aebd aebd aebd aebd aebd aebd aebd aebd aebd b6bd b6bd b6bd b6bd b6bd b6bd b6bd b6bd b6bd b6be b6be b6be b6be b6fe b6fe b6fe b6fe b6fe b6fe b6fe b6fe b6fe b6fe b6fe b6fe b6fe b6fe b6fe b6fe b6fe b6fd b6fe befe befe befe befe befe befe b6bd c73e 4b0e 31c9 39c9 3988 39c8 3987 31c7 31c7 31c7 31c7 31c7 31c7 31c7 39c8 39c8 39c8 39c8 39c8 39c8 39c8 39c8 39c7 39c8 39c8 39c8 39c7 39c7 39c7 39c7 39c7 39c7 31c7 39c7 39c7 39c7 31c7 3187 3187 3187 3187 3187 3187 3187 3187 3187 3187 3186 2946 2946 2946 2945 2145 2145 2145 2145 2105 2105 2105 2105 2105 2105 2105 2105 2105 2105 2105 2105 2105 2105 2105 2145 2145 2945 2945 2945 2145 2145 2945 2145 2145 2145 2945 2945 2945 2145 2145 2145 2145 2145 2145 2145 2105 2105 2145 2105 2105 2105 2105 2104 2104 2104 1904 18c4 18c4 18c4 18c4 18c4 18c3 18c3 18c4 18c3 18c3 18c3 18c3 18c3 18c3 18c3 
5c76 5c76 5c76 6476 6477 6477 6477 6477 6477 6477 6477 6477 6477 6477 6477 64b7 64b7 64b7 64b7 6cb7 6cb7 6cb8 6cb8 6cb8 6cb8 6cf8 6cf8 6cf8 6cf8 6cf8 6cf8 74f8 74f9 74f9 74f8 74f9 74f9 74f9 74f9 74f9 7539 7539 7539 7539 7539 7d39 7d39 7d39 7d39 7d39 7d3a 7d3a 7d3a 7d3a 7d7a 7d7a 7d7a 7d7a 7d7a 7d7a 7d7a 857a 857a 857a 857a 857a 857a 857a 857a 857a 85ba 85ba 85ba 85ba 85ba 8dbb 8dbb 8dbb 8dbb 8dbb 8dbb 8dbb 8dbb 8dbb 8dfb 8dfb 8dfb 8dfb 8dfb 8dfb 8dfb 95fb 95fb 95fb 95fb 95fb 95fc 95fc 95fc 95fc 95fc 963c 95fc 9e3c 9e3c 9e3c 9e3c 9e3c 9e3c 9e3c 9e3c 9e3c 9e3c 9e3c 9e3c 9e3c 9e3c 9e3c 9e3c 9e3c 9e3c 9e3c 9e3c a63d a63d a63d a67d a67c a67c a67c a67c a67c a67c a67c a67d a67d a67c a67c a67c a67c a67c ae7d ae7d ae7d ae7d ae7d ae7d ae7d ae7d aebd aebd aebd aebd aebd aebd aebd aebd aebd aebd aebd b6bd b6bd b6bd b6bd b6bd b6bd b6bd b6bd b6bd b6bd b6bd b6be b6be b6be b6be b6be b6fe b6fe b6fe b6fe b6fe b6fe b6fe b6fe b6fe b6fe b6fe b6fe b6fe b6fe b6fe b6fe b6fe b6fd befe befe befe befe befe befe befe befd b6bc 320a 3209 31c8 3188 39c8 39c7 31c7 31c7 31c7 31c7 31c7 3187 3187 39c8 39c8 39c8 39c8 39c8 39c8 39c8 39c8 39c7 39c7 39c8 39c7 39c7 39c7 39c7 39c7 39c7 31c7 31c7 31c7 39c7 39c7 31c7 3187 3187 3187 3187 3187 3187 3187 3187 3187 3187 3186 2986 2946 2946 2945 2145 2145 2945 2945 2145 2105 2105 2105 2105 2105 2105 2105 2105 2105 2105 2105 2105 2105 2105 2105 2145 2145 2145 2145 2145 2145 2945 2145 2105 2145 2945 2945 2145 2105 2105 2145 2145 2145 2145 2105 2105 2105 2105 2105 2105 2105 2105 2104 2104 2104 2104 1904 18c4 18c4 18c4 18c4 18c4 18c3 18c4 18c3 18c3 18c3 18c3 18c3 18c3 18c3 
5c76 5c76 6476 6476 6477 6477 6477 6477 6477 6477 6477 6477 6477 6477 6477 64b7 64b7 64b7 6cb7 6cb7 6cb7 6cb8 6cb8 6cb8 6cb8 6cf8 6cf8 6cf8 6cf8 6cf8 6cf8 74f8 74f9 74f9 74f8 74f9 74f9 74f9 74f9 74f9 7539 7539 7539 7539 7d39 7d39 7d39 7d39 7d39 7d39 7d3a 7d3a 7d3a 7d3a 7d7a 7d7a 7d7a 7d7a 7d7a 7d7a 857a 857a 857a 857a 857a 857a 857a 857a 857a 85bb 85ba 85ba 85ba 85ba 8dbb 8dbb 8dbb 8dbb 8dbb 8dbb 8dbb 8dbb 8dbb 8dbb 8dfb 8dfb 8dfb 8dfb 8dfb 8dfb 8dfb 95fb 95fb 95fb 95fb 95fb 95fc 95fc 95fc 95fc 963c 963c 9e3c 9e3c 9e3c 9e3c 9e3c 9e3c 9e3c 9e3c 9e3c 9e3c 9e3c 9e3c 9e3c 9e3c 9e3c 9e3c 9e3c 9e3c 9e3c 9e3c a63d a63d a63d a67d a67d a67c a67c a67c a67c a67c a67c a67c a67d a67d a67c a67c a67c a67c a67c ae7d ae7d ae7d ae7d ae7d ae7d ae7d ae7d aebd aebd aebd aebd aebd aebd aebd aebd aebd aebd aebd b6bd b6bd b6bd b6bd b6bd b6bd b6bd b6bd b6bd b6bd b6be b6be b6be b6be b6be b6be b6fe b6fe b6fe b6fe b6fe b6fe b6fe b6fe b6fe b6fe b6fe b6fe b6fe b6fe b6fe b6fe b6fe b6fe befe befe befe befe befe befe befe c6fd 8d36 29c9 31c8 3188 39c8 39c8 39c7 39c7 31c7 31c7 31c7 3187 3187 3187 31c7 31c7 31c7 39c7 39c7 39c7 39c8 39c8 31c7 39c7 39c7 39c7 31c7 31c7 39c7 39c7 31c7 3187 3187 3187 31c7 31c7 3187 3187 3187 3187 3187 3187 3187 3187 3187 3187 3187 3187 3186 2946 2946 2945 2145 2145 2945 2945 2145 2105 2105 2105 2105 2105 2105 2105 2105 2105 2105 2105 2105 2105 2105 2105 2105 2145 2145 2145 2145 2105 2945 2145 2105 2105 2145 2945 2145 2105 2105 2145 2145 2145 2145 2105 2105 2105 2105 2105 2105 2105 2105 2104 2104 2104 2104 2104 1904 18c4 18c4 18c4 18c4 18c3 18c4 18c4 18c3 18c3 18c3 18c3 18c3 18c3 
5c76 5c76 6476 6476 6477 6477 6477 6477 6477 6477 6477 6477 6477 6477 6477 64b7 64b7 64b7 6cb7 6cb7 6cb7 6cb8 6cb8 6cb8 6cb8 6cf8 6cf8 6cf8 6cf8 6cf8 6cf8 74f8 74f9 74f9 74f8 74f9 74f9 74f9 74f9 74f9 7539 7539 7539 7539 7d39 7d39 7d39 7d39 7d39 7d39 7d3a 7d3a 7d3a 7d7a 7d7a 7d7a 7d7a 7d7a 7d7a 7d7a 857a 857a 857a 857a 857a 857a 857a 857a 857a 85bb 85ba 85ba 85ba 85ba 8dbb 8dbb 8dbb 8dbb 8dbb 8dbb 8dbb 8dbb 8dbb 8dbb 8dfb 8dfb 8dfb 8dfb 8dfb 8dfb 8dfb 95fb 95fb 95fb 95fb 95fb 95fc 95fc 95fc 95fc 963c 963c 9e3c 9e3c 9e3c 9e3c 9e3c 9e3c 9e3c 9e3c 9e3c 9e3c 9e3c 9e3c 9e3c 9e3c 9e3c 9e3c 9e3c 9e3c 9e3c 9e3c a63d a63d a63d a67d a67d a67c a67c a67c a67c a67c a67c a67d a67d a67d a67c a67c a67c a67c ae7d ae7d ae7d ae7d ae7d ae7d ae7d ae7d aebd aebd aebd aebd aebd aebd aebd aebd aebd aebd aebd aebd b6bd b6bd b6bd b6bd b6bd b6bd b6bd b6bd b6bd b6bd b6be b6be b6be b6be b6be b6be b6fe b6fe b6fe b6fe b6fe b6fe b6fe b6fe b6fe b6fe b6fe b6fe b6fe b6fe b6fe b6fe b6fe befe befe befe befe befe befe befe c6fe c6fd 5b4f 3209 2988 3187 41c8 3187 39c7 39c7 31c7 31c7 31c7 3187 3187 3187 3187 3187 3187 3187 39c7 39c7 39c8 39c8 3187 31c7 39c7 39c7 31c7 3187 31c7 39c7 31c7 3187 3187 3187 31c7 31c7 3187 3187 3187 3187 3187 3187 3187 3187 3187 3187 3187 3187 3186 2946 2946 2945 2145 2145 2945 2945 2145 2105 2105 2105 2105 2105 2105 2105 2105 2105 2105 2105 2105 2105 2105 2105 2105 2145 2145 2145 2105 2105 2945 2145 2105 2105 2145 2945 2145 2105 2105 2105 2145 2145 2145 2105 2105 2105 2105 2105 2105 2105 2105 2104 2104 2104 2104 2104 1904 18c4 18c4 18c4 18c4 18c3 18c4 18c4 18c3 18c3 18c3 18c3 18c3 18c3 
5c76 5c76 6476 6476 6477 6477 6477 6477 6477 6477 6477 6477 6477 6477 64b7 64b7 64b7 64b7 64b7 6cb7 6cb7 6cb7 6cb8 6cb8 6cb8 6cb8 6cf8 6cf8 6cf8 6cf8 74f8 74f8 74f9 74f9 74f8 74f9 74f9 74f9 74f9 74f9 7539 7539 7539 7539 7d39 7d39 7d39 7d39 7d3a 7d3a 7d3a 7d3a 7d3a 7d7a 7d7a 7d7a 7d7a 7d7a 7d7a 857a 857a 857a 857a 857a 857a 857a 857a 857a 857a 85bb 85ba 85ba 85ba 8dbb 8dbb 8dbb 8dbb 8dbb 8dbb 8dbb 8dbb 8dbb 8dbb 8dbb 8dfb 8dfb 8dfb 8dfb 8dfb 8dfb 95fb 95fb 95fb 95fb 95fb 95fb 95fc 95fc 95fc 963c 963c 963c 9e3c 9e3c 9e3c 9e3c 9e3c 9e3c 9e3c 9e3c 9e3c 9e3c 9e3c 9e3c 9e3c 9e3c 9e3c 9e3c 9e3c 9e3c 9e3c 9e3c 9e3c 9e3c a63d a63d a63d a63c a67d a67c a67c a67c a67c a67c a67c a67d a67c a67c a67c a67c ae7d ae7d ae7d ae7d ae7d ae7d ae7d ae7d ae7d aebd aebd aebd aebd aebd aebd aebd aebd aebd aebd aebd b6bd b6bd b6bd b6bd b6bd b6bd b6bd b6bd b6bd b6bd b6bd b6be b6be b6be b6be b6be b6fe b6fe b6fe b6fe b6fe b6fe b6fe b6fe b6fe b6fe b6fe b6fe b6fe b6fe b6fe b6fe bf3e aebd befe befe befe bf3f befe befe befd cefd 320a 31c9 2987 31c8 3187 3987 31c7 31c7 3187 3187 3187 3187 3187 3187 3187 3187 3187 3187 3187 3187 3187 3187 3187 3187 3187 3187 3187 3187 3187 31c7 3187 3187 3187 3187 3187 3187 3187 3187 3187 3187 3187 3187 3187 3187 3187 3187 3186 3186 3186 3186 2946 2946 2946 2945 2945 2945 2945 2145 2105 2105 2105 2105 2105 2105 2105 2105 2105 2105 2105 2105 2105 2105 2105 2105 2105 2105 2145 2145 2105 2105 2105 2105 2105 2105 2105 2105 2105 2105 2105 2105 2105 2105 2105 2105 2105 2105 2105 2105 2105 2105 2105 2105 1904 1904 18c4 18c4 18c4 18c4 18c4 18c3 18c4 18c4 18c3 18c3 10c3 18c3 18c3 18c4 
5c76 5c76 6476 6476 6477 6477 6477 6477 6477 6477 6477 6477 6477 6477 64b7 64b7 64b7 64b7 64b7 6cb7 6cb7 6cb7 6cb8 6cb8 6cb8 6cb8 6cf8 6cf8 6cf8 6cf8 74f8 74f8 74f9 74f9 74f8 74f9 74f9 74f9 74f9 74f9 7539 7539 7539 7539 7d39 7d39 7d39 7d39 7d3a 7d3a 7d3a 7d3a 7d3a 7d7a 7d7a 7d7a 7d7a 7d7a 7d7a 857a 857a 857a 857a 857a 857a 857a 857a 857a 857a 85bb 85ba 85ba 85ba 8dbb 8dbb 8dbb 8dbb 8dbb 8dbb 8dbb 8dbb 8dbb 8dbb 8dbb 8dfb 8dfb 8dfb 8dfb 8dfb 8dfb 95fb 95fb 95fb 95fb 95fb 95fb 95fc 95fc 95fc 963c 963c 963c 9e3c 9e3c 9e3c 9e3c 9e3c 9e3c 9e3c 9e3c 9e3c 9e3c 9e3c 9e3c 9e3c 9e3c 9e3c 9e3c 9e3c 9e3c a63d a63d a63d a63d a63d a67d a67d a67c a67d a67c a67c a67c a67c a67c a67d a67d a67c a67c a67c ae7d ae7d ae7d ae7d ae7d ae7d ae7d ae7d ae7d ae7d aebd aebd aebd aebd aebd aebd aebd aebd aebd aebd aebd b6bd b6bd b6bd b6bd b6bd b6bd b6bd b6bd b6bd b6bd b6be b6be b6be b6be b6be b6be b6fe b6fe b6fe b6fe b6fe b6fe b6fe b6fe b6fe b6fe b6fe b6fe b6fe b6fe b6fe b6fe befe b6fe bf3e b6fe b6fd befe b6fd befe c6fd 8d36 31c9 31c8 31c8 3187 3187 3187 31c7 3187 3187 3187 3187 3187 3187 3187 3187 3187 3187 3187 3187 3187 3187 3187 3187 3187 3187 3187 3187 3187 3187 31c7 3187 3187 31c7 31c7 31c7 3187 3187 3187 3187 3187 3187 3187 3187 3187 3187 3187 3187 3187 3186 3186 2986 2946 2946 2945 2945 2945 2945 2105 2105 2105 2105 2105 2105 2105 2105 2105 2105 2105 2105 2105 2105 2105 2105 2105 2105 2105 2105 2105 2105 2105 2105 2105 2105 2105 2105 2105 2105 2105 2105 2105 2105 2105 2105 2105 2104 2104 2105 2105 2105 2104 2104 2104 1904 1904 18c4 18c4 18c4 18c4 18c4 18c3 18c4 18c4 18c3 18c3 10c3 18c3 18c3 18c4 
5c76 5c76 6476 6476 6477 6477 6477 6477 6477 6477 6477 6477 6477 6477 64b7 6cb7 64b7 64b7 64b7 6cb7 6cb7 6cb8 6cb8 6cb8 6cb8 6cb8 6cf8 6cf8 6cf8 6cf8 74f8 74f8 74f9 74f9 74f8 74f9 74f9 74f9 74f9 7539 7539 7539 7539 7539 7d39 7d39 7d39 7d39 7d3a 7d3a 7d3a 7d3a 7d7a 7d7a 7d7a 7d7a 7d7a 7d7a 7d7a 857a 857a 857a 857a 857a 857a 857a 857a 857a 857a 85bb 85ba 85ba 85ba 8dbb 8dbb 8dbb 8dbb 8dbb 8dbb 8dbb 8dbb 8dbb 8dbb 8dbb 8dfb 8dfb 8dfb 8dfb 8dfb 95fb 95fb 95fb 95fb 95fb 95fb 95fb 95fc 95fc 95fc 963c 963c 963c 9e3c 9e3c 9e3c 9e3c 9e3c 9e3c 9e3c 9e3c 9e3c 9e3c 9e3c 9e3c 9e3c 9e3c 9e3c 9e3c 9e3c a63d a67d a67d a67d a67d a67d a67d a67d a67d a67d a67c a67c a67c a67c a67c a67d a67d a67c a67c a67c ae7d ae7d ae7d ae7d ae7d ae7d ae7d ae7d ae7d aebd aebd aebd aebd aebd aebd aebd aebd aebd aebd aebd aebd b6bd b6bd b6bd b6bd b6bd b6bd b6bd b6bd b6bd b6bd b6be b6be b6be b6be b6be b6be b6fe b6fe b6fe b6fe b6fe b6fe b6fe b6fe b6fe b6fe b6fe b6fe b6fe b6fe b6fe b6fe befe befe bf3f b6fd b6fe bf3e befd c6fe c6fd 4acd 31c9 2988 31c8 3187 3187 3187 3187 3187 3187 3187 3187 3187 3187 3187 3187 3187 3187 3187 3187 3187 3187 3187 3187 3187 3187 3187 3187 3187 3187 31c7 3187 3187 31c7 31c7 31c7 31c7 3187 3187 3187 3187 3187 3187 3187 3187 3187 3187 3187 3187 3187 3186 2986 2946 2946 2945 2945 2945 2145 2105 2105 2105 2105 2105 2105 2105 2105 2105 2105 2105 2105 2105 2105 2105 2105 2105 2105 2105 2105 2105 2105 2105 2105 2105 2105 2105 2105 2105 2105 2105 2105 2105 2105 2105 2105 2105 2104 2104 2104 2104 2104 2104 2104 2104 2104 1904 18c4 18c4 18c4 18c4 18c3 18c3 18c4 18c4 18c4 18c3 10c3 10c3 18c3 18c4 
5c76 6476 6476 6477 6477 6477 6477 6477 6477 6477 6477 6477 6477 6477 64b7 6cb7 64b7 64b7 6cb7 6cb7 6cb7 6cb8 6cb8 6cb8 6cb8 6cf8 6cf8 6cf8 6cf8 74f8 74f8 74f8 74f9 74f9 74f9 74f9 74f9 74f9 7539 7539 7539 7539 7539 7539 7d39 7d39 7d39 7d39 7d3a 7d3a 7d3a 7d3a 7d7a 7d7a 7d7a 7d7a 7d7a 7d7a 857a 857a 857a 857a 857a 857a 857a 857a 857a 857a 85bb 85bb 85ba 85ba 8dbb 8dbb 8dbb 8dbb 8dbb 8dbb 8dbb 8dbb 8dbb 8dbb 8dbb 8dbb 8dfb 8dfb 8dfb 8dfb 95fb 95fb 95fb 95fb 95fb 95fb 95fb 95fc 95fc 95fc 95fc 963c 963c 963c 9e3c 9e3c 9e3c 9e3c 9e3c 9e3c 9e3c 9e3c 9e3c 9e3c 9e3c 9e3c 9e3c 9e3c 9e3c 9e3c a63d a63d a63d a67d a67d a67d a67d a67d a67d a67d a67d a67c a67c a67c a67c a67d a67d a67d a67c a67c ae7d ae7d ae7d ae7d ae7d ae7d ae7d ae7d ae7d aebd aebd aebd aebd aebd aebd aebd aebd aebd aebd aebd aebd aebd b6bd b6bd b6bd b6bd b6bd b6bd b6bd b6bd b6be b6be b6be b6be b6be b6be b6fe b6fe b6fe b6fe b6fe b6fe b6fe b6fe b6fe b6fe b6fe b6fe b6fe b6fe b6fe b6fe b6fe befe befe befe befe b6fd bf3e bf3e b6fd befd b67b 31c9 31c9 2987 3187 3187 3987 3186 3187 3187 3187 3187 3187 3187 3187 3187 3187 3187 3187 3187 3186 3186 3187 3187 3187 3187 3187 3187 3187 3187 3187 3187 3187 3187 3187 3187 3187 3187 3187 3187 3187 3187 3187 3187 3187 3187 3187 3186 3187 3187 3187 3186 2986 2946 2946 2945 2945 2945 2145 2105 2105 2105 2105 2105 2105 2105 2105 2105 2105 2105 2105 2105 2105 2105 2105 2105 2105 2105 2105 2105 2105 2105 2105 2105 2105 2105 2105 2105 2105 2105 2105 2105 2105 2105 2105 2105 2104 2104 2104 2104 2104 2104 2104 2104 2104 1904 18c4 18c4 18c4 18c3 18c3 18c3 18c4 18c4 18c4 18c3 18c3 10c3 18c3 18c3 
6476 6476 6476 6477 6477 6477 6477 6477 6477 6477 6477 6477 6477 64b7 6cb7 6cb7 64b7 64b7 6cb7 6cb7 6cb7 6cb8 6cb8 6cb8 6cf8 6cf8 6cf8 6cf8 6cf8 74f8 74f8 74f8 74f9 74f9 74f9 74f9 74f9 74f9 7539 7539 7539 7539 7539 7539 7d39 7d39 7d39 7d39 7d3a 7d3a 7d3a 7d7a 7d7a 7d7a 7d7a 7d7a 7d7a 7d7a 857a 857a 857a 857a 857a 857a 857a 857a 857a 857a 85bb 85bb 85ba 85ba 8dbb 8dbb 8dbb 8dbb 8dbb 8dbb 8dbb 8dbb 8dbb 8dbb 8dbb 8dbb 8dfb 8dfb 8dfb 8dfb 95fb 95fb 95fb 95fb 95fb 95fb 95fc 95fc 95fc 95fc 95fc 963c 963c 963c 9e3c 9e3c 9e3c 9e3c 9e3c 9e3c 9e3c 9e3c 9e3c 9e3c 9e3c 9e3c 9e3c 9e3c 9e3c a63d a63d a63d a63d a63d a63d a63d a67d a67d a67d a67c a67d a67c a67c a67c a67d a67d a67d a67d a67c ae7d ae7d ae7d ae7d ae7d ae7d ae7d ae7d ae7d ae7d aebd aebd aebd aebd aebd aebd aebd aebd aebd aebd aebd aebd aebd b6bd b6bd b6bd b6bd b6bd b6bd b6bd b6be b6be b6be b6be b6be b6be b6be b6fe b6fe b6fe b6fe b6fe b6fe b6fe b6fe b6fe b6fe b6fe b6fe b6fe b6fe b6fe befe befe befe befe befe b6fe befe b6fe b6fd befd c6fd 7cb4 29c9 31c8 3187 3147 3187 39c7 2986 3187 3187 3187 3187 3186 3186 3187 3187 3186 3186 3186 3186 3186 3186 3187 3187 3187 3187 3187 3187 3187 3187 3187 3187 3187 3187 3187 3187 3187 3187 3187 3187 3187 3187 3187 3187 3187 3187 3186 3186 3187 3187 3187 3186 2986 2946 2946 2946 2945 2945 2145 2105 2105 2105 2105 2105 2105 2105 2105 2105 2105 2105 2105 2105 2105 2105 2105 2105 2105 2105 2105 2105 2105 2105 2105 2105 2105 2105 2105 2105 2105 2105 2105 2105 2105 2105 2104 2104 2105 2105 2105 2105 2104 2104 2104 2104 2104 1904 18c4 18c4 18c4 18c3 18c3 18c3 18c4 18c4 18c4 18c3 18c3 10c3 18c3 18c3 
6476 6476 6477 6477 6477 6477 6477 6477 6477 6477 6477 6477 6477 64b7 6cb7 6cb7 64b7 6cb7 6cb7 6cb7 6cb8 6cb8 6cb8 6cb8 6cf8 6cf8 6cf8 6cf8 6cf8 74f8 74f8 74f8 74f9 74f9 74f9 74f9 74f9 74f9 7539 7539 7539 7539 7539 7539 7d39 7d39 7d39 7d39 7d3a 7d3a 7d3a 7d7a 7d7a 7d7a 7d7a 7d7a 7d7a 857a 857a 857a 857a 857a 857a 857a 857a 857a 857a 857a 85bb 85bb 85ba 85ba 8dbb 8dbb 8dbb 8dbb 8dbb 8dbb 8dbb 8dbb 8dbb 8dbb 8dbb 8dfb 8dfb 8dfb 8dfb 8dfb 95fb 95fb 95fb 95fb 95fb 95fc 95fc 95fc 95fc 95fc 95fc 963c 963c 963c 9e3c 9e3c 9e3c 9e3c 9e3c 9e3c 9e3c 9e3c 9e3c 9e3c 9e3c 9e3c 9e3c 9e3c 9e3c a63d a63d a63d a63d a63d a63d a63d a67d a67d a67d a67c a67d a67c a67c a67c a67d a67d a67d a67d ae7d ae7d ae7d ae7d ae7d ae7d ae7d ae7d ae7d ae7d aebd aebd aebd aebd aebd aebd aebd aebd aebd aebd aebd aebd b6be aebd b6bd b6bd b6bd b6bd b6bd b6be b6be b6be b6be b6be b6be b6be b6be b6fe b6fe b6fe b6fe b6fe b6fe b6fe b6fe b6fe b6fe b6fe b6fe b6fe b6fe b6fe befe befe befe befe befe befe befe bf3f b6fe b6fd c73e c73d 428c 31c9 3188 3187 3147 3187 3187 2946 3187 3187 3187 3186 3186 3186 3186 3186 2986 2986 2986 2986 2986 3186 3186 3186 3186 3186 3187 3186 3186 3186 3186 3187 3186 3186 3187 3187 3187 3187 3187 3187 3187 3187 3187 3187 3187 3187 3187 3187 3186 3186 3186 3186 3186 2946 2946 2946 2945 2945 2145 2105 2105 2105 2105 2105 2105 2105 2105 2105 2105 2105 2105 2105 2105 2105 2105 2105 2105 2105 2105 2105 2105 2105 2105 2105 2105 2105 2105 2105 2105 2105 2105 2104 2104 2104 2104 2104 2105 2105 2105 2105 2104 2104 2104 2104 1904 18c4 18c4 18c4 18c3 18c3 18c4 18c4 18c4 18c4 18c4 18c3 18c3 18c3 18c3 18c3 
6476 6476 6477 6477 6477 6477 6477 6477 6477 6477 6477 6477 6477 64b7 6cb7 6cb8 64b7 6cb7 6cb7 6cb7 6cb8 6cb8 6cb8 6cb8 6cf8 6cf8 6cf8 6cf8 74f8 74f8 74f8 74f8 74f9 74f9 74f9 74f9 74f9 7539 7539 7539 7539 7539 7539 7539 7d39 7d39 7d39 7d39 7d3a 7d3a 7d3a 7d7a 7d7a 7d7a 7d7a 857a 857a 857a 857a 857a 857a 857a 857a 857a 857a 857a 857a 85bb 85bb 85bb 85ba 8dbb 8dbb 8dbb 8dbb 8dbb 8dbb 8dbb 8dbb 8dbb 8dbb 8dbb 8dfb 8dfb 8dfb 8dfb 8dfb 8dfb 95fb 95fb 95fb 95fc 95fb 95fc 95fc 95fc 95fc 95fc 95fc 963c 963c 963c 9e3c 9e3c 9e3c 9e3c 9e3c 9e3c 9e3c 9e3c 9e3c 9e3c 9e3c 9e3c 9e3c 9e3c a63d a63d a63d a67d a67d a67d a67d a67d a67d a67d a67d a67d a67d a67c a67c a67d a67d a67d a67d a67d ae7d ae7d ae7d ae7d ae7d ae7d ae7d ae7d ae7d aebd aebd aebd aebd aebd aebd aebd aebd aebd aebd aebd aebd b6be b6be b6be b6bd b6bd b6bd b6bd b6be b6be b6be b6be b6be b6be b6be b6be b6fe b6fe b6fe b6fe b6fe b6fe b6fe b6fe b6fe b6fe b6fe b6fe b6fe b6fe b6fe befe befe befe befe befe bebe befe befe bf3f b6fe bf3e c73e a63a 21c9 2988 2947 3187 3147 3186 3187 2986 3187 3186 3186 3186 3186 3186 3186 3186 2946 2946 2946 2946 2946 2946 2946 2946 2946 2946 2986 2986 2946 2946 2986 3186 2986 3186 3186 3186 3187 3187 3187 3187 3187 3187 3187 3187 3187 3187 3187 3186 3186 3186 3186 3186 3186 2986 2946 2946 2945 2945 2945 2105 2105 2105 2105 2105 2105 2105 2105 2105 2105 2105 2105 2105 2105 2105 2105 2105 2105 2104 2104 2104 2104 2104 2104 2104 2104 2104 2104 2104 2104 2104 2104 2104 2104 2104 2104 2104 2105 2105 2105 2104 2104 2104 2104 1904 18c4 18c4 18c4 18c4 18c3 18c4 18c4 18c4 18c3 18c4 18c4 18c3 18c3 18c3 18c3 18c3 
6476 6476 6477 6477 6477 6477 6477 6477 6477 6477 6477 6477 6477 64b7 6cb7 6cb8 64b7 6cb7 6cb7 6cb7 6cb8 6cb8 6cb8 6cb8 6cf8 6cf8 6cf8 6cf8 74f8 74f8 74f8 74f8 74f9 74f9 74f9 74f9 74f9 7539 7539 7539 7539 7539 7539 7539 7d39 7d39 7d39 7d39 7d39 7d39 7d39 7d7a 7d7a 7d7a 857a 857a 857a 857a 857a 857a 857a 857a 857a 857a 85ba 85ba 857a 85bb 85bb 85ba 85ba 8dbb 8dbb 8dba 8dbb 8dbb 8dbb 8dbb 8dbb 8dbb 8dbb 8dbb 95fb 8dfb 95fb 8dfb 8dfb 8dfb 95fb 95fb 95fb 95fb 95fb 95fc 95fc 95fc 95fc 95fc 95fc 963c 963c 963c 9e3c 9e3c 9e3c 9e3c 9e3c 9e3c 9e3c 9e3c 9e3c 9e3c 9e3d 9e3d 9e3d 9e3d a63d a63d a63d a63d a67d a67d a67d a67d a67d a67d a67c a67c a67c a67c a67c a67d a67d a67d a67d a67d ae7d ae7d ae7d ae7d ae7d ae7d ae7d ae7d ae7d aebd aebd aebd aebd aebd aebd aebd aebd aebd aebd aebd aebd b6bd b6be b6bd b6bd b6bd b6bd b6bd b6be b6be b6be b6be b6be b6be b6be b6be b6fe b6fe b6fe b6fe b6fe b6fe b6fe b6fe b6fe b6fe b6fe b6fe b6fe b6fe befe befe befe befe befe befe c6ff befe b6fe befe b6fd bf3e b6bc 7472 29c9 2988 3187 3187 3146 2946 2986 2986 3186 3186 3186 3186 2986 2986 2986 2986 2946 2946 2946 2946 2946 2946 2946 2946 2946 2946 2946 2946 2946 2946 2946 2986 2986 3186 3186 3186 3187 3187 3187 3187 3186 3186 3186 3186 3186 3186 3186 3186 2986 3186 3186 3186 3186 3186 2986 2946 2945 2945 2945 2145 2105 2105 2105 2105 2105 2105 2105 2105 2105 2105 2105 2105 2105 2105 2104 2104 2104 2104 2104 2104 2104 2104 2104 2104 2104 2104 2104 2104 2104 2104 2104 2104 2104 2104 2104 2104 2104 2104 2104 2104 2104 2104 1904 18c4 18c4 18c4 18c4 18c3 18c3 18c4 18c4 18c4 18c3 18c3 18c4 18c3 18c3 18c3 18c3 18c3 
6476 6476 6477 6477 6477 6477 6477 6477 6477 6477 6477 64b7 64b7 64b7 64b7 64b7 64b7 6cb7 6cb7 6cb7 6cb8 6cb8 6cb8 6cb8 6cb8 6cb8 6cf8 6cf8 6cf8 74f8 74f8 6cf9 6cf9 6cf9 6cf9 74f9 74f9 7539 7539 7539 7d39 7d39 7d39 7d39 7d39 7d39 7d39 7d39 7d39 7d39 8579 8579 857a 857a 857a 857a 7d7a 7d7a 7d7a 7d7a 857a 7d7a 857a 857b 85bb 857a 85ba 857a 85ba 8dbb 85ba 8dbb 85ba 8dfb 8dbb 8dba 8dbb 8dba 8dba 8dbb 95bb 95bb 8dbb 8dbb 95bb 95fb 95fb 95fb 95fb 95fb 95fb 95fb 95fb 95fb 95fb 95fc 95fc 963c 963c 963c 963c 963c 963c 9e3c 9e3c 963c 9e3c 9e3c 9e3c 9e3b 9e7b 9e7c 9e3d 9e3d 9e3d 9e3d 9e3d a63d a63d a63d a63d a63c a63c a67c a67c a67c a67c a67c a67c a67c a67c a67c a67c a67c a67c a67c ae7d ae7d ae7d ae7d ae7d ae7d ae7d ae7d ae7d ae7d aebd aebd aebd aebd aebd aebd aebd aebd aebd aebd b6bd b6bd b6bd b6bd b6bd b6bd b6bd b6bd b6bd b6bd b6bd b6bd b6bd b6bd b6fe b6fe b6fe b6fe b6fe b6fe b6fe b6fd b6fd b6fd b6fd b6fd b6fe b6fe b6fe b6fe b6fe befe befe befe befe befe bf3f b6fe befe befe bf3e b6fc cf3e 324a 2988 3188 3147 3147 3147 2987 2987 2987 2987 3186 2986 2946 2946 2946 2986 2986 3186 2946 2946 2946 2946 2946 2946 2945 2946 2946 2946 2946 2946 2946 2986 2986 3186 3186 3186 3186 2986 2986 3186 3187 3187 2986 2946 3186 3186 3186 3186 3187 2946 2986 3187 3187 3186 2986 2946 2946 2946 2946 2945 2145 2105 2105 2105 2105 2105 2105 2105 2105 2105 2105 2105 2105 2105 2105 2105 2105 2105 2105 2105 2105 2105 2104 2104 2104 2104 2104 2104 2104 2104 2104 2104 2104 2104 2104 2104 2104 2104 2104 2104 2104 2104 2104 1904 18c4 18c4 18c4 18c4 18c4 18c4 18c3 18c3 18c3 18c3 18c3 18c3 18c3 18c3 18c3 18c3 18c3 
6476 6476 6477 6477 6477 6477 6477 6477 6477 6477 6477 64b7 64b7 64b7 64b7 64b7 64b7 6cb7 6cb7 6cb7 6cb8 6cb8 6cb8 6cb8 6cb8 6cf8 6cf8 6cf8 6cf8 74f8 74f8 6cf9 6cf9 6cf9 74f9 74f9 74f9 7539 7539 7539 7d39 7d39 7d39 7d39 7d39 7d39 7d39 7d39 8579 7d39 7d39 7d39 7d39 7d79 857a 7d7a 7d7a 857a 85bb 85bb 85bb 85bb 85bb 85bb 7d7a 857a 85ba 85ba 85ba 85ba 857a 857a 857a 8dba 8dba 85ba 8dbb 8dbb 8dba 95fb 8dbb 95bb 95fb 95fc 95fc 95fb 8dfb 8dfb 95fb 95fb 95fb 95fb 95fb 95fb 95fb 95fc 95fc 963c 963c 963c 963c 963c 9e3c 9e3c 9e3c 9e3c 9e3c 9e3c 9e3c 9e3c 9e7b 9e3c 9e3c 9e7d 9e7d 9e3d 9e3d a63d a63d a63d a63d a63c a67c a67c a67c a67c a67c a67c a67c a67c a67c a67c a67c a67c a67c a67c ae7d ae7d ae7d ae7d ae7d ae7d ae7d ae7d ae7d ae7d aebd aebd aebd aebd aebd aebd aebd aebd aebd aebd b6bd b6bd b6bd b6bd b6bd b6bd b6bd b6bd b6bd b6bd b6bd b6bd b6fe b6fe b6fe b6fe b6fe b6fe b6fe b6fe b6fd b6fd b6fd b6fd b6fd b6fe b6fe b6fe b6fe b6fe befe befe befe befe befe befe b6fe befe befe b6fd c73e b6bc ae3a 2988 3188 3187 3147 3147 3147 2987 2987 2987 3187 3186 3186 3186 2986 2986 3186 3186 3186 2946 2946 2946 2946 2946 2946 2946 2946 2946 2946 2946 2946 2946 2946 2986 2946 2986 3186 2986 2946 2946 2986 3186 3186 2946 2986 3186 3187 3186 2946 2946 3187 3187 3186 2946 2946 2946 2946 2946 2946 2946 2945 2945 2145 2105 2105 2105 2105 2105 2105 2105 2105 2105 2105 2105 2105 2105 2105 2105 2105 2104 2104 2104 2104 2104 2104 2104 2104 2104 2104 2104 2104 2104 2104 2104 2104 2104 2104 2104 2104 2104 2104 2104 2104 2104 1904 18c4 18c4 18c4 18c4 18c4 18c4 18c3 18c3 18c3 18c3 18c3 18c3 18c3 18c3 18c3 18c3 18c3 
6476 6477 6477 6477 6477 6477 6477 6477 6477 6477 6477 64b7 64b7 64b7 64b7 64b7 6cb7 6cb7 6cb7 6cb7 6cb8 6cb8 6cb8 6cb8 6cb8 6cf8 6cf8 6cf8 74f8 74f8 74f8 74f8 74f9 74f9 74f9 74f9 74f9 74f9 7539 7539 7d39 7d39 7d39 7d39 7d39 7d39 7d39 7d39 7d7a 7d39 7d39 7d39 7d7a 857a 857a 857a 7d7a 857a 7d7a 7d7a 7d39 7d7a 857a 85bb 85bb 85bb 85ba 85ba 85bb 85bb 8dfb 8dfb 8dfb 95fb 8dfb 8dbb 8dfb 8dbb 8dba 8dbb 85bb 8dbb 8dbb 8dbb 8dbb 8dfb 95fc 95fc 95fc 95fb 95fb 95fb 95fb 95fb 95fb 95fb 963c 963c 963c 963c 963c 9e3c 9e3c 9e3c 9dfd 9dfd a63d a63d a63d a63d a63c a63c 9e3b 9e7b 9e7b 9e7b 9e7c 9e7c a67c a67c a67c 9e7c 9e7c 9e7c 9e7d 9e7d 9e7d a67d a67c a67c a67c a67d a67c a67c a67c ae7d ae7c ae7c ae7d ae7d ae7d ae7d ae7d ae7d ae7d ae7d aebd aebd aebd aebd aebd aebd aebd aebd aebd b6bd b6bd b6bd b6bd b6bd b6bd b6bd b6bd b6bd b6bd b6bd b6bd b6bd b6fe b6fe b6fe b6fe b6fe b6fe b6fe b6fe b6fd b6fd b6fd b6fd b6fe b6fe b6fe b6fe b6fe b6fe befe befe befe befe befe befe b6be bf3f bf3f b6bd c73e c6fd 7432 2187 3188 3187 3147 3147 3147 2987 2987 2987 2987 3186 3186 2986 2986 2986 3186 3186 3186 2946 2946 2946 2946 2946 2946 2946 2946 2946 2946 2946 2946 2946 2946 2946 2946 2946 2946 2946 2946 2946 2946 2946 2986 2946 2946 2986 3186 3186 3186 3187 3186 3186 2986 3186 3186 2986 2946 2946 2946 2946 2946 2945 2945 2145 2145 2145 2145 2105 2105 2105 2105 2105 2105 2105 2105 2104 2104 2104 2104 2104 2104 2104 2104 2104 2104 2104 2104 2104 2104 2104 2104 2104 2104 2104 2104 2104 2104 2104 2104 2104 2104 2104 2104 2104 1904 18c4 18c4 18c4 18c4 18c4 18c4 18c3 18c3 18c3 18c3 18c3 18c3 18c3 18c3 18c3 18c3 18c3 
6477 6477 6477 6477 6477 6477 6477 6477 6477 6477 6477 64b7 64b7 64b7 64b7 64b8 6cb7 6cb7 6cb7 6cb8 6cb8 6cb8 6cb8 6cb8 6cb8 6cf8 6cf8 6cf8 74f8 74f8 74f8 74f8 74f8 74f8 74f9 74f9 74f9 7539 7539 7539 7d39 7d39 7d39 7d39 7d39 7d39 7d39 7d39 7d39 7d3a 7d7a 7d7a 7d7a 7d7a 7d7a 7d7a 7d7a 857a 85bb 85bb 85bb 85ba 857a 857a 7d79 857a 857a 85bb 8dbb 85ba 85bb 857a 85ba 8dbb 85ba 85ba 8dbb 8dbb 8dbb 8dfc 95fc 95fc 8dfc 8dfc 8dbc 8dfb 8dfc 8dfc 95fc 95fc 95fb 95fc 95fb 95fb 95fc 95fb 963c 963c 963c 963c 963c 9e3c 9e3c 9e3c 9dfc 9dfd a5fd a63d a63d a63d a63d a63c a63b a63b 9e3b 9e7b 9e7b a67c a67c 9e7c a67c a67c a67d a67d a67d a67d a67d a67d a67d ae7c ae7c ae7d ae7d ae7c ae7d ae7d ae7c ae7d ae7d ae7d ae7d aebc ae7d aebd ae7d ae7d aebd aebd aebd aebd aebd aebd aebd aebd b6bd b6bd b6bd b6bd b6bd b6bd b6bd b6bd b6bd b6bd b6bd b6bd b6bd b6bd b6fe b6fe b6fe b6fe b6fe b6fe b6fe b6fe b6fd b6fd b6fd b6fe b6fe b6fe b6fe b6fe befe befe befe befe befe befe befe befe befe befe c73e b6fd befd c6fd 324a 31c9 2987 3147 3147 3147 3147 2987 2987 2987 2946 2946 2946 2946 2946 2946 2946 2946 3186 2946 2946 2946 2946 2946 2945 2945 2946 2945 2945 2946 2946 2946 2946 2946 2946 2946 2946 2946 2946 2946 2946 2946 2946 2145 2105 2105 2145 2946 2986 3187 2946 2986 3186 3186 3186 2946 2946 2946 2946 2946 2946 2945 2945 2945 2145 2145 2145 2105 2105 2105 2105 2105 2105 2105 2104 2104 2104 2104 2104 2104 2104 2104 2104 2104 2104 2104 2104 2104 2104 2104 2104 2104 2104 2104 2104 2104 2104 2104 2104 2104 2104 2104 2104 2104 1904 18c4 18c4 18c4 18c4 18c4 18c4 18c3 18c3 18c3 18c3 18c3 18c3 18c3 18c3 18c3 18c3 18c3 
6477 6477 6477 6477 6477 6477 6477 6477 6477 6477 64b7 64b7 64b7 64b7 64b8 64b8 6cb7 6cb7 6cb7 6cb8 6cb8 6cb8 6cb8 6cb8 6cf8 6cf8 6cf8 6cf8 74f8 74f8 74f8 74f8 74f8 74f8 74f8 74f8 7cf9 7cf9 7d39 7d39 7d39 7d39 7d39 7d39 7d39 7d39 7d39 7d3a 7d3a 7d7a 7d7a 7d7a 7d7a 7d3a 7d3a 7d7a 7d7a 857a 7d79 7d79 8579 857a 8d7a 857a 85ba 8dbb 85ba 8dba 8dbb 85ba 8dbb 8dba 8dba 8dbb 8dbb 8dbb 8dbb 8dbb 8dbb 8dfc 85bb 85bc 8dbc 8dfc 8dfc 8dfc 8dfc 8dfb 8dfc 8dfc 95fb 95fc 95fc 95fc 95fc 95fc 963b 963b 963b 963b 963c 963c 963c 9e3c 963c 9e3c 9e3d 9e3d 9e3d 9e3c 9e3c 9e3c a63c ae3c ae3c ae3c a63c a63c a63c a63c a63d a63d a67d a63d a63d ae3d ae7c ae3c ae3d ae3d ae7d ae7d ae7d ae7d ae7d ae7d a67d a67d a6bc aebc aebc aebc aebd aebd aebd ae7d aebd aebd aebd aebd aebd aebd aebd aebd b6bd b6bd b6bd b6bd b6bd b6bd b6bd b6bd b6bd b6bd b6bd b6bd b6bd b6bd b6fe b6fe b6fe b6fe b6fe b6fe b6fe b6fe b6fd b6fe b6fe b6fe b6fe b6fe b6fe befe befe befe befe befe befe befe befe befe befe befe befe befd befd 9577 1987 29c8 2987 2947 2946 2946 2947 2947 2987 2946 2946 2946 2946 2946 2946 2946 2946 2946 3186 2946 2946 2946 2946 2945 2945 2145 2145 2105 2105 2145 2946 2946 2946 2946 2946 2946 2946 2946 2946 2946 2946 2986 2945 2105 18c4 18c4 18c4 18c4 2104 2105 2986 3186 3186 2946 2946 2946 2946 3186 2946 2946 2946 2946 2945 2945 2945 2145 2105 2105 2105 2105 2105 2105 2105 2105 2104 2104 2104 2104 2104 2104 2104 2104 2104 2104 2104 2104 2104 2104 2104 2104 2104 2104 2104 2104 2104 2104 2104 2104 2104 2104 2104 2104 2104 2104 1904 18c4 18c4 18c4 18c4 18c4 18c4 18c3 18c3 18c3 18c3 18c3 18c3 18c3 18c3 18c3 18c3 18c3 
6477 6477 6477 6477 6477 6477 6477 6477 6477 6477 64b7 64b7 64b7 64b7 64b8 64b8 6cb7 6cb7 6cb7 6cb8 6cb8 6cb8 6cb8 6cf8 6cf8 6cf8 6cf8 74f8 74f8 74f8 74f8 74f8 74f8 74f8 74f8 7cf8 7cf9 7d39 7d39 7d39 7d39 7d39 7d39 7d39 7d39 7d39 7d3a 7d3a 7d7a 7d7a 7d7a 7d7a 7d7a 7d7a 857a 8d7a 857a 8d7a 8d7a 8579 8d79 8d79 8d79 8538 7d38 8579 7d38 8579 8d79 8579 95bb 8dba 8579 8dba 8dbb 8dbb 95bb 8dbb 8dba 95fb 8dfb 8dfb 8dbb 8dfb 8dfb 8dfc 95fc 95fb 95fb 95fb 95fb 95fc 95fc 95fc 95fc 95fc 9dfc 9dfb 963c 963c 963c 963c 963c 963c 9e3d 9e3c 9e3c 9e3c 9e3c 9e3c 9e7c 9e3c ae3c ae3c ae3c ae3c ae3c a63c a63d a63d a63d a63d a63d ae3d ae3d ae3c ae3c ae3c ae3d ae7d ae7d ae7d ae7d ae7d ae7d a67d a67d a67d a67d aebc aebc aebc aebc aebd aebd aebd aebd aebd aebd aebd aebd aebd b6bd b6bd b6bd b6bd b6bd b6bd b6bd b6bd b6bd b6bd b6bd b6bd b6bd b6bd b6bd b6bd b6fe b6fe b6fe b6fe b6fe b6fe b6fe b6fe b6fe b6fe b6fe b6fe b6fe befe befe befe befe befe befe befe befe befe befe befe b6fd befe befd c73e c6fd 530e 29c8 2187 2947 2946 2946 2946 2946 2947 2946 2146 2946 2946 2946 2986 2986 2986 2946 2946 2986 2946 2946 2946 2946 2946 2945 2945 2105 18c4 1083 18c4 2145 2946 2946 2946 2946 2946 2946 2946 2946 2946 2986 3186 2946 2145 2105 2105 2104 18c4 18c3 10c3 18c4 2105 2946 2946 2946 2946 2986 3186 2946 2946 2946 2945 2945 2945 2145 2145 2105 2105 2105 2105 2105 2105 2105 2105 2104 2104 2104 2104 2104 2104 2104 2104 2104 2104 2104 2104 2104 2104 1904 1904 1904 1904 1904 2104 2104 2104 2104 2104 2104 2104 2104 2104 2104 2104 1904 18c4 18c4 18c4 18c4 18c4 18c4 18c3 18c3 18c3 18c3 18c3 18c3 18c3 18c3 18c3 18c3 18c3 
6477 6477 6477 6477 6477 6477 6477 6477 6477 64b7 64b7 64b7 64b7 64b8 64b8 64b8 6cb7 6cb7 6cb8 6cb8 6cb8 6cb8 6cb8 6cf8 6cf8 6cf8 6cf8 74f8 74f8 74f8 74f8 74f8 74f8 74f8 74f8 74f8 7cf9 7539 7539 7539 7d39 7539 7d39 7d39 7d3a 7d3a 7d3a 7d3a 7d7a 7d3a 7d3a 7d7a 857a 857a 8539 7d38 7cf8 8538 8d78 8d38 84f7 7475 63d2 4b10 3a8d 4b0f 4b0f 5bd2 63d2 5351 5b91 4b50 6c74 7cf6 8538 8d79 95ba 95b9 95b9 95ba 8dba 95ba 95fb 95fb 95fb 95bb 95bb 95fb 95fb 95fb 95fb 95fb 95fc 95fc 95fc 95fc 9dfc 9dfc 963c 963c 963c 963c 963c 9e3c a63c a63b a63a a63a a63a a63a a63a a63a a63b a63b a63c a63c a67c a67c a67d a67d a67d a67d a63d ae3d ae3d ae3d b63d b63d ae7d a67d a67d a67d a67d a67d a67d a67d a67d a6bd a6bd aebd aebd aebd aebd aebd aebd aebd aebd aebd aebd aebd aebd aebd b6bd b6bd b6bd b6bd b6bd b6bd b6bd b6bd b6bd b6bd b6bd b6bd b6bd b6bd b6bd b6bd b6fe b6fe b6fe b6fe b6fe b6fe b6fe b6fe b6fe b6fe b6fe b6fe befe befe befe befe befe befe befe befe befe befe befe befe befe befe befe c6fe a5f9 21c8 29c9 2147 2947 2946 2946 2946 2946 2946 2946 2946 2946 2946 2946 2946 2986 2986 2946 2946 2946 2946 2946 2946 2946 2946 2946 2946 2946 18c4 0882 1083 2104 2145 2946 2946 2946 2946 2946 2946 2946 2946 2986 3186 2986 2946 2946 2946 2945 2105 18c4 18c4 1083 18c3 18c4 2105 2946 2986 2986 2946 2946 2946 2946 2945 2945 2145 2145 2145 2145 2105 2105 2105 2105 2105 2105 2105 2104 2104 2104 2104 2104 2104 2104 2104 2104 2104 2104 2104 1904 1904 1904 1904 18c4 18c4 1904 1904 2104 2104 2104 2104 2104 2104 2104 2104 2104 2104 1904 18c4 18c4 18c4 18c4 18c4 18c4 18c3 18c3 18c3 18c3 18c3 18c3 18c3 18c3 18c3 18c3 18c3 
6477 6477 6477 6477 6477 6477 6477 6477 6477 64b7 64b7 64b7 64b7 64b8 64b8 6cb8 6cb7 6cb7 6cb8 6cb8 6cb8 6cb8 6cf8 6cf8 6cf8 6cf8 6cf8 74f8 74f8 74f8 74f8 74f8 74f9 74f9 74f9 74f9 74f9 7539 7539 7539 753a 7539 7d39 7d3a 7d3a 7d3a 7d3a 7d3a 857a 8579 8539 8579 8539 7cf7 6c75 63d3 5bd2 5b92 5310 3a4c 21ca 1948 1107 0085 2188 29c9 1106 1147 1107 1106 2189 1948 29ca 3a4c 42ce 4b0f 4b0f 42ce 428d 42ce 4b0f 63d2 7cf6 95b9 9dba 9dba 9dfa 9dfa 9dfa 95fb 95fb 95fb 95fb 95fc 95fc 95fc 95fc 95fc 963c 963c 963c 963c 9e3c a63b a5fa adf9 adb8 adb7 b5b7 b5b7 b5b7 b5f8 b5f8 adf9 adf9 ae3a ae3a a63b a67b a67c a67c a67c a67d a63d a67d ae3d ae3d ae3d ae7d a67d a67d a67d a67d a67d a6bd a6bd a6bd a6bd a6bd aebd aebd aebd aebd aebd aebd aebd aebd aebd aebd aebd aebd aebd b6bd b6bd b6bd b6bd b6bd b6bd b6bd b6bd b6bd b6bd b6bd b6bd b6bd b6bd b6bd b6bd b6fe b6fe b6fe b6fe b6fe b6fe b6fe b6fe b6fe b6fe b6fe b6fe befe befe befe befe befe befe befe befe befe befe befe befe c73e bebd c6fe c6fd 7c73 1947 2147 2987 2946 2946 2946 2946 2946 2946 2946 2946 2946 2946 2946 2946 2946 2946 2946 2946 2946 2946 2946 2946 2946 3186 3186 3186 39c8 2104 0842 0842 18c4 2105 2145 2945 2946 2946 2946 2946 2946 2946 2986 3187 2946 2946 2945 2946 2946 2946 2945 2946 2145 18c4 1083 1082 18c4 2105 2946 3186 2946 2946 2946 2945 2945 2145 2145 2145 2945 2145 2105 2105 2105 2105 2105 2105 2104 2104 2104 2104 2104 2104 2104 2104 2104 2104 2104 1904 1904 1904 1904 1904 18c4 18c4 18c4 1904 2104 2104 2104 2104 2104 2104 2104 2104 2104 2104 1904 18c4 18c4 18c4 18c4 18c4 18c4 18c3 18c3 18c3 18c3 18c3 18c3 18c3 18c3 18c3 18c3 18c3 
6477 6477 6477 6477 6477 6477 6477 6477 64b7 64b7 64b7 64b7 64b7 64b7 64b8 64b8 6cb8 6cb8 6cb8 6cb8 6cb8 6cb8 6cf8 6cf8 6cf8 6cf8 6cf8 74f8 74f8 74f9 74f9 74f9 74f9 74f9 74f9 74f9 74f9 7539 753a 753a 753a 753a 753a 7d7a 7d7a 7d39 7d39 7d39 8539 8538 8d38 7cb6 5351 21cb 1989 2a0b 2189 1948 1106 0084 0043 0043 0884 10c4 0883 0884 0884 0883 0883 1084 10c4 0884 10c5 10c4 08c4 0884 0884 08c4 10c5 10c5 1947 2188 29c9 3a4b 530e 6c32 84b5 8cf6 9db9 95b9 95fa 95fa 95fb 95fb 963c 963c 95fd 9e3d 963d 95fc 963d 9e3c a5fb adfa b578 bd77 d5b7 c4f4 bcb2 d534 d575 d575 d575 ddb6 d5f7 cdb7 c5b7 b5b7 b5f9 b63a ae7b a67c a67c 9e7d 9e7d 9e7d 9e7d 9e7d ae7d a67c a67c ae7d aebd a67d a67d a67d a6bd a6bd aebe aebd ae7d ae7d ae7d ae7d aebd aebd aebd aebd aebd aebd aebd aebd b6bd b6bd b6bd b6bd b6bd b6bd b6bd b6bd b6bd b6bd b6bd b6bd b6fd b6fd b6fd b6fd b6fd b6fd b6fd b6fd b6fd b6fd b6fd b6fd b6fe b6fe befe befe befe befe befe befe befe befe befe befe befe befe befe befe befd c73e befd c6bd 3a4b 2187 2987 2146 2146 2946 2946 2946 2946 2946 2946 2946 2945 2945 2945 2945 2945 2945 2945 2946 3186 2986 2986 2986 2946 2946 2946 2946 2946 2986 10c3 0841 18c3 2104 18c4 2945 2945 2945 2946 2946 2946 2946 2986 3186 2946 2946 2946 2946 2945 2945 2946 2946 2946 2946 2105 18c4 1083 1083 18c4 2105 2946 2946 2946 2945 2145 2145 2145 2145 2105 2105 2104 2105 2105 2145 2105 2105 2104 2104 2104 2105 2105 2104 2104 2104 2104 2104 2104 2104 1904 18c4 18c4 18c4 20c4 20c4 20c4 20c4 20c4 2104 2104 2104 20c4 20c4 2104 2104 2104 2104 2104 2104 2104 1904 18c4 18c4 18c4 18c3 18c3 18c3 18c4 18c4 18c4 18c4 18c4 18c3 18c3 18c3 
6477 6477 6477 6477 6477 6477 6477 6477 64b7 64b7 64b7 64b7 64b7 64b7 64b8 64b8 6cb8 6cb8 6cb8 6cb8 6cb8 6cb8 6cf8 6cf8 6cf8 6cf8 6cf8 74f8 74f8 74f9 74f9 74f9 74f9 74f9 74f9 74f9 7539 7539 753a 753a 753a 7539 7539 7539 7d39 7d7a 857a 8579 8d38 7cb5 5350 21ca 1107 1948 2188 1947 0884 0884 0883 0843 0843 0883 1083 1083 1042 1082 1083 1082 1082 1083 1083 0882 0882 0882 0882 0882 0883 1083 1084 10c4 1083 1083 1083 0883 10c4 1105 1906 1947 3a8c 5b90 7cf5 95b9 95fa 95fb 95fb 963c 8dbb 95fd 9e3d 9e3d 963d 9dfc a5fb b5b9 bd77 cd76 dd35 ab8d ab0c b34c bb8d bbce bbcd bbcd c42f ccf2 ddb5 ddf7 cdf7 bdb7 adb7 adf8 a5f9 a63b a67c ae7c ae7d ae7d a63b ae7b ae7c ae7c a67c a67c a67d a6bd a67d a6bd aebd ae7d ae7d ae7d ae7d ae7d aebd aebd aebd aebd aebd aebd aebd aebd b6bd b6bd b6bd b6bd b6bd b6bd b6bd b6bd b6bd b6bd b6bd b6bd b6fd b6fd b6fd b6fd b6fd b6fd b6fd b6fd b6fd b6fd b6fd b6fd b6fe b6fe befe befe befe befe befe befe befe befe befe befe befe befe befe befe befe befd c6fd 9536 2188 2147 2146 2146 2946 2946 2946 2946 2946 2946 2946 2946 2945 2945 2945 2945 2945 2946 2946 2946 3186 3186 2986 2986 2986 2986 2946 2946 2986 3187 18c4 0842 10c3 1904 2104 2945 2945 2945 2945 2946 2946 2946 2946 2946 2946 2946 2946 2946 2946 2945 2946 2946 2945 2946 2946 2946 2105 18c4 18c3 1083 18c4 1904 2105 2946 2946 2946 2945 2105 2945 2945 2105 2105 2105 2104 2105 2105 2104 2104 2104 2104 2104 2104 2104 2104 2104 2104 2104 2104 1904 1904 18c4 18c4 20c4 18c4 18c4 18c4 20c4 20c4 2104 2104 20c4 20c4 2104 2104 2104 2104 2104 2104 2104 1904 18c4 18c4 18c4 18c3 18c3 18c3 18c4 18c4 18c4 18c4 18c4 18c3 18c3 18c3 
6477 6477 6477 6477 6477 6477 6477 6477 64b7 64b7 64b7 64b7 64b7 64b7 64b8 64b8 6cb8 6cb8 6cb8 6cb8 6cb8 6cb8 6cf8 6cf8 6cf8 6cf8 6cf8 74f8 74f8 74f9 74f9 74f9 74f9 74f9 74f9 74fa 753a 753a 753a 753a 753a 7d3a 7d39 7d39 7d39 8539 8539 7cf7 6391 428c 1947 0084 0884 10c5 0884 0042 0042 0042 0842 0842 1082 1082 1082 1082 1041 1081 1842 1041 1041 1041 1041 0841 0841 0841 1041 1041 1042 1082 1082 1882 1882 1882 1082 1082 1082 1082 1083 0883 0883 08c5 1147 42ce 6c74 95b9 95fa 95fb 9dfc 95fc 95fc 95fc 95fc a5fc b63b bdb9 c576 ddb6 e574 ab0b a2c9 a2c9 bb4b c3cc dc6e d42d cc2d c42e ccaf d532 ddb5 ddf6 d5f7 d638 cdf8 c5f8 c5f8 bdb8 b5b7 ad77 b639 b63a b63a ae3a ae3b ae7c aebc ae7c ae7d ae7d ae7d ae7d ae7e ae7e b67e aebe ae7d aebd aebd aebd aebd aebd aebd aebd b6bd b6bd b6bd b6bd b6bd b6bd b6bd b6bd b6bd b6bd b6bd b6bd b6fd b6fd b6fd b6fd b6fd b6fd b6fd b6fd b6fd b6fd b6fd b6fd b6fe b6fe befe befe befe befe befe befe befe befe befe befe befe befe befe befe c73e bebd c6fd 530e 1906 2147 2146 2946 2946 2945 2145 2145 2945 2945 2905 2905 2105 2105 2145 2945 2945 2946 2946 2946 2986 2986 2986 2986 2986 2946 2946 2946 3186 3187 2145 1083 1082 18c4 2105 2145 2145 2105 2145 2945 2946 2946 2946 2946 2946 2946 2946 2946 2946 2946 2946 2946 2946 2946 2946 2946 2946 2945 2105 1904 1083 18c3 18c4 1904 2105 2945 2946 2946 2145 2105 2105 2945 2946 2945 2105 18c4 2105 2105 2105 2104 2104 2104 2104 2104 2104 2104 2104 2104 1904 1904 18c4 18c4 18c4 18c4 18c4 18c4 18c4 18c4 20c4 20c4 20c4 20c4 2104 2104 2104 2104 2104 2104 2104 1904 18c4 18c4 18c4 18c4 18c3 18c3 18c4 18c4 18c4 18c4 18c4 18c4 18c3 18c3 
6477 6477 6477 6477 6477 6477 6477 64b7 64b7 64b7 64b7 64b7 64b7 64b8 64b8 64b8 6cb8 6cb8 6cb8 6cb8 6cb8 6cb8 6cf8 6cf8 6cf8 6cf8 6cf8 74f8 74f8 74f9 74f9 74f9 74f9 74f9 7539 7539 753a 753a 753a 753a 7d39 7d39 7d39 7d38 8539 8538 6c74 5350 29c9 10c5 0042 0883 0884 0042 0042 0883 0842 0842 0842 1082 1082 1082 1082 1041 1041 1041 1041 1041 1041 1041 1040 1040 1041 1041 1881 1881 1081 1081 1081 1081 0840 1041 1041 1041 1041 1041 0841 0842 0882 0884 08c4 320a 4b0e 7cb5 8d37 9db9 a5fb 9579 95ba 9dfc 9dfb a5fb adb9 a4f5 c576 e5f6 edb5 c42d ab0a b34a d46e e4f0 dcaf e4f0 f572 f5b3 e572 dd32 d532 d573 ddb5 ddb5 ddf6 ddf7 ddf7 de38 de38 de38 c5f8 be38 be39 be39 b63a b63a b67b b67c ae7c ae7d ae7d ae7d ae7d ae7e ae7e b6be aebd aebd aebd aebd aebd aebd aebd aebd b6bd b6bd b6bd b6bd b6bd b6bd b6bd b6bd b6bd b6bd b6bd b6bd b6fd b6fd b6fd b6fd b6fd b6fd b6fd b6fd b6fd b6fd b6fe b6fe b6fe b6fe befe befe befe befe befe befe befe befe befe befe befe befe befe befe befe c6fd adf9 2988 2988 2106 2946 2946 2145 2145 2145 2145 2145 2905 2905 2905 2105 2105 2145 2945 2945 2946 2946 2946 2946 2946 2946 2946 2946 2946 2946 2946 2946 2946 2946 18c4 0842 1083 2105 2105 2145 2105 2145 2946 2946 2946 2946 2945 2946 2946 2946 2946 2946 2946 2946 2946 3186 2946 2145 2105 2945 2946 2946 2946 2105 2104 18c4 10c3 18c3 18c4 2105 2105 2946 2946 2105 2105 2105 2105 2945 2946 2105 2105 2105 2104 2104 2104 2104 2104 2104 2104 2104 2104 2104 1904 1904 18c4 18c4 18c4 18c4 18c4 18c4 18c4 18c4 18c4 20c4 20c4 2104 2104 2104 2104 2104 2104 1904 1904 18c4 18c4 18c4 18c4 18c4 18c4 18c4 18c4 18c4 18c4 18c4 18c4 18c3 18c3 
6477 6477 6477 6477 6477 6477 6477 64b7 64b7 64b7 64b7 64b7 64b7 64b8 64b8 6cb8 6cb8 6cb8 6cb8 6cb8 6cb8 6cb8 6cf8 6cf8 6cf8 6cf8 6cf8 74f8 74f8 74f9 74f9 74f9 74f9 74f9 74f9 7539 753a 7539 7539 7539 7d39 7d38 7cf8 7cf7 7cb6 6c33 3a8d 1947 0883 0882 0842 0042 0041 0842 0882 1082 0842 0842 0841 1041 1082 1082 1082 1081 1082 1081 1041 1041 1041 0841 1041 1041 1882 1882 1882 1882 1081 1041 1040 1041 0841 1041 1041 1041 1041 1041 1041 0841 0001 1082 0882 1905 1105 29c9 320a 428d 6b91 6391 7cb5 9579 9db9 a5fa adf9 a535 c575 d5b5 e5f4 dd32 ab8b abcc ccf0 dd72 e5b3 edb3 e5b3 e5b3 edf4 edf5 f636 f636 f677 f677 f677 ee76 ee76 ee76 ee76 e636 de37 d638 d679 d679 c638 b5f8 b639 be7b b67c b67c ae7d ae7d ae7d ae7d aebe aebe aebd aebd aebd aebd aebd aebd aebd b6bd b6bd b6bd b6bd b6bd b6bd b6bd b6bd b6bd b6bd b6bd b6bd b6bd b6fd b6fd b6fd b6fd b6fd b6fd b6fd b6fd b6fd b6fe b6fe b6fe b6fe b6fe befe befe befe befe befe befe befe befe befe befe befe befe befe befe befd cf3e 6bd1 1906 2988 2105 2105 2905 2105 2105 2105 2145 2105 2105 2905 2905 2905 2145 2145 2945 2945 2946 2946 2946 2946 2946 2946 2946 2946 2946 2946 2946 2946 2946 2946 2104 0842 1082 2105 2105 2145 2145 2945 2946 2946 2946 2946 2945 2946 2946 2946 2946 2946 2946 2946 2946 2946 2946 2946 2946 2946 2946 2145 2105 2946 2945 2145 2105 2104 18c4 1083 1083 18c4 2105 2946 2946 2105 2104 2105 2945 2105 2105 2105 2104 2104 2104 2104 2104 2104 2104 2104 2104 2104 1904 1904 1904 18c4 18c4 18c4 18c4 18c4 18c4 18c4 18c4 20c4 20c4 2104 2104 2104 2104 2104 2104 1904 1904 18c4 18c4 18c4 18c4 18c4 18c4 18c4 18c4 18c4 18c4 18c4 18c4 18c4 18c3 
6477 6477 6477 6477 6477 6477 64b7 64b7 64b7 64b7 64b7 64b7 64b8 64b8 6cb8 6cb8 6cb8 6cb8 6cb8 6cb8 6cb8 6cb8 6cf8 6cf8 6cf8 6cf8 6cf8 74f8 74f8 74f9 74f9 74f9 74f9 7539 74f9 7539 7539 7539 7539 7d39 7cf8 8539 8537 7474 4b0f 29ca 08c6 0043 0042 0882 1083 0882 0841 0841 0841 0000 1041 1041 1041 1082 1082 1081 1041 0841 1082 1041 0841 0841 0841 0841 0841 1081 1882 1882 1082 1081 1041 0841 0840 0800 0000 0841 1041 1041 1041 1041 1041 1041 1082 1042 0000 0841 0001 0883 0883 0884 10c4 18c5 29c9 3a8c 42cd 5b90 8472 9cf3 b534 d5b5 edf5 f635 bc6e bc6f cd32 dd73 e5f4 e5f4 e5f5 ee36 f677 fe77 f677 f636 ee36 ee35 ee35 ee35 ee35 f676 f676 fe77 f678 ee77 e637 e638 de79 ce39 be39 b639 b67b b67c b67c aebd aebd aebd aebd aebd aebd aebd aebd aebd aebd aebd b6bd b6bd b6bd b6bd b6bd b6bd b6bd b6bd b6bd b6bd b6bd b6bd b6bd b6bd b6fd b6fd b6fd b6fd b6fd b6fd b6fd b6fe b6fe b6fe b6fe b6fe b6fe b6fe befe befe befe befe befe befe befe befe befe befe befe befe befe befe befd bebc 320a 2147 2106 2906 18c4 2945 2105 2105 2105 2105 2105 2105 2105 2105 2905 2145 2145 2145 2145 2945 2945 2945 2946 2946 2946 2946 2946 2946 2946 2946 2946 2946 2946 2105 1082 1082 1904 2105 2145 2945 2946 2946 2946 2946 2946 2946 2946 2946 2946 2946 2946 2946 2946 2946 2946 2946 2986 2986 2946 2946 2946 2945 2145 2945 2946 2946 2945 2105 18c4 18c4 1083 1083 18c4 2105 2946 2946 2105 2104 2105 2105 2105 2105 2104 2104 2104 2104 2104 2104 2104 2104 2104 2104 1904 1904 20c4 18c4 18c4 18c4 18c4 18c4 18c4 18c4 20c4 20c4 2104 2104 2104 2104 2104 2104 1904 1904 18c4 18c4 18c4 18c4 18c4 18c4 18c3 18c4 18c4 18c4 18c4 18c4 18c4 18c4 
6477 6477 6477 6477 6477 6477 64b7 64b7 64b7 64b7 64b7 64b7 64b8 64b8 6cb8 6cb8 6cb8 6cb8 6cb8 6cb8 6cb8 6cb8 6cf8 6cf8 6cf8 6cf8 6cf8 74f8 74f8 74f9 74f9 74f9 74f9 74f9 74f9 7539 74f9 7cf9 7cf8 7cf8 7cf7 74b6 63d3 428d 1947 0043 0002 0042 1083 0842 0841 0841 0841 0000 0841 1082 1082 1082 1081 1082 1082 1081 0841 0841 0842 0842 0841 0842 0842 0842 0842 1082 1082 1082 0841 0841 1041 1041 0841 0841 0882 1083 1083 1082 0841 1041 1041 1041 0840 1081 1882 18c3 1082 1082 0882 0882 18c3 18c4 18c4 1105 1106 2188 4a8b 6b4d 93ce cd33 edb5 fe36 e573 dd33 e5b5 ee37 ee37 ee77 f677 f677 ee37 ee36 edf6 edf5 e5b5 e574 dd74 dd73 dd73 e5b4 edb5 edf5 fe77 fe36 f636 ee36 e638 e679 d679 bdf8 b63a b63b b67c aebc aebd aebd a6bd aebd aebd aebd aebd aebd aebd b6bd b6bd b6bd b6bd b6bd b6bd b6bd b6bd b6bd b6bd b6bd b6bd b6bd b6bd b6bd b6bd b6bd b6bd b6bd befd befd befe befe befe befe befe befe b6fe b6fe befe befe befe befe befe befe befe befe befe befe befe befe befe befe c6fd 84f5 1947 2988 20c5 2946 20c4 2905 2105 2105 2105 2105 2105 2105 2905 2905 2105 2105 2105 2105 2105 2145 2945 2945 2945 2945 2946 2946 2946 2946 2946 2946 2946 2946 2946 2945 18c3 1082 18c3 2105 2105 2945 2946 2946 2946 2946 2946 2946 2946 2946 2946 2946 2946 2946 2946 2946 2946 2946 2946 2946 2946 2946 2946 3186 2145 2145 2105 2145 2145 2945 2946 2946 2945 18c4 0842 0842 1083 2105 2945 2945 2105 2105 2105 2105 2105 2105 2104 2104 2104 2104 2104 2104 2104 2104 1904 1904 20c4 20c4 18c4 18c4 18c4 18c4 18c4 18c4 20c4 20c4 2104 2104 2104 2104 2104 2104 1904 1904 18c4 18c4 18c4 18c4 18c4 18c4 18c3 18c4 18c4 18c4 18c4 18c4 18c4 18c4 
6477 6477 6477 6477 6477 6477 64b7 64b7 64b7 64b7 64b7 64b7 64b8 6cb8 6cb8 6cb8 6cb8 6cb8 6cb8 6cb8 6cb8 6cb8 6cb8 6cf8 6cf8 6cf8 6cf8 74f8 74f8 74f9 74f9 74f9 74f9 74f9 7539 7539 7cf9 7cf8 7cf8 7cf7 84f7 5b50 2189 0084 0042 0042 0843 1082 0841 0841 0841 0841 0841 0841 0841 1081 1082 1041 0841 0841 1041 1081 1041 0841 0841 0041 0041 0842 0842 0842 0842 1082 1082 0842 0841 0841 1082 1082 1082 1082 0842 0882 1082 0842 0841 1041 1041 1081 1882 1882 1881 1081 1081 1082 1082 1081 1081 1882 18c4 2105 2146 1905 2104 2904 6208 ac30 d4f3 e574 edb6 e575 edb6 f678 ee78 eeb8 ee77 ee77 ee37 edf6 e5f5 e5b5 dd74 dd33 d4f2 d4f2 d4f1 d4f2 dd33 e533 ed73 fe36 fe77 f636 e5f6 e637 e679 d679 bdf8 b639 b67b ae7c aebd aebd a6bd aebd aebd aebd aebd aebd aebd b6bd b6bd b6bd b6bd b6bd b6bd b6bd b6bd b6bd b6bd b6bd b6bd b6bd b6bd b6bd b6bd b6bd b6bd b6bd befd befd befe befe befe befe befe befe b6fe b6fe befe befe befe befe befe befe befe befe befe befe befe befe befe befe bebc 4acd 2147 2146 2105 2105 2105 2105 2105 2105 2105 2105 2105 2105 2105 2105 2105 2105 2105 2105 2105 2145 2945 2945 2945 2946 2946 2946 2946 2946 2946 2946 2946 2946 2946 2946 18c4 0882 1083 2105 2105 2946 2946 2946 2946 2945 2946 2946 2946 2946 2946 2946 2946 2946 2946 2946 3186 2946 2946 2946 2946 2946 2945 2105 2946 2946 2946 2945 2945 2105 2105 2105 2105 2945 2946 2105 1083 0842 1083 18c4 2104 2105 2105 2105 2105 2105 2105 2104 2104 2104 2104 2104 2104 2104 1904 1904 2104 20c4 18c4 18c4 18c4 18c4 18c4 18c4 20c4 20c4 2104 2104 2104 2104 2104 2104 1904 1904 18c4 18c4 18c4 18c4 18c4 18c4 18c3 18c3 18c4 18c4 18c4 18c4 18c4 18c3 
6477 6477 6477 6477 6477 6477 64b7 64b7 64b7 64b7 64b7 64b7 64b7 64b8 6cb8 6cb8 64b8 64b8 6cb8 6cb8 6cb8 6cb8 74f8 6cf8 6cf8 6cf8 74f8 74f8 74f8 74f8 74f9 74f9 74f9 753a 74f9 7d39 74f8 74f7 8537 7474 428d 1106 0043 0842 0842 0842 1082 1041 0841 0841 0841 0841 0841 1042 1082 1042 1041 1041 0841 0841 0841 0841 0841 0841 0841 0842 1082 0841 0841 0841 0841 0841 0841 0841 0841 1041 1042 1042 1041 1041 1082 1883 1882 1041 0841 1041 1882 1882 1882 1081 1081 1081 1081 0841 1041 1081 1082 1842 1082 1882 20c3 28c4 2904 3105 38c4 728a bcb2 ddb6 e5b6 ddb5 e5f6 f678 f6b9 e637 ee77 f677 e5f5 e5f5 e5b4 d532 d4f2 d4f1 d4b0 d4b0 d4b0 d4b0 d4b0 dcf0 e531 ed73 fe77 f677 e5f5 e636 e636 e637 e678 c5f7 b5f9 be7c ae7c b6be aebc aebd aebe aebe aebe aebe b6be b6bd b6bd b6bd b6bd b6bd b6bd b6bd b6bd b6bd b6bd b6bd b6fd b6fd b6fd b6fd b6fd b6fd b6fe b6fe b6fe b6fe b6fe b6fe befe befe befe befe befe befe befd befe befe befe befe befe befe befe befe b6fe bf3f befe b6fe befe a5f8 2987 2105 2105 1905 2105 2105 2104 2105 2105 2105 2105 2105 2105 2105 2105 2105 2105 2105 2105 2105 2105 2145 2145 2945 2945 2945 2945 2945 2945 2945 2945 2945 2946 2105 2945 2945 1083 0841 18c4 2946 2946 2946 2945 2945 2945 2945 2945 2946 2946 2946 2946 2946 2946 2946 2946 2945 2945 2946 2946 2946 2946 2986 3186 2946 2945 2945 2945 2945 2945 2945 2945 2945 2145 2105 2145 2145 2104 18c3 0882 1082 18c3 2104 2105 2105 2105 2104 2105 2105 2104 2104 2104 2104 2104 1904 18c4 18c4 18c4 18c4 18c4 1904 1904 1904 2104 18c4 1904 2104 2104 2104 2104 2104 2104 1904 1904 1904 18c4 18c4 18c4 18c3 18c3 18c3 18c3 18c3 18c4 18c4 18c4 18c3 18c3 
6477 6477 6477 6477 6477 6477 64b7 64b7 64b7 64b7 64b7 64b7 64b7 64b8 6cb8 64b8 64b8 64b8 6cb8 6cb8 74b8 74b8 74f8 6cf8 6cf8 6cf8 6cf8 6cf8 74f8 74f8 74f9 74f9 6cf9 753a 7539 74f9 7cf8 7cf7 6c74 428d 1947 0883 0042 1082 1082 1041 1041 1041 0841 0841 0841 0841 0841 1082 1082 1082 0841 0841 0841 1041 1042 1041 1041 0841 0841 1082 1082 0841 0841 0841 1041 1041 1041 1041 0841 0841 0841 0841 1041 1041 1082 1882 1042 1041 1041 1041 1082 1082 1082 1081 1082 1082 1082 1082 1082 1882 20c3 18c3 1882 1041 1041 1841 1842 1841 2042 28c3 4986 834c b4f2 d5b6 ddf6 d5b5 e637 e636 f6b8 f677 d5b4 cd32 d532 d532 ccf1 ccb0 c46e c42e c46e cc6f cc6f cc6e e531 e532 f636 f677 e635 e635 ee35 f676 ee37 de38 c5f9 be3b ae3b b6bd aebc aebd aebd aebe b6be b6be b6bd b6bd b6bd b6bd b6bd b6bd b6bd b6bd b6bd b6bd b6bd b6bd b6fd b6fd b6fd b6fd b6fd b6fd b6fe b6fe b6fe b6fe b6fe b6fe befe befe befe befe befe befe befd befe befe befe befe befe b6bd c73e befe bf3e befe b6fd bf3f c73e 638f 2145 2145 2105 2105 2105 18c4 2105 2104 2104 2105 2105 2105 2105 2105 2105 2105 2105 2105 2105 2105 2105 2105 2145 2945 2945 2945 2945 2945 2945 2945 2945 2145 2946 2145 2105 2945 18c3 0882 18c4 2946 2945 2945 2945 2945 2945 2945 2945 2945 2946 2946 2946 2946 2946 2946 2946 2946 2946 2946 2946 2946 2946 2946 2946 2946 2946 2946 2945 2945 2945 2945 2945 2945 2145 2105 2145 2945 2145 2104 18c4 18c3 1083 0882 1083 18c4 2105 2105 2105 2104 2104 1904 1904 1904 2104 2104 2105 18c4 18c4 18c4 1904 1904 1904 1904 1904 18c4 1904 2104 2104 2104 2104 2104 2104 1904 1904 1904 18c4 18c4 18c4 18c3 18c3 18c3 18c3 18c3 18c3 18c4 18c4 18c3 18c3 
6477 6477 6477 6477 6477 6477 64b7 64b7 64b7 64b7 64b7 64b7 64b7 64b8 6cb8 64b8 64b8 64b8 6cb8 6cb8 74b8 74b8 6cf8 6cf8 6cf8 6cf8 6cf8 6cf8 74f8 74f8 74f9 74f9 753a 74f9 7539 74f8 7cf7 74b5 42ce 08c5 0043 0042 0842 1082 1082 1081 1041 1041 0841 0841 0841 0841 1042 1082 1082 1082 0841 0841 1041 1082 1082 1082 1042 1041 0841 1082 1082 1041 0841 0841 1042 1042 1041 0841 0841 0841 0841 0841 1041 1042 1882 1882 1042 1041 1082 1882 1882 1082 1082 1041 1041 1081 1081 1081 1081 1081 0841 0841 0841 0841 0841 1041 1041 1041 1882 28c2 3103 3103 3944 5a07 93cd bd33 c574 cd74 d5f5 cd73 a42e 934c 9b8c a38c b42e b42e b3cd bc2e c46f c46f c46e c42e cc6f ccb0 e5b4 f677 ee77 ee36 ee35 f636 ee36 ee78 de39 c639 adf9 b67b b6bc aebc b6bd b6bd b6bd b6bd b6bd b6bd b6bd b6bd b6bd b6bd b6bd b6be b6be b6be b6be b6be b6be b6fd b6fd b6fd b6fd b6fd b6fe b6fe b6fe b6fe b6fe b6fe befe befe befe befe befd befd befd befe befe befe befe befe bf3e b6fe b6fd cf7f b6bd c73e bf3e ae7a 2987 2105 2105 18c4 2105 1904 18c4 2105 1904 2104 2104 2104 2104 2104 2104 2104 2105 2105 2105 2105 2105 2105 2105 2105 2145 2145 2945 2945 2945 2945 2945 2945 2105 2946 2945 2105 2945 1904 18c3 2104 2945 2945 2945 2945 2945 2945 2945 2945 2945 2945 2945 2946 2946 2946 2946 2945 2946 2945 2945 2945 2945 2945 2946 2946 2946 2946 2945 2945 2945 2945 2945 2945 2945 2945 2145 2145 2945 2945 2945 2145 2104 18c4 1083 1082 0882 1083 18c3 18c4 18c4 2104 2104 2104 18c4 18c4 18c4 2104 1904 1904 2104 2104 2104 1904 1904 1904 1904 1904 2104 2104 2104 2104 2104 2104 2104 1904 1904 18c4 18c4 18c4 18c4 18c3 18c3 18c3 18c3 18c3 18c4 18c4 18c3 18c3 
6477 6477 6477 6477 6477 6477 64b7 64b7 64b7 64b7 64b7 64b7 64b7 64b8 6cb8 6cb8 64b8 64b8 6cb8 6cb8 74b8 74b8 6cf8 6cf8 6cf8 6cf8 6cf8 6cf8 6cf8 74f8 74f9 74f9 7d3a 6cf8 7d39 7cf8 6c74 4b0e 1106 0043 0042 1083 1083 1082 1082 1041 0841 1041 0841 0841 1042 1082 1082 1882 1082 1082 0841 0841 1082 1082 1082 1082 1042 1042 0841 1041 1041 0841 0841 0841 0841 1041 0841 0841 0841 0841 0841 1041 1042 1082 1883 1082 1041 1042 1082 1882 1082 1041 1082 1041 1041 1041 1041 1041 1041 1041 0841 0841 0841 1082 1082 18c2 1882 1882 20c2 1882 2081 2081 28c1 28c2 3103 4144 4143 4103 4944 4944 4102 4102 5143 5984 6a06 7a88 9b4b abcd bc6f c46f ccaf ccb0 bc6f c4b0 ddb4 ee36 ee77 ee77 ee36 ee35 ee36 ee37 e637 d638 bdf8 b63a b6bc aebc b6bd b6bd b6bd b6bd b6bd b6bd b6bd b6bd b6bd b6bd b6bd b6be b6be b6be b6be b6be b6fe b6fd b6fd b6fd b6fd b6fd b6fe b6fe b6fe b6fe b6fe b6fe befe befe befe befe befd befd befd befe befe befe befe befe bf3f bf3e b6bd befd c73e b6bc c73e 534e 1905 2105 1904 18c4 2105 2105 2104 1904 1904 1904 2104 2104 2104 2104 2104 2104 2105 2105 2105 2105 2105 2105 2105 2105 2105 2105 2145 2945 2945 2945 2945 2945 2105 2946 2945 2105 2105 2105 2104 2105 2105 2105 2105 2105 2105 2105 2105 2105 2945 2945 2945 2946 2946 2946 2945 2945 2945 2145 2145 2105 2945 2946 2946 2946 2945 2945 2945 2945 2945 2945 2945 2945 2945 2945 2945 2945 2145 2145 2945 2945 2945 2945 2105 18c4 1083 0882 1082 1083 18c3 18c4 1904 2104 2104 18c4 18c4 18c4 2104 2104 2104 2104 2104 2104 1904 18c4 1904 1904 2104 2104 2104 2104 2104 2104 2104 1904 1904 1904 18c4 18c4 18c4 18c4 18c4 18c3 18c3 18c3 18c3 18c3 18c3 18c3 
6477 6477 6477 6477 6477 6477 64b7 64b7 64b7 64b7 64b7 64b7 64b7 64b8 6cb8 6cb8 64b7 64b8 6cb8 6cb8 74b8 74b8 6cf8 6cf8 6cf8 6cf8 6cf9 6cf9 6cf9 74f9 74f9 74f9 74f9 74f8 8539 6c75 42ce 1107 0002 0883 10c3 18c3 18c3 1042 0841 0841 0841 0841 1042 1082 1082 1883 1882 1082 1042 0841 0841 1041 1082 1082 1082 1042 1042 1042 1041 0841 0841 0841 0841 0841 0841 1041 0000 0841 0841 1042 1082 1082 1082 1082 1082 1081 0841 1041 1081 1081 1041 0840 1041 1041 1041 1081 1041 1041 1041 1081 1081 1082 18c2 2103 2904 3145 3185 3986 3145 3985 4185 41c6 4185 3943 3103 3102 4144 3903 4103 4144 4984 5185 59c6 61c6 5985 7247 8b0a abce bcb0 ccf1 d532 dd73 d533 d573 ddb4 ddb4 e636 f677 ee36 ee36 edf5 ee35 edf5 e636 cdf7 b5f8 b6bc b6bc b6bd b6bd b6bd b6bd b6bd b6bd b6bd b6bd b6bd b6bd b6be b6be b6be b6fe b6fe b6be b6fe b6fd b6fd b6fd b6fd b6fd b6fe b6fe b6fe b6fe b6fe b6fe befe befe befe befe befd befd befd befe befe b6fe b6fe b6fe b6fd bf3f c73e b6bc befd cf3e 7472 1106 2146 2105 18c4 2105 18c4 1904 2105 18c4 1904 1904 2104 2104 2104 2104 2104 2104 2104 2104 2104 2104 2105 2105 2105 2105 2105 2105 2105 2145 2145 2145 2145 2145 2105 2945 2945 2105 2105 2145 2145 2145 2105 2105 2105 2105 2105 2105 2105 2105 2945 2945 2945 2946 2946 2946 2946 2946 2945 2945 2145 2145 2945 2946 2946 2946 2945 2945 2945 2945 2945 2945 2945 2945 2945 2945 2945 2945 2945 2145 2145 2945 2946 2145 2105 2105 2105 2104 18c3 1082 0882 1082 1082 1083 18c3 18c4 18c4 18c4 18c4 1904 2104 2104 2104 2104 1904 18c4 18c4 1904 2104 2104 2104 2104 2104 2104 2104 2104 2104 1904 1904 1904 18c4 18c4 18c4 18c3 18c3 18c3 18c3 18c3 18c3 18c3 
6477 6477 6477 6477 6477 6477 64b7 64b7 64b7 64b7 64b7 64b7 64b7 64b8 6cb8 6cb8 64b7 64b8 6cb8 6cb8 74b8 74b8 6cf8 6cf8 6cf8 6cf8 6cf9 6cf9 6cf9 74f9 74f9 74f9 74f8 8538 7cf7 4b0f 1948 0042 0001 10c3 1883 1882 1082 1041 0841 0842 0842 0842 1082 1082 1883 18c3 1082 1041 0841 0841 1042 1082 1082 1082 1041 0841 1041 1082 1042 0841 0841 1042 1041 0841 0841 1041 0000 0841 1042 1082 1082 1082 1082 1082 1082 1081 0841 0841 1041 1041 0841 0841 0840 1041 1882 1882 1881 1041 1041 1841 20c2 20c3 2904 3945 41c7 5248 6aca 730c 93cf 93cf 942f 942e 942e 9c2e a4b0 b4f1 b4f1 acb1 ac70 a470 a46f 9c2f 9bce 9bcd a42e a42e ac2e b470 c4f1 cd33 d573 d573 dd74 dd74 ddb4 d573 e5f6 ee77 e636 e635 edf5 edf4 edf4 ee35 d637 b5b7 b67c aebd b6bd b6bd b6bd b6bd b6bd b6bd b6bd b6bd b6bd b6be b6be b6be b6fe b6fe b6fe b6fe b6fe b6fd b6fd b6fd b6fd b6fd b6fe b6fe b6fe b6fe b6fe b6fe befe befe befe befd befd befd befd befe b6fe b6fe b6fe b6fe b6fe bf3e c73e c73e c6fd a5b7 1946 1105 1905 18c4 18c4 2145 10c3 18c4 2105 18c4 18c4 1904 1904 2104 2104 2104 2104 2104 2104 2104 2104 2104 2104 2105 2105 2105 2105 2105 2105 2105 2105 2145 2145 2145 2105 2145 2145 2105 2105 2945 2945 2945 2105 2105 2105 2105 2145 2145 2145 2145 2945 2945 2945 2946 2946 2946 2946 2945 2946 2946 2946 2945 2945 2945 2946 2946 2945 2945 2945 2945 2945 2945 2945 2946 2145 2945 2945 2945 2945 2945 2945 2945 2145 2145 2945 2945 2945 2145 2105 2104 1083 1082 0842 0842 0882 1083 10c3 18c3 18c3 18c3 18c4 18c4 1904 18c4 18c4 18c4 18c4 1904 2104 2104 2104 2104 2104 2104 2104 2104 2104 2104 1904 1904 1904 1904 18c4 18c3 18c3 18c3 18c3 18c3 18c3 18c3 
6477 6477 6477 6477 6477 6477 64b7 64b7 64b7 64b7 64b7 64b7 64b7 64b8 6cb8 6cb8 64b7 64b7 6cb8 6cb8 74b8 74b8 6cf8 6cf8 6cf9 6cf9 6cf9 6cf9 6cf9 74f9 74f9 7cf8 7cf7 84f7 5b91 2189 0884 0042 1083 18c3 1882 1041 1041 1041 0841 0842 1083 0842 1082 1082 18c3 18c3 1082 0841 0841 1082 1082 1082 1082 1041 0841 0841 0841 1082 1042 0841 1041 1082 1082 1041 0841 0841 0841 1042 1082 1082 1082 1082 1082 1082 1082 0841 0841 1041 1041 0841 1041 1041 1041 1881 1882 1882 1841 1841 2082 28c3 28c2 30c3 3904 4145 51c6 5a08 728a 7b0b 8b4d a42f c533 d5b5 d5b4 cdb4 d5b4 ddf6 d5b5 d5f5 d5f5 d5f5 ddf6 d5f5 d5b5 d5b5 d5b5 cd74 c532 c532 cd32 cd32 cd32 c4f1 cd32 cd32 d573 d573 e5f5 e636 ddf5 e5f5 ee35 f5f4 f5f3 ee35 de36 ad76 b67c aebd aebd aebd aebd aebd b6bd b6bd b6bd b6be b6be aebe aebe b6fe b6be b6fd b6fe b6fe b6fd b6fd b6fd b6fd b6fd b6fd b6fe b6fe b6fe b6fe b6fe b6fe befe befe befe befd befd befd befd befe b6fe b6fe b6fe b6fe befe bf3e b6bd c6fd be7a 2187 2186 1904 1904 18c4 18c4 2105 10c3 18c4 18c4 2104 18c4 18c4 18c4 1904 1904 1904 20c4 18c4 1904 1904 1904 1904 2104 2104 2105 2105 2105 2105 2105 2105 2105 2105 2145 2105 2145 2105 2105 2945 2105 2145 2945 2945 2945 2945 2945 2945 2945 2945 2145 2145 2145 2945 2945 2945 2945 2945 2945 2945 2946 2946 2946 2945 2945 2945 2946 2946 2945 2945 2945 2945 2945 2945 2945 2946 2945 2945 2945 2945 2945 2945 2945 2945 2105 2945 2946 2946 2105 2104 2105 2945 2105 1904 18c3 1082 0842 0842 0882 1082 1083 1083 10c3 18c3 18c4 18c4 18c4 18c4 18c4 18c4 1904 2104 2104 2104 2104 1904 2104 2104 2104 2104 2104 2104 2104 2104 18c4 18c3 18c3 18c3 18c3 18c3 18c3 18c3 
6477 6477 6477 6477 6477 6477 64b7 64b7 64b7 64b7 64b7 64b7 64b7 64b8 6cb8 6cb7 64b7 6cb7 6cb8 6cb8 6cb8 6cb8 6cf8 6cf8 6cf9 6cf8 6cf9 6cf9 6cf9 74f8 74f9 7cf8 84f7 7474 320b 0084 0042 1082 2103 18c2 20c2 1040 1041 1041 0800 0842 18c3 1082 1083 1883 18c3 18c3 1082 0841 1082 18c3 1082 1082 1082 0841 0841 0841 0841 1082 1041 0841 0841 1082 1082 1041 0841 0841 1082 1082 1883 1082 1082 1041 1041 1042 0841 0841 0841 0841 0841 0800 0840 1081 1041 1881 1841 1841 1841 2082 3945 49c7 51c7 6208 728a 7acb 830b 934c 9bce ac2f bcf1 bcb1 c4f1 cd73 ddb4 e5f5 ddb4 d5b4 d5f5 d5f5 d5b5 d5b5 ddf5 d5f5 d5b5 ddf5 d5b5 ddf5 ddf5 ddf4 ddb4 d5b4 d5b4 d5b3 cd73 cd32 cd32 cd32 ddb4 ddf5 d5b4 e636 ee35 f635 f634 edf4 d5f5 ad75 b67c aebe aebd aebd aebd aebd aebe aebe aebe aebe aebe aebe aebe b6be b6fd b6bd b6fd b6fd b6fd b6fd b6fd b6fd b6fd b6fd b6fe b6fe b6fe b6fe b6fe b6fe befe befe befe befd befd befd b6fd befe b6fe b6fe b6fe b6fe bf3f b6bc c73e c6fc 4acc 1945 1904 1904 1904 1904 18c4 18c4 10c3 2105 10c3 1904 18c4 18c4 18c4 18c4 18c4 18c4 18c4 18c4 1904 1904 1904 1904 2104 2104 2104 2105 2105 2105 2105 2105 2105 2105 2105 2105 2945 2104 2105 2945 2145 2105 2945 2145 2945 2945 2945 2945 2145 2145 2145 2145 2105 2145 2145 2945 2945 2945 2945 2145 2145 2945 2945 2945 2946 2946 2946 2946 2945 2945 2945 2945 2945 2945 2945 2945 2946 2945 2145 2105 2105 2105 2105 2105 2945 2945 2105 2105 2945 2945 2945 2105 2945 2945 2105 1904 10c3 1082 1082 1082 0882 1082 1083 10c3 18c3 18c3 18c3 18c3 18c4 18c4 18c4 1904 2104 2104 1904 1904 2104 2104 2104 2104 2104 2104 2104 2104 18c4 18c3 18c3 18c3 18c3 18c3 18c3 18c3 
6477 6477 6477 6477 6477 6477 64b7 64b7 64b7 64b7 64b7 64b7 64b7 64b8 6cb8 6cb7 6cb8 6cb8 6cb8 6cb8 6cf8 6cf8 6cf9 6cf9 6cf8 6cf8 6cf9 6d39 74f9 74f8 74f8 7cf7 7cb5 428c 1106 0042 10c4 3186 2904 20c2 1881 1040 1881 1041 1082 18c4 1083 1083 1083 20c3 20c3 1082 0841 1082 18c3 18c3 1082 1041 0841 0841 0841 0841 0841 1041 1082 1082 1042 1041 1042 1082 1082 18c3 18c3 18c3 1082 1082 0841 0841 0841 0841 0000 0840 0841 0841 0840 1041 1041 1041 1881 1882 1882 2082 28c3 3945 49c7 5208 6207 6207 61c6 7249 7a8a 9b8d ac2f c4b1 c4f2 cd32 d573 ddb4 e5b4 e5f4 e5f4 e5f5 ddf5 ddf6 ddf5 ddf5 ddf5 ddf5 ddf5 ddf5 ddf5 ddf5 ddf5 ddf4 ddb4 ddb4 d5b4 d5b3 d573 d573 d573 d573 cd73 cd73 cd74 cd74 e5f4 e5b3 edf3 ddb3 bd33 b5b7 b67c a67e aebe aebe aebe aebe aebe aebe aebe aebe aebe aebe b6fe b6fe b6fe b6bd b6bd b6bd b6bd b6bd b6fd b6fd b6fd b6fd b6fd b6fd befe befe befe befe befe befe befe befd befe b6bd befe bf3e b6fe bf3e bf3f b6bd befe befd c6fd 7431 1104 2145 10c3 18c3 18c4 18c4 18c4 18c4 18c4 18c4 18c4 18c4 18c4 18c4 18c4 18c4 18c4 18c4 18c4 18c4 18c4 18c4 18c4 1904 1904 2104 2104 2104 2105 2105 2105 2105 2105 2105 2145 2145 2105 2105 2105 2145 2945 2945 2945 2945 2945 2945 2945 2945 2945 2145 2145 2145 2145 2145 2145 2105 2145 2145 2945 2945 2105 2145 2945 2945 2945 2945 2945 2945 2945 2945 2945 2945 2945 2945 2945 2945 2945 2945 2945 2945 2945 2945 2945 2945 2905 2905 2905 2905 2945 2945 2945 2945 2105 2905 2905 2905 2105 20c4 1883 1082 0842 0842 1082 1082 1083 1083 1083 1083 18c3 18c3 18c3 18c3 18c4 18c4 18c4 18c4 1904 1904 2104 2104 1904 1904 2104 2104 18c4 18c4 18c3 18c3 18c3 18c3 18c3 18c3 
6477 6477 6477 6477 6477 6477 64b7 64b7 64b7 64b7 64b7 64b7 64b7 64b8 6cb8 6cb7 6cb8 6cb8 6cb8 6cb8 6cf8 6cf8 6cf9 6cf8 6cf9 6cf8 6cf9 7539 74f8 74f8 7cf8 7cf7 5b50 1947 0883 10c4 18c4 2104 20c3 20c2 1881 1040 1881 1882 1082 1083 1082 18c4 2104 20c4 18c3 1082 1883 18c3 18c3 1082 0841 1082 1082 0841 0000 0841 1082 1082 1042 1042 1082 1082 1082 1082 1082 1082 1082 1082 1082 1042 0841 0841 0841 0841 0841 0841 0841 0841 1041 1081 1081 1041 1041 1041 1881 28c3 3945 49c7 49c7 4145 51c6 59c6 61c6 7289 7288 8b0a 9bcd c4b0 d532 d573 ddb3 e5b4 e5f4 e5f4 e5f4 e5f4 e5f5 ddf5 e5f5 e5f5 e5f5 ddf5 e5f5 ddf5 ddf5 ddf5 ddf5 ddf4 ddf4 ddb4 ddb4 ddb4 d5b3 ddb3 dd73 d573 d573 cd74 cd74 cd74 d573 d572 dd72 d572 bd33 bdf7 bebd b6be ae7d aebd aebd aebd aebe aebe aebe b6fe aebe aebe b6be b6bd b6fd b6bd b6bd b6bd b6bd b6fd b6fd b6fd b6fd b6fd b6fd b6fd befe befe befe befe befe befe befe befe b6fd c77f b6bd b6fd befe ae7c b6fe c73f befd c6fd 8d35 1946 1945 10c3 1904 2104 18c3 18c4 18c4 18c4 18c4 18c4 18c4 18c4 18c3 18c3 18c3 18c4 18c4 18c4 18c4 18c4 18c4 18c4 18c4 18c4 18c4 1904 2104 2104 2104 2104 2105 2105 2105 2105 2105 2105 2105 2105 2105 2105 2145 2945 2945 2945 2945 2945 2945 2945 2945 2945 2945 2145 2945 2945 2145 2145 2145 2145 2945 2945 2145 2145 2945 2945 2945 2945 2945 2945 2945 2945 2945 2945 2945 2945 2945 2945 2945 2945 2945 2945 2945 2945 2945 2945 2905 2905 2905 2905 2945 2945 2945 2945 2905 2905 2905 2905 2905 2105 2104 18c4 1083 1082 0842 0842 0842 0842 1082 1083 18c3 18c3 18c3 18c3 18c4 18c4 1904 1904 18c4 1904 2104 2104 1904 1904 2104 2104 18c4 18c4 18c3 18c3 18c3 18c3 18c3 18c3 
6477 6477 6477 6477 6477 6477 64b7 64b7 64b7 64b7 64b7 64b7 64b8 64b8 6cb8 6cb7 6cb8 6cb8 6cb8 6cf8 6cf8 6cf8 6cf8 6cf8 6cf9 6cf8 7539 74f8 74b7 7cf8 7cf8 7475 3a0b 0843 0883 2146 2104 20c3 2103 20c2 1040 1881 20c2 1882 1082 18c3 18c3 2105 2104 18c3 1883 18c3 18c3 18c3 1082 0841 1082 1082 0841 0841 1041 1882 1082 1041 1082 1082 1082 1082 1082 1082 1082 1082 0841 0841 0841 1041 0841 0841 0841 0841 0841 1041 1041 1041 1041 1081 1881 1041 1881 20c2 2903 28c3 28c3 28c3 3104 3945 4985 5185 5a06 72c9 830a 9b8c ac2e bcf0 d5b3 ddb3 ddf4 ddf4 ddf3 ddf3 ddf4 ddf4 e5f5 e5f5 e5f5 e635 e5f5 e5f5 e5f5 e5f5 e5f5 e5f5 e5f5 e5f5 e5f5 ddf4 ddf4 ddf4 ddb3 ddb3 ddb3 d5b3 d574 cd74 cd74 cd74 cd73 cd32 d572 cd73 bd33 bdb7 be7b b67c b67c b67c b6bd b6bd b6bd aebd aebd aebd b6be b6bd b6be b6bd b6fd b6bd befd befd b6bd b6fd b6fd b6fd b6fe b6fe b6fe b6fd befe befe befe befe befe befe befe befe b6fe bf3e b6fd befe bf3e befe befe bebc c73e 9d77 1106 1946 0882 10c3 2104 18c3 18c3 18c4 18c4 18c3 18c3 18c3 18c3 18c3 18c3 18c3 18c3 18c3 18c3 18c3 18c3 18c3 18c4 18c4 18c4 18c4 18c4 18c4 1904 2104 2104 2104 2104 2104 2104 2105 2105 2105 2105 2105 2105 2105 2105 2145 2145 2945 2945 2945 2945 2945 2945 2945 2945 2945 2945 2945 2945 2945 2145 2145 2145 2945 2945 2945 2945 2945 2945 2945 2945 2945 2945 2945 2945 2945 2945 2945 2905 2905 2945 2945 2945 2945 2945 2945 2905 2905 2945 2945 2945 2905 2905 2905 2905 2905 2945 2945 2905 2905 2945 2945 2905 2105 2104 18c4 1083 0882 0842 0842 0882 1082 1082 1083 1083 10c3 18c3 18c4 18c4 18c4 18c4 1904 2104 2104 1904 18c4 18c4 18c4 18c4 18c4 18c4 18c3 18c3 18c3 18c3 18c3 
6477 6477 6477 6477 6477 64b7 64b7 64b7 64b7 64b7 64b7 64b7 64b8 6cb8 6cb8 6cb8 6cb8 6cb8 6cb8 6cf8 6cf8 6cf8 6cf8 6cf8 6cf8 6cf8 74f8 74f8 74b7 8538 74b6 5350 1906 1083 18c4 2945 2104 2104 2103 18c2 1081 20c2 2103 18c2 1882 2104 2945 2945 2104 20c3 20c3 2104 18c3 1082 1082 1042 1082 0841 0841 1082 18c3 1082 0841 1041 1882 1082 1082 1042 1041 1041 0841 0841 0841 0841 0841 0841 0841 0841 0841 0841 0841 1041 1041 1041 1041 1081 1881 1041 1882 1882 1882 1881 2082 3104 3945 4986 49c5 6288 7b0a 7b0a 7ac9 938c ac6f c531 d573 d5b3 ddf3 ddf4 ddf4 ddf4 ddf4 de34 e5f5 e5f5 e5f5 e635 e635 e5f5 e5f5 e5f5 e635 e635 e5f5 e5f5 e5f5 e5f5 e5f5 ddf4 ddf4 ddf3 ddb4 ddb4 d5b4 d5b4 d574 d574 d5b3 cd73 d5b3 cdb4 bd74 bdb6 bdf8 b5b8 b63a b67b be7c bebc bebd b6bd b6bd b6bd b6bd b6bd b6bd b6bd b6bd b6bd befd befd b6fd b6fd b6fd b6fd b6fe b6fe b6fe b6fe befe befe befe befe befe befe befe befe befe aebd befe c73e befd befd c73e c6fd a5b8 1946 1946 10c4 1904 10c3 18c4 1083 18c3 18c3 18c3 18c3 18c3 10c3 18c3 18c3 18c3 18c3 18c3 18c3 18c3 18c3 18c3 18c3 18c4 18c4 18c4 18c4 18c4 18c4 1904 1904 2104 2104 2104 2104 2104 2104 2105 2105 2105 2105 2105 2105 2105 2105 2105 2105 2145 2945 2945 2945 2945 2945 2945 2945 2945 2945 2945 2145 2145 2105 2105 2105 2945 2945 2145 2145 2145 2945 2945 2945 2945 2945 2945 2945 2945 2905 2905 2905 2945 2945 2945 2945 2945 2905 2905 2905 2945 2945 2945 2905 2905 2105 2105 2105 2945 2945 2945 2905 2905 2905 2905 2905 2145 2105 2104 18c4 10c3 1082 0842 0842 0842 0882 1082 1083 1083 18c3 18c3 18c4 18c4 18c4 2104 2104 1904 18c4 18c4 18c4 18c4 18c4 18c4 18c4 18c4 18c3 18c3 18c3 
6477 6477 6477 6477 6477 64b7 64b7 64b7 64b7 64b7 64b7 64b7 64b8 6cb8 6cb8 6cb8 64b8 6cb8 6cb8 6cf8 6cf8 6cf8 6cf8 6cf8 6cf8 74f8 74f8 74f7 7cf8 8538 63d3 29ca 1084 2104 2105 2104 2104 18c3 1882 1081 18c3 18c3 18c2 18c3 2103 2904 2945 2945 2904 2104 2904 2904 18c3 1082 0841 1082 0841 0841 1882 18c3 1082 0801 0841 18c3 1883 1082 0841 0841 0841 0841 0841 1041 0841 0841 0841 0841 0841 0841 0841 0841 1041 1081 1882 1081 1882 1882 1882 1882 1882 20c2 20c3 20c3 28c3 3145 4186 49c7 5207 5a48 6288 6248 72c9 93cd b4f0 c532 cd73 d5b3 d5b4 ddf4 ddf4 ddf4 ddf4 de35 e5f5 e5f5 e635 e635 e635 e635 e635 e635 e635 e635 e635 e635 e5f5 e5f5 e5f5 e5f5 ddf4 ddf4 ddf4 ddf4 ddb5 ddb4 ddb4 ddb4 d5b3 d5b3 cdb4 cdb4 c5b5 cdb6 cdb6 c5b6 bdb7 bdf8 be39 c67a c67b c6bc c6bc befd bebd b6bd b6bd b6bd b6bd b6be b6fe b6fe b6fd b6fd b6fd b6fe b6fe b6fe b6fe b6fe befe befe befe befe befe befe befe b6fe befe befe befe b6bd befd befd bebb bebb 29c8 1105 10c3 1905 1083 1904 10c3 18c4 18c3 18c3 18c3 18c3 18c3 10c3 18c3 18c3 18c3 18c3 18c3 18c3 18c3 18c3 18c3 18c3 18c4 18c4 18c4 18c4 18c4 18c4 1904 1904 2104 2104 2104 2104 2104 2104 2105 2105 2105 2105 2105 2105 2105 2105 2105 2105 2145 2145 2145 2145 2145 2945 2945 2945 2945 2945 2145 2105 2105 2105 2105 2105 2945 2945 2145 2145 2145 2945 2945 2945 2945 2945 2945 2905 2905 2905 2905 2905 2945 2945 2945 2905 2905 2905 2905 2905 2945 2945 2905 2905 2905 2105 2105 2105 2945 2945 2945 2945 2945 2905 2905 2905 2105 2105 2145 2105 2104 18c3 1082 0842 0842 0842 0882 1082 1083 1083 10c3 18c3 18c3 18c4 18c4 1904 18c4 18c4 18c4 18c4 18c4 18c4 18c4 18c4 18c4 18c4 18c3 18c3 
6477 6477 6477 6477 64b7 64b7 64b7 64b7 64b7 64b7 64b7 6cb8 64b8 6cb8 6cb8 6cb8 64b8 6cf8 6cb8 6cf8 6cf8 6cf8 6cf8 6cf8 74f8 7539 74f8 74f7 7cf8 74b5 42ce 1106 1084 2945 2105 2945 2946 18c3 1082 1082 2104 18c3 1082 2104 2945 2104 2904 2945 3146 2945 2104 2104 18c3 1082 0841 0841 0841 1882 18c3 1082 0841 1082 1883 1883 1082 0841 0841 0841 0841 1041 1042 1082 0841 0841 0841 0841 0841 0841 1082 1082 1882 1882 18c2 1882 1882 20c2 2082 1882 2082 2904 3145 2904 28c3 28c3 3945 49c7 51c7 3944 4184 5a47 8b8d ac70 c532 c532 d573 d5b3 ddb4 ddf4 ddf4 ddf4 ddf5 ddf5 ddf5 e635 e635 e635 e635 e635 e635 e635 e636 e636 e636 e636 e636 e636 e5f5 e5f5 e5f4 ddf4 ddf5 ddf5 ddf5 ddb5 e5b4 ddb4 ddb4 d5b4 cdb4 cdb5 cdb5 d5b5 d5b5 d5b5 cdf5 c5f6 c5f6 c5f7 be38 be39 c67b c6bc bebc bebd b6bd b6bd b6be b6fe b6fe b6fe b6be b6fd b6fd b6fe b6fe b6fe b6fe b6fe befe befe befe befe befe befe befe b6fe bf3f befe ae7c cf7f befd c6fd cefd 3a4a 08c4 10c3 2105 0882 1083 2105 1082 18c4 18c3 18c3 18c3 10c3 10c3 10c3 18c3 18c3 18c3 18c3 18c3 18c3 18c3 18c3 18c3 18c3 18c4 18c4 18c4 18c4 18c4 18c4 18c4 1904 2104 2104 2104 2104 2104 2104 2104 2105 2104 2104 2105 2105 2105 2105 2105 2105 2105 2105 2105 2105 2145 2145 2145 2145 2145 2145 2105 2105 2105 2105 2105 2105 2945 2945 2945 2145 2145 2945 2945 2945 2945 2945 2905 2905 2905 2905 2905 2905 2945 2945 2905 2905 2905 2905 2905 2905 2905 2905 2905 2905 2105 2105 2105 2105 2105 2905 2945 2945 2945 2945 2945 2945 2105 2105 2145 2945 2105 2104 18c4 18c4 1082 1082 0882 0842 0842 0882 1082 1082 1083 10c3 18c3 18c4 18c4 18c4 18c3 18c4 18c4 18c4 18c4 1904 1904 18c4 18c3 18c3 
6477 6477 6477 6477 64b7 64b7 64b7 64b7 64b7 64b7 64b7 6cb8 6cb8 6cb8 6cb8 6cb8 64b8 6cb8 6cb8 6cf8 6cf8 6cf8 6cf8 6cf8 6cf8 7538 74f7 7cf7 7cb6 5351 218a 10c6 2105 3146 2945 3186 2945 10c3 10c3 18c4 1904 18c3 1082 2104 2904 2103 2904 2904 2945 2905 20c4 18c3 1082 1082 1041 1041 18c3 18c3 1883 0841 1082 20c3 18c3 1041 0841 0841 0841 0841 1042 1082 1041 0841 0841 0841 0841 0841 1082 1082 1882 1882 1882 20c2 20c2 1882 1882 2082 1882 1882 20c2 2082 1881 1882 28c3 3144 3945 3945 3945 3944 5a07 72ca 93ce a42e bcb1 cd33 d574 ddb4 ddb4 ddb4 ddb4 ddb4 ddf5 ddf5 ddf5 de35 e635 e636 e636 e636 e636 e636 e636 e636 e636 e636 e636 e636 e636 e636 e635 de35 de35 ddf6 e5f6 e5f5 e5b4 e5b3 e5f4 ddf4 d5f5 cdf5 d5f5 d5b4 e5b3 e5b3 ddf5 d5f5 d5f5 cdf5 c5f6 bdf7 be39 be7a be7c bebc b6bd b6be b6fe b6fe b6fe b6fe b6fe b6fd b6fd b6fe befe befe befe b6fe befe befe befe befe befe befe befe b6fe b6fe b6fe cf7f ae3b c6fd bebb 3a4a 08c4 1905 18c4 1082 18c3 18c4 1083 1905 0883 10c3 10c3 10c3 10c3 10c3 10c3 18c3 18c3 18c3 18c3 18c3 18c3 18c3 18c3 18c3 18c3 18c3 18c3 18c3 18c3 18c4 18c4 18c4 18c4 1904 1904 2104 2104 2104 2104 2104 2104 2104 2104 2104 2104 2104 2104 2104 2104 2105 2105 2105 2105 2105 2105 2145 2145 2145 2105 2105 2105 2105 2105 2105 2145 2145 2945 2945 2945 2945 2945 2145 2145 2905 2905 2905 2905 2905 2905 2105 2105 2905 2905 2905 2905 2905 2905 2105 2105 2105 2105 2105 2105 2105 2905 2905 2905 2105 2105 2945 2945 2945 2945 2945 2945 2145 2945 2945 2945 2945 2145 2105 2105 18c4 18c3 1083 1082 0842 0842 0842 0842 1082 1082 1083 1083 10c3 18c3 18c3 18c3 18c3 18c4 18c4 1904 1904 1904 1903 18c3 
6477 6477 6477 6477 64b7 64b7 64b7 64b7 64b7 64b7 64b7 6cb8 6cb8 6cb8 6cb8 6cb8 6cb8 6cb8 6cb8 6cf8 6cf8 6cf8 6cf8 6cf8 6cb8 74f8 74f7 7cf7 7475 3a8d 1106 1906 2945 3145 2945 2945 18c3 1082 1904 18c3 1083 2105 1904 18c3 20c3 2104 3145 2103 2904 2904 2104 18c3 1082 1042 1082 18c3 2104 2104 18c3 1883 1883 18c3 1082 1041 0841 0841 0841 1082 1082 1082 0841 0000 0841 0841 1042 1082 1882 18c3 18c3 18c3 1882 20c2 20c2 1882 1882 1882 1881 1041 1881 1882 2082 2082 20c3 28c3 28c3 28c2 30c3 3904 5a07 6a89 8b4d a3cf c4f2 d573 dd74 dd74 ddb4 ddb4 ddb4 ddb4 ddb5 ddf5 e5f5 e635 e636 e636 e636 e636 e636 e636 e636 e636 e636 e636 e637 e636 e636 e636 e635 e635 de36 de36 e5f6 e5f5 e5f4 e5b3 e5f3 ddf4 ddf5 d5f5 ddf5 ddf4 e5b3 e5b3 e5f4 ddf4 ddf5 d5f5 cdf5 cdf6 c5f7 bdf8 c67a be7b bebc bebd b6be b6fe b6fe b6fe b6be befd befd befd befd befd befe b6fd befe befd befe befd befd befd befd befd b6fd bf3e b6bc cf3e 9576 2187 08c4 1104 10c3 1082 18c4 18c3 1083 18c4 1083 18c4 10c3 10c3 10c3 10c3 10c3 10c3 10c3 10c3 10c3 10c3 10c3 18c3 18c3 18c3 18c3 18c3 18c3 18c3 18c3 18c3 18c3 18c4 18c4 18c4 18c4 1904 1904 2104 2104 2104 2104 2104 2104 2104 2104 2104 2104 2104 2104 2104 2105 2105 2105 2105 2105 2105 2105 2105 2145 2145 2105 2105 2105 2145 2145 2945 2145 2145 2945 2945 2945 2945 2145 2105 2905 2905 2905 2905 2905 2905 2105 2105 2905 2905 2905 2905 2905 2905 2105 2105 2105 2105 2105 2105 2105 2905 2905 2905 2105 2905 2905 2105 2105 2105 2905 2945 2105 2145 2145 2145 2105 2105 2105 2105 2945 2105 18c4 10c3 1082 1082 1082 1082 0842 0842 1082 1082 1083 1083 18c3 18c3 18c3 18c4 1904 2104 2104 1904 1903 18c3 
6477 6477 6477 6477 64b7 64b7 64b7 64b7 64b7 64b7 64b7 6cb7 6cb7 6cb7 6cb8 6cb8 6cb7 6cb7 6cb7 6cb8 6cf8 6cf8 6cf9 6cf9 6cf8 74f8 7cf8 7475 6391 2988 18c5 2105 3186 2945 2904 18c3 1082 18c3 18c3 18c4 2104 1082 2104 18c3 18c3 2945 2944 18c3 3186 2104 18c3 1042 1082 18c3 2104 2945 18c3 18c3 1082 1883 2104 18c3 1041 1041 0841 1081 1082 1082 1041 0841 0841 0841 1082 1041 1041 1041 1882 18c3 18c3 1882 1882 1882 1041 1041 1881 1882 1882 1882 1881 1881 1041 1881 2082 2082 1882 2082 3904 51c6 6249 72cb 8b8d a42f bcf2 d574 dd73 dd73 e5b3 d572 ddb4 d573 ddb4 ddb4 ddf4 ddf5 e635 e636 e636 e636 e636 e637 e637 e637 e637 e637 e636 e636 e636 e636 e636 e635 e636 e636 e5f5 e5f5 e5f5 e5f4 e5f4 e5f5 ddf5 ddf5 ddf5 ddf4 e5f4 e5f4 ddf5 ddf5 ddf5 ddf5 ddf5 ddf5 ddf5 d5f6 c5b5 c5f7 c639 c67b bebc b6bd b6be b6be b6bd bebd befd befd befd b6fd befd befd bf3e b6bd b6bd befe befd befe b67c c73e befc befc c6fc 63d0 0904 10c4 1104 10c3 1083 1083 1883 1883 1883 1084 18c4 18c4 18c3 18c3 10c3 10c3 10c3 10c3 1083 1083 18c3 10c3 1083 1083 1083 18c3 18c3 18c3 1083 1883 18c3 18c4 18c4 18c4 18c4 18c4 18c4 18c4 18c4 2104 2104 2104 2104 2105 2104 2104 2105 2105 2105 2105 2105 2105 2105 2105 2105 2105 2105 2105 2105 2105 2105 2105 2105 2105 2105 2105 2105 2105 2145 2145 2145 2145 2145 2145 2145 2145 2105 2105 2105 2105 2105 2105 2145 2145 2105 2105 2105 2105 2105 2105 2105 2105 2105 2105 2145 2145 2105 2105 2145 2945 2105 2105 2105 2105 2145 2145 2145 2145 2945 2945 2945 2945 2945 2945 2945 2945 2945 2945 2945 2105 1904 10c3 0882 0841 0842 0841 0841 0881 1082 1082 1082 1082 18c3 18c3 1904 2104 1904 1903 1903 1904 
6477 6477 6477 6477 64b7 64b7 64b7 64b7 64b7 64b7 64b7 6cb7 6cb7 6cb7 6cb8 6cb7 6cb7 6cb7 6cb7 6cb8 6cf8 6cf8 6cf9 6cf9 64b8 74f8 7cf7 7475 3a4c 1905 18c4 2945 3145 2905 2104 1883 1082 18c3 18c3 18c3 1041 18c3 1883 18c3 2104 2104 20c4 2945 2945 18c3 1042 1883 2104 2945 2104 20c3 1082 20c3 20c4 18c3 18c3 1882 1041 1082 1081 0841 0841 1082 1082 0841 0840 0841 1882 1882 1882 1882 18c2 18c3 18c3 18c3 1882 1882 1882 1842 1081 1882 1081 1081 0840 1041 1881 1882 2082 2082 2083 3104 4185 4986 51c6 6249 8b8d b4b1 cd33 ddb4 dd73 dd73 dd73 dd72 d572 cd32 d573 d5b4 ddf4 ddf5 e635 e636 e636 e636 e677 e677 e637 e637 e637 e637 ee37 e636 e636 e636 e636 e636 e636 e635 e635 e635 e5f5 e5f5 e5f5 e5f5 e5f5 e5f5 e5f5 e5f5 e5f5 ddf5 ddf5 ddf5 e5f5 e5f5 e5f4 e5f4 e5f5 ddf5 ddf6 cdf6 c5f6 bdf7 be3a bebc b6bd b6bd befd befd befd befd b6bd befd befd befe aebc bf3e b6fd aebc c73e c73e befd befc c6fc bebb 3249 0082 1105 0882 10c3 1083 10c3 1083 1083 1083 1083 1083 1084 18c4 1083 1083 1083 1083 1083 10c3 18c3 18c3 1083 1082 1082 10c3 18c3 18c3 1082 0882 1883 18c3 18c3 18c4 18c3 18c4 18c4 18c4 18c4 18c4 20c4 2104 2104 2104 2104 2104 2104 2105 2105 2105 2105 2105 2105 2105 2104 2105 2105 2105 2105 2105 2105 2105 2105 2105 2105 2105 2105 2105 2105 2105 2105 2105 2105 2105 2105 2105 2105 2105 2105 2105 2105 2145 2145 2145 2945 2945 2105 2105 2105 2105 2105 2105 2105 2105 2105 2105 2145 2145 2105 2105 2145 2945 2105 2105 2105 2105 2105 2145 2145 2145 2145 2145 2145 2145 2145 2145 2145 2145 2105 2145 2945 2145 2105 2104 18c4 18c3 1082 0882 0841 0841 0841 1082 1082 10c2 1082 10c3 18c3 1904 1904 1903 1903 1903 
6477 6477 6477 6477 64b7 64b7 64b7 64b7 64b7 64b7 6cb7 6cb7 6cb7 6cb7 6cb8 6cb7 6cb7 6cb7 6cb8 6cb8 6cf8 6cf8 6cf9 6cf9 6cf8 74f8 74b6 5b91 2188 1083 2905 2945 2905 2104 18c3 1082 1082 18c3 1883 1082 1041 20c4 1082 20c3 2905 18c3 2104 2945 18c3 18c3 18c3 2904 3145 2945 18c3 1082 1082 2104 2904 18c3 1082 0841 0801 0841 0840 1081 18c2 1082 0841 0841 1082 18c3 1882 1882 18c3 18c2 1882 1082 1082 1882 1042 1042 1041 1882 1882 1882 1882 1882 1881 18c2 20c2 20c3 28c3 28c3 3104 4145 3904 4144 49c6 728a a42f c533 cd33 cd32 dd73 ddb3 d532 d572 ccf1 bcf0 cd32 d573 ddb4 ddf5 e635 e636 e636 e637 e677 e677 e677 e677 ee77 ee77 ee77 ee37 e636 e636 ee36 e636 e636 e636 e636 e636 e635 e635 e635 e635 e635 e635 e5f5 e5f5 e5f5 e5f5 ddf6 ddf6 e5f5 e5f5 e5f5 e5f5 e5f5 e5f5 de36 d5f6 cdf6 bdf6 b5f7 b5f8 b67a bebb bebd befd befd b6bd b6bd b6bd b6bd b6fe bf3f b6bd b6fd bf3e befe ae7c c77f b6bc 8d36 2187 1105 1905 0883 10c4 0883 10c4 1083 1083 1083 1083 1083 10c3 1084 1083 10c3 18c3 18c3 10c3 1083 1082 1082 0882 1083 18c3 18c4 1083 0882 0882 18c3 2104 18c3 18c3 18c3 18c3 18c3 18c3 18c3 18c4 18c4 18c4 20c4 2104 2104 2104 2104 2104 2104 2104 2104 2104 2104 2104 2104 2104 2104 2104 2104 2104 2104 2105 2105 2105 2105 2105 2105 2105 2105 2105 2105 2105 2105 2105 2105 2105 2105 2105 2105 2105 2105 2105 2105 2105 2105 2145 2145 2145 2105 2105 2105 2105 2105 2105 2105 2105 2105 2105 2145 2145 2105 2105 2145 2945 2105 2105 2105 2105 2105 2105 2145 2145 2145 2145 2145 2145 2145 2145 2145 2145 2105 2105 2945 2945 2945 2145 2105 2105 18c3 10c3 1082 0841 0841 0842 1082 1082 1082 1083 18c3 1904 2104 2104 1904 18c4 
6477 6477 6477 6477 64b7 64b7 64b7 64b7 64b7 64b7 6cb7 6cb7 6cb7 6cb8 6cb8 6cb8 6cb8 6cb8 6cb8 6cf8 6cf8 6cf8 6cf8 6cf8 74f8 74f7 6c34 2a0b 1947 1083 3186 2104 20c4 20c3 1082 1082 1082 1082 1082 1042 18c3 1882 18c3 2104 18c3 18c3 2104 18c3 1082 2104 3186 3145 2104 18c3 18c3 20c3 2104 2104 18c3 1082 0841 0841 0800 0800 1041 18c3 20c3 1081 0840 1081 18c3 20c3 1882 18c2 1882 1082 1041 1041 1041 1082 1042 1041 1882 1882 18c2 18c2 18c2 18c2 20c2 18c2 1881 1882 2903 3104 3104 3104 3945 4985 5207 72ca 9c2f bcf1 c4f2 cd32 d532 dd73 ccf1 d532 bc6f b46f c4f1 cd73 ddb4 ddf4 e5f5 e636 ee37 ee77 ee77 e677 ee77 ee77 ee77 ee77 ee77 ee77 ee36 ee36 ee76 ee76 ee36 e636 e636 e636 e636 e636 e636 e636 e635 e635 e635 e5f5 e5f5 e635 e636 de36 e636 e636 e635 e635 e635 e635 ddf5 de36 de37 d637 c5f6 bdb6 bdf7 b5f8 b67b b67c bebd befd c6fe befe befe befe b6bd befe c73f befe b6bd befe b6bd 7473 08c5 0883 10c4 2147 52cd 7bd1 8472 a536 a576 9d35 8c73 73d0 5b0c 4209 2946 10c4 1083 1083 1083 1083 18c3 18c4 18c4 18c3 1083 1083 1083 10c3 18c3 18c3 1083 1082 1883 18c3 18c3 18c3 18c3 18c3 18c3 18c4 18c4 18c4 20c4 2104 2104 2104 2104 2104 2105 2105 2105 2104 2104 2104 2104 2104 2104 2104 2104 2104 2104 2104 2104 2104 2105 2105 2105 2105 2105 2105 2105 2105 2105 2105 2105 2105 2105 2105 2105 2105 2105 2105 2105 2105 2105 2105 2105 2105 2105 2105 2105 2105 2105 2105 2105 2105 2105 2105 2145 2145 2105 2105 2145 2945 2105 2105 2105 2105 2105 2105 2105 2105 2145 2145 2145 2145 2145 2145 2145 2145 2105 2145 2945 2945 2945 2945 2145 2105 2105 2104 18c3 1082 1082 0842 0842 0841 1082 1082 18c3 1904 2104 2104 1904 18c4 
6477 6477 6477 6477 64b7 64b7 64b7 64b7 64b7 6cb7 6cb7 6cb7 6cb7 6cb8 6cb8 6cb8 6cb8 6cb8 6cb8 6cf8 6cf8 6cf8 6cf8 6cf8 74f8 7cf7 5351 1107 1946 1905 2945 18c3 1883 18c3 1082 1082 1082 1041 1082 1082 18c3 1082 2104 18c3 1082 18c3 18c3 1042 1082 2945 3186 2104 1882 18c3 2104 2945 2104 1882 1041 1041 0841 0841 1082 1882 2104 18c3 1082 1082 1882 18c2 1882 1081 20c3 18c3 1882 1081 1041 1041 1882 1882 1882 2082 1882 20c2 20c2 1882 1882 1881 1882 1881 1881 20c2 3945 3945 3104 3104 4145 49c6 5a48 7b0b 9c2e b4b1 c4f2 cd32 cd32 dd73 c4f1 c4b0 abcd abcd bcb0 cd73 d5b3 ddb4 e5f5 e636 ee37 ee77 ee77 ee77 ee77 ee77 ee77 ee77 ee77 ee77 ee77 ee77 ee77 ee76 ee76 ee36 e636 e636 e636 e636 e636 e636 e636 e636 e635 e635 e635 e635 e636 e636 e636 e636 e635 e635 e635 e635 e636 e635 ddf5 de36 de36 d636 cdb5 bdb5 adb7 adf8 adf9 b63a be7b bebb bebc bebc b67b c6fd bebc b67b cf3e bebc 42cd 0043 3188 8432 ad77 ce7b d6bc ce7b defd ce7b d6bc d6bc d6bc d6fc d6bb cebb c679 be38 8c72 6b4e 4209 2105 1083 0842 1083 1083 1083 1083 1083 1083 1083 1083 10c3 18c3 1083 10c3 10c3 10c3 10c3 18c3 18c4 18c4 18c4 18c4 1904 2104 2104 2104 2104 2104 2105 2105 2105 2105 2104 2104 2104 2104 2104 2104 2104 2104 2104 2104 2104 2104 2104 2104 2104 2104 2104 2104 2104 2104 2105 2105 2105 2105 2105 2105 2105 2105 2104 2104 2105 2105 2105 2105 2105 2105 2105 2105 2105 2105 2105 2105 2105 2105 2105 2105 2145 2105 2105 2105 2105 2145 2105 2105 2105 2105 2105 2105 2105 2105 2105 2105 2105 2105 2105 2105 2105 2105 2145 2145 2145 2145 2145 2145 2105 2105 2945 2105 2104 1904 18c3 1083 1082 0841 0842 1082 1082 18c3 18c3 18c4 18c3 18c3 
6477 6477 6477 6477 64b7 64b7 64b7 64b7 6cb7 6cb7 6cb7 6cb7 6cb8 6cb8 6cb8 6cb8 6cb8 6cb8 6cb8 6cf8 6cf9 6cf8 6cf8 74f8 74b7 7cf6 3a8d 1106 18c5 2946 18c3 20c3 1082 20c3 1082 1882 1082 0841 1883 1082 1082 20c3 2904 1082 1882 18c3 1042 2104 2945 2945 20c4 1882 18c3 2945 2945 2104 18c3 1041 0841 1041 0841 0841 1883 2104 2904 18c2 1082 2103 2104 18c2 1082 1882 18c3 1882 1041 1041 1041 1882 1882 18c3 20c3 20c3 20c2 20c2 20c2 1882 1882 1881 1881 20c3 2904 3945 3986 3945 3104 3144 4145 49c6 5a48 834b ac70 c4f2 cd32 cd32 d532 d532 bcb0 abcd 9b4b a3cd b4b0 cd32 d573 ddb4 ddf5 e636 e636 ee77 ee77 ee77 ee77 ee77 ee77 ee77 ee77 ee77 ee77 ee77 ee77 ee77 ee76 ee76 ee36 ee36 e636 e636 ee36 e636 e636 e636 e636 e635 e635 e635 e636 e636 e636 e636 e635 e635 e635 e635 ee36 e635 e5f5 e5f5 e635 de35 ddf5 d5f5 bdb5 b5b6 ad76 adb6 b5b7 b5b7 b5f8 b5f8 cebb cebb cebb d6fc cebb b5f8 8cb3 b5b7 d67b ce39 debb d67b d67b debc ce7b d6fc cebc cebc cebb cebc d6fc d6fc d6fc d6bb d6bb d6bb d6bb ce7a ad77 7bd0 4a4a 2105 18c4 18c4 1083 1083 1083 1083 1083 1082 1083 1083 1083 1083 1083 18c3 18c4 18c4 18c4 18c4 1904 2104 2104 2104 2104 2104 2105 2105 2105 2105 2105 2104 2104 2104 2104 2104 2104 2104 2104 2104 2104 2104 2104 2104 2104 2104 2104 2104 2104 2104 2104 2104 2104 2104 2104 2104 2104 2104 2105 2105 2105 2105 2105 2105 2105 2105 2105 2105 2105 2105 2105 2105 2105 2105 2105 2105 2105 2105 2105 2105 2105 2105 2105 2105 2105 2105 2105 2105 2105 2105 2105 2105 2105 2105 2105 2105 2105 2105 2105 2105 2105 2145 2145 2145 2945 2945 2105 2105 2105 2105 2104 1904 18c3 1083 0841 0841 0841 0882 1082 1083 10c3 10c3 
6477 6477 6477 6477 64b7 64b7 64b7 64b7 6cb7 6cb7 6cb7 6cb7 6cb8 6cb8 6cb8 6cb8 6cb8 6cb8 6cf8 6cf8 6cf9 6cf8 74f8 74f8 74b6 6433 2188 1906 18c4 2945 1882 20c3 1882 2104 1082 1882 1082 0841 18c3 1882 1082 2104 18c3 1082 18c3 18c3 18c3 2945 2945 18c3 1082 1883 2104 2945 2104 1082 1082 0841 1042 1082 1041 1882 2104 2904 18c3 18c3 2104 2904 20c3 1882 1882 2103 1041 1041 1041 1041 1882 1882 18c3 20c3 20c3 20c3 2082 1882 2082 2082 20c2 2082 2081 2903 3104 3144 3144 3103 28c3 3944 49c7 51c7 5a48 7b0b ac6f c532 d573 ddb4 d573 bcb0 b42f 82c9 82c9 a3cd b470 c4f2 d573 d5b3 ddf5 e636 e636 ee77 ee77 ee77 ee78 ee78 ee77 ee78 ee78 ee77 ee77 ee77 ee77 ee77 ee77 ee77 ee76 ee76 ee76 ee36 e636 e636 e636 e636 e636 e636 e636 e636 e636 e636 e636 e636 e636 e636 e636 ee36 e5f5 e636 ee36 e635 e5f5 e5f4 e5f5 e636 de36 d5f6 cdb5 c5b5 c5b5 bdb5 bdb5 bdb5 b575 b574 bdb5 c5f6 bdb6 ce37 d678 c5f6 d638 e6ba f6fc e6fb de7a debc defc ce7b defd defd d6fc d6fc d6fc d6fc d6fc d6fc defd d6fc d6bc d6bb d6bb cebb ce7b c67a 8c73 630d 2946 0883 0883 18c4 18c4 10c4 1083 1083 1083 1083 1083 10c3 18c3 18c4 18c4 18c4 1904 2104 2104 2104 2104 2104 2104 2104 2104 2104 2104 2104 2104 2104 2104 2104 2104 2104 2104 2104 2104 2104 2104 2104 2104 2104 2104 2104 2104 2104 2104 2104 2104 2104 2104 2104 2104 2104 2104 2104 2105 2105 2105 2105 2105 2105 2105 2105 2105 2105 2105 2105 2105 2105 2105 2105 2105 2105 2105 2105 2105 2105 2105 2105 2105 2105 2105 2105 2105 2105 2105 2105 2105 2105 2105 2105 2105 2105 2105 2105 2105 2145 2145 2945 2945 2945 2105 2105 2105 2145 2145 2105 2104 1904 10c3 1082 0842 0841 0841 0842 1082 1082 
6477 6477 6477 6477 64b7 64b7 64b7 64b7 6cb7 6cb7 6cb7 6cb7 6cb8 6cb8 6cb8 6cb8 6cb8 6cb8 6cf8 6cf9 6cf9 6cf8 74f8 74f7 7cb6 42ce 08c5 1905 2104 20c4 1882 1882 1882 2104 1082 1882 1082 0841 18c3 1882 2104 1082 0841 18c3 1082 1882 3145 2905 18c3 1082 1082 2104 2945 2104 1082 1042 0841 0841 1082 1883 18c3 2945 3986 3145 2104 2945 2904 1882 1082 18c3 18c3 1082 1041 1041 1882 18c3 20c3 20c3 2104 2904 28c4 20c3 20c2 1882 1882 1882 1882 1882 2903 3103 3104 3104 3104 3104 3945 49c6 4186 5207 6a89 938d bcf1 cd32 cd32 cd73 cd73 ac2f 9bcd 6a07 7a89 a3ce b470 c4f2 cd73 d573 ddb4 e5f5 e636 ee77 ee77 ee77 ee78 ee78 ee78 ee78 ee78 ee78 ee77 ee77 ee77 ee77 ee77 ee77 ee77 ee77 ee77 ee76 ee36 ee36 e636 e636 ee36 e636 e636 e636 ee36 ee35 e636 e636 e636 e636 e636 ee36 e636 e636 ee36 ee36 ee35 ee35 e5f4 e5f4 e5f4 ddf4 d5b4 d5b3 cdb4 cdb4 cdb4 cdb4 cdb4 cdf5 cdb5 cdb4 d5f5 c5b4 de36 cdf5 d5f6 d5b6 cdb5 d638 e6bb e6fb defb e6fc d6bb d6bc d6fc d6fc d6fc d6fc d6fc d6fc d6fc defc defd defd defd defd defc d6fc cebb c67a ad76 7c31 4a4b 2146 10c4 10c4 1083 10c3 10c3 1083 1083 1083 18c3 18c4 18c4 18c4 18c4 2104 2104 2104 2104 2104 2105 2104 2104 2104 2104 2104 2104 2104 2104 2104 2104 2104 2104 2104 2104 2104 2104 2104 2104 2104 2104 2104 2104 2104 2104 2104 2104 2104 2104 2104 2104 2104 2104 2104 2104 2104 2104 2104 2105 2105 2105 2105 2105 2105 2105 2105 2105 2105 2104 2105 2105 2105 2105 2105 2105 2105 2105 2105 2105 2105 2105 2105 2105 2105 2105 2105 2105 2105 2105 2105 2105 2105 2105 2105 2105 2105 2145 2105 2105 2105 2945 2145 2105 2104 2105 2105 2105 2105 2104 18c4 1082 0841 0841 0841 0842 0842 
6477 6477 6477 6477 64b7 64b7 64b7 64b7 64b7 6cb7 6cb7 6cb8 6cb7 6cb8 6cb8 6cb8 6cb8 6cf9 64b8 6cf9 6cf9 6cf8 74f8 74f7 6c34 320a 2146 1904 18c4 1082 1082 1082 1041 2104 18c3 0841 0841 1082 18c3 1883 1082 1082 1042 1082 18c3 2905 2104 18c3 1082 18c3 2104 2104 18c3 1082 0841 0841 0801 1082 20c3 2104 18c3 3186 3986 2104 2904 2104 20c3 18c3 1882 1082 1041 0841 1082 1882 18c3 20c3 2904 2904 28c4 20c3 1882 2082 2082 2082 1882 2082 20c2 28c2 28c3 3104 4185 4986 4986 4186 4186 4186 49c7 51c7 6248 93cd c532 d5b4 d573 d574 bcb1 ac70 7248 6207 938d 8b0b c4f2 cd32 d573 ddb4 ddb4 e5f5 ee77 e637 ee77 ee77 ee78 ee78 ee78 ee78 ee78 ee78 ee77 ee77 ee77 ee77 ee77 ee77 ee77 ee77 ee77 ee77 ee76 ee76 ee76 ee36 e636 e636 e636 e636 ee35 ee35 ee35 ee36 e636 e636 e636 e637 e637 e637 e636 e636 e635 ee35 ee35 ee35 edf4 e5f4 e5f4 ddb3 ddb3 ddb3 d5b3 d5b3 d5b3 d5b3 d5b3 d5b3 d5b4 ddf4 ddf4 e5f4 ddf4 ddf5 ddf5 d636 d637 d638 de79 deba e6fc defc d6bb d6bc d6fc d6fc d6fc d6fc d6fc defc defd defd defd defd defd defc d6fc d6bc c67a ce7a be39 9d35 7390 4a8b 3187 2946 18c4 18c4 18c4 18c4 18c4 18c4 18c4 18c4 1904 2104 2104 1904 2104 2104 2105 2105 2105 2105 2105 2105 2105 2105 2105 2104 2105 2145 2105 2104 1904 2104 2104 2104 2104 2104 2104 2104 2104 2104 2104 2104 2104 2104 2104 2104 2104 2104 2104 2104 2104 2104 2104 2104 2104 2104 2105 2105 2104 2104 2104 2104 2105 2105 2105 2105 2105 2105 2105 2105 2105 2105 2105 2105 2105 2105 2105 2105 2105 2105 2105 2105 2105 2105 2105 2105 2105 2105 2105 2105 2105 2105 2105 2105 2105 2105 2945 2945 2945 2145 2145 2105 2105 2105 2105 2105 2104 18c3 1082 0841 0841 0842 
6477 6477 6477 6477 64b7 64b7 64b7 64b7 64b7 6cb7 6cb7 6cb8 6cb7 6cb8 6cb8 6cb8 6cb8 6cf8 64b8 6cf9 6cf9 6cf8 74f7 74b6 6391 29c9 2146 18c4 18c3 1082 1082 1082 1082 2104 18c3 1082 1082 1082 18c3 1882 1082 1082 1082 18c3 2104 2904 20c4 1882 18c3 18c3 2104 20c4 18c3 1082 0841 0801 1082 1082 1882 1041 3186 2904 2905 3145 2945 2103 1882 1082 1041 1041 1041 0841 20c3 2904 2904 2945 2904 2104 20c3 2083 20c3 1882 1041 1040 2082 2903 3944 3945 49c7 49c6 4145 3904 3945 49c6 49c7 49c7 5208 5207 72ca 9bce cd73 d5b4 ddb4 d5b4 b4b1 8b8c 6248 6a48 b4b1 a42f c532 cd32 d574 ddb4 ddb4 e5f5 ee37 e637 ee77 ee77 ee78 ee78 ee78 ee78 ee78 ee78 ee77 ee77 ee77 ee77 ee77 ee77 ee77 ee77 ee77 ee77 ee77 ee77 ee76 ee36 ee36 e636 e636 ee36 ee35 ee35 ee35 ee36 e636 e636 e636 e637 e637 e637 e636 e636 e636 e635 e635 ee35 edf4 edf4 e5f4 e5f3 ddb3 ddb3 d5b3 d5b2 d572 d5b3 d5b3 d5b3 ddb3 ddf3 e5f4 e5f4 e5f4 e5f4 de35 de35 de36 de37 de77 de78 deba debb e6fc defc defc defc d6fc defd d6fc d6fd defd defd defd defd defd defd d6fc d6fc ce7b cebb ce7b c63a c63a bdf9 a535 8c72 630d 4209 2946 2105 18c4 18c3 18c4 18c4 1904 2104 2105 2145 2945 2946 2105 2105 2105 2105 2105 2145 2945 2945 2105 2104 2104 2104 2104 2105 2105 2945 2104 2104 2104 2104 2104 2104 2104 2104 2104 2104 2104 2104 2104 2104 2104 2104 2104 2104 2104 2104 2104 2104 2104 2104 2104 2104 2104 2104 2104 2104 2105 2105 2104 2104 2104 2104 2104 2104 2104 2104 2105 2105 2105 2105 2105 2105 2105 2105 2105 2105 2105 2105 2105 2105 2105 2105 2105 2105 2105 2105 2105 2105 2105 2105 2105 2105 2105 2105 2105 2105 2105 2105 2104 2104 2104 2104 18c4 10c3 1082 0842 
6477 6477 6477 6477 64b7 64b7 64b7 64b7 64b7 6cb7 6cb7 6cb8 6cb7 6cb8 6cb8 6cb8 6cb8 74f8 6cb8 6cf8 6cf9 6cf8 74f7 7475 4ace 2988 2145 18c3 1082 0841 1082 1082 18c3 2104 18c3 1882 18c3 1883 18c3 1082 1082 1082 18c3 2104 2104 2104 18c3 1082 2104 18c3 18c3 1883 1082 1041 0841 0000 0841 0841 1041 3145 2945 3186 2905 3145 2904 20c3 18c2 1082 1041 0841 1082 20c3 2904 2904 2904 20c3 1882 1882 1882 2083 1041 20c2 3144 3986 4186 3945 3104 3103 3944 49c6 5207 49c6 49c6 5207 5207 49c7 5208 5207 7b0b 9bce d5b4 d573 ddb4 cd73 acb0 7b0b 5a07 9c30 bcf3 cd75 b4b1 cd33 ddb4 e5f5 ddb4 ddf5 e636 e636 ee77 ee77 ee78 ee78 ee78 ee78 ee78 ee78 ee78 ee78 ee78 ee78 ee78 ee78 ee78 ee77 ee77 ee77 ee77 ee77 ee77 ee77 e676 e676 e636 e636 ee35 ee35 ee35 ee36 e636 e636 e636 e637 e637 e637 e637 e636 e636 e636 e636 e636 e5f5 e5f4 e5f4 e5f4 e5f4 ddf4 ddb3 d5b3 d572 d572 d573 d5b3 ddb4 ddf4 ddf4 ddf3 e5f3 e633 e634 e635 e635 e636 de36 de77 de78 deb9 e6fb e6fc e6fc defc defd defd d6fd defd defd defd defd defd defd defd defc defd d6bc d6bc ce7b ce7a d6bc d6bc c63a c67a c639 adb7 8c72 630d 424a 39c8 2146 2105 18c4 18c4 18c4 18c4 1904 1904 2105 2105 2945 2946 2946 2945 2105 2105 2945 2945 2145 2105 2105 2145 2105 2104 2105 2105 2105 2105 2104 2104 2104 2104 2104 2104 2104 2104 2104 2104 2104 2104 2104 2104 2104 2104 2104 2104 2104 2104 2104 2104 2104 2104 2104 2104 2104 2105 2104 2104 2104 2104 2104 2104 2104 2104 2104 2104 2105 2105 2105 2105 2105 2105 2105 2105 2105 2105 2105 2105 2105 2105 2105 2105 2105 2105 2105 2105 2105 2105 2105 2105 2105 2105 2105 2105 2105 2105 2105 2105 2105 2105 2105 2104 18c3 1083 
6477 6477 6477 6477 64b7 64b7 64b7 64b7 64b7 6cb7 6cb7 6cb8 6cb7 6cb8 6cb8 6cb8 6cb8 74f8 6cb8 6cf8 6cf9 6cf8 74b7 6c33 320b 2146 2105 1082 1081 0841 1082 1082 18c3 2104 18c3 1883 18c3 1082 1882 1082 18c3 1882 1883 18c3 20c3 18c3 18c3 18c3 18c3 18c3 1082 1082 1041 0841 0841 0841 0800 0841 2904 3145 3145 3186 39c7 2945 2104 18c3 1882 1882 1882 18c3 2104 3145 2904 2904 2104 20c3 1882 1882 20c3 2903 20c3 20c3 20c2 2082 1841 2081 30c3 3944 3903 4185 51c7 49c6 4986 49c6 5207 5208 5208 5208 7b0c a42f d5b4 ddb4 e5f5 cd74 9c2f 5a07 7b0c b4f3 c575 cd75 c533 e5f6 ddb5 e5f5 ddb5 ddf5 e636 e636 ee77 ee77 ee78 ee78 ee78 ee78 ee78 ee78 ee78 ee78 eeb8 eeb8 eeb8 eeb8 ee78 ee78 ee77 ee77 ee77 ee77 ee77 ee77 ee77 ee76 e676 ee36 ee75 ee35 ee35 ee36 ee36 e636 e636 e636 e636 e636 e636 e636 e636 e636 e636 e636 e635 e635 e635 e635 e5f5 ddf5 ddf4 d5f4 cdb3 cd73 cd73 cd73 d5b3 ddb4 ddf4 ddf4 ddf3 ddf3 e634 e634 e635 e635 e676 e677 e677 de78 de79 e6ba e6fc ef3d e6fd defd defd defd defd defd defd defd defd defd defd defd d6fc defd defc d6bb d6bb ce7b d6bc ce7b ce7b d6bb d6bc c639 a536 8c72 738f 634e 528b 4209 31c8 2987 2946 2105 2946 2105 2105 2105 2105 2945 2946 2946 2105 2105 2145 2105 2105 2145 2105 2105 2105 2105 2105 2105 2105 2104 2104 2104 2105 2105 2105 2105 2104 2104 2104 2104 2104 2104 2104 2104 2104 2104 2104 2104 2104 2104 2104 2104 2104 2104 2104 2104 2104 2104 2104 2104 2104 2104 2104 2104 2104 2104 2104 2105 2105 2105 2105 2105 2105 2105 2104 2104 2105 2105 2105 2105 2105 2105 2105 2105 2105 2105 2105 2105 2105 2105 2105 2105 2105 2105 2105 2105 2945 2105 2104 2105 2105 2105 2104 1904 
6477 6477 6477 6477 64b7 64b7 64b7 64b7 64b7 6cb7 6cb7 6cb8 6cb7 6cb8 6cb8 6cb8 6cb8 74f8 6cb8 6cf8 6cf8 74f8 6cb6 5351 2988 1905 2104 1041 1081 1082 1082 0882 1082 18c3 1883 1883 1883 1082 1882 18c3 18c3 1882 1882 18c3 18c3 1082 1082 18c3 1082 1082 1082 0841 0841 0801 0841 0841 1041 2104 2945 20c3 3186 3186 3145 2945 18c2 1082 1082 20c3 2945 3145 2945 2904 20c3 20c3 28c4 2904 28c4 20c3 20c3 20c3 2082 1882 1841 1881 20c2 30c3 3103 3904 4144 4144 4145 4185 4986 4986 4986 4986 4186 51c7 7acb ac70 d573 e5f5 e5f5 cd74 9c2f 4986 6acc 9430 acf3 cdb6 cd75 bcf1 ddb5 e5f5 ddb5 ddb5 e5f6 e636 ee77 ee77 ee78 ee78 ee78 ee78 ee78 ee78 ee78 eeb8 eeb8 eeb8 eeb8 eeb8 eeb8 ee78 ee78 ee78 ee78 ee77 ee77 ee77 ee77 ee77 ee77 ee76 ee76 ee76 ee76 ee36 ee36 ee36 ee36 e636 e636 e636 e636 e636 e636 e636 e636 e636 e636 e636 e636 e636 e635 ddf5 ddf5 ddf5 d5b4 d5b3 cd73 cd72 cd73 d5b3 ddf4 ddf4 ddf4 ddf4 e5f4 e634 e634 e635 ee35 ee76 ee76 e637 de77 e678 e6ba eefc ef3c e73d e6fd defd defd defd defd defd defd defd df3d df3d d6fc defc defd d6fc defd d6bc d6bb d6bc d6bc cebb ce7b ce7b cebb d6bc c63a b5f8 a536 8cb3 7bd1 6b4f 5acd 528b 3187 3187 2946 2946 2946 2946 2105 2105 2946 2946 2946 2946 2105 2105 2946 2946 2105 2105 2105 2105 2105 2105 2104 2104 2105 2105 2105 2105 2104 2104 2104 2104 2104 2104 2104 2104 2104 2104 2104 2104 2104 2104 2104 2104 2104 2104 2104 2104 2104 2104 2104 2104 2104 2104 2104 2104 2104 2104 2104 2104 2105 2105 2105 2105 2104 2104 2104 2104 2104 2104 2105 2105 2105 2105 2105 2105 2105 2105 2105 2105 2105 2105 2105 2105 2105 2105 2105 2105 2145 2105 2105 2104 2104 2105 2105 2105 
6477 6477 6477 6477 64b7 64b7 64b7 64b7 64b7 6cb7 6cb7 6cb8 6cb7 6cb8 6cb8 6cb8 6cb7 74b8 6cb8 6cf8 6cf8 74f8 6435 3a8d 2147 1904 2103 1041 1082 1082 1083 1083 1082 18c3 18c3 18c3 18c3 1082 18c3 18c3 1082 1082 1883 18c3 18c3 1082 1082 1082 0841 1082 1042 0841 0800 0000 0841 0841 20c4 2905 20c3 3145 2904 3145 18c3 1882 1041 18c3 2904 3145 3145 2945 2904 2104 2904 20c3 1882 1882 1882 1882 1882 1882 1841 1841 1841 1841 2081 28c2 28c2 30c2 3944 4144 51c6 5a48 5a48 51c7 4186 4186 49c7 5a08 830c b4b1 d573 e636 ddf5 c533 7b4c 3104 20c3 2904 4186 9c30 cdb5 cd74 ddb4 e5f5 ddb5 ddb5 e5f6 e636 ee77 e637 ee78 ee78 ee78 ee78 ee78 ee78 eeb8 eeb8 eeb8 eeb8 eeb8 eeb8 eeb8 eeb8 ee78 ee78 ee78 ee78 ee77 ee77 ee77 ee77 ee77 ee77 ee76 ee76 ee76 ee76 ee36 ee36 ee36 ee36 e635 e635 e635 e635 e635 e635 e635 e635 e636 e636 e636 e636 e635 de35 ddf5 ddf5 ddf4 d5b4 d5b3 cd72 cd72 d5b2 ddb3 ddf4 ddf4 ddf5 e5f4 e5f4 e5f4 e5f4 ee35 ee35 ee35 ee76 ee77 e678 e678 e6ba eefc ef7d e73d e73e df3d df3d df3d df3d df3d df3d defd df3d d6fc d6fc d6bc cebb d6fc d6bc defc d6bc d6bc d6bc d6bc d6fc d6bc ce7b defd d6bc ce7b c63a bdf9 adb7 9d35 94b4 94b3 7bd0 5acc 4209 3187 2946 2105 2105 2105 2105 2105 2946 2946 2105 2105 2946 2105 2105 2105 2105 2105 2105 2105 2105 2105 2105 2105 2104 2104 2104 2104 2104 2105 2105 2105 2104 2104 2104 2104 2104 2104 2104 2104 2104 2104 2104 2104 2104 2104 2104 2104 2104 2104 2104 2104 2104 2104 2104 2104 2104 2104 2104 2104 2104 2104 2104 2104 2104 2104 2104 2104 2104 2105 2105 2105 2105 2105 2105 2105 2105 2105 2105 2105 2105 2105 2105 2105 2105 2105 2105 2105 2105 2105 2105 2105 2105 
6477 6477 6477 6477 64b7 64b7 64b7 64b7 64b7 6cb7 6cb7 6cb8 6cb7 6cb8 6cb8 6cb8 6cb7 74b7 6cb8 74f9 6cf8 6cb7 5bd3 21ca 2146 1904 2103 1041 1082 1082 0883 10c3 1082 20c3 18c3 18c3 18c3 18c3 18c3 1883 1082 1882 18c3 1883 1882 1082 1042 0841 0841 0841 0841 0841 0800 0800 0841 1042 2104 1082 3145 3145 3145 1882 20c3 0841 20c3 3145 3986 3145 2904 20c3 20c3 20c3 2904 20c3 1882 1882 1882 1882 1882 20c3 20c3 28c3 3103 3104 3103 30c3 3103 3103 4985 51c7 5a48 6249 5a48 51c7 49c6 49c7 51c8 5a49 8b8e bcf2 ddb5 e636 ddf5 bcf2 6a8a 5208 5a8a 3946 4186 4186 9c2f cd74 d574 e5b5 ddb4 ddb5 e5f6 e636 ee77 e637 ee78 ee78 ee78 ee78 ee78 ee78 eeb8 eeb8 eeb8 eeb8 eeb8 eeb8 eeb8 eeb8 ee78 ee78 eeb8 eeb8 ee77 ee77 ee77 ee77 ee77 ee77 ee77 ee77 e677 ee76 ee76 ee36 ee36 ee36 ee35 ee35 e635 e635 e635 e635 e635 e635 e635 e635 e635 e635 e635 e5f5 e5f5 e635 ddf4 ddf4 ddb3 d572 cd72 d572 dd72 ddb3 ddb4 ddf5 ddf5 e5f5 e5f5 edf4 edf4 ee35 ee35 ee76 ee77 e677 de78 de78 e6ba e73c e73d e73e e73e e73e df3d df3d df3d df3d d6fc defd defd df3d defd d6fc defd d6fc d6bc defd e73e defd d6bc d6bc d6fc defd d6fc d6fc d6fc defc defd d6fc d6bb ce7b c639 bdf8 b5b7 a535 8c72 6b4f 4a4b 39c8 3187 2946 2106 2946 2946 2106 2105 2946 2145 2145 2145 2145 2145 2105 2105 2105 2105 2105 2105 2105 2105 2105 2105 2104 2105 2105 2105 2105 2105 2105 2105 2104 2105 2104 2104 2104 2104 2104 2104 2104 2104 2104 2104 2104 2104 2104 2104 2104 2104 2104 2104 2104 2104 2104 2104 2104 2104 2104 2104 2104 2104 2104 2104 2104 2104 2104 2104 2104 2104 2104 2104 2104 2104 2104 2105 2105 2105 2105 2105 2105 2104 2105 2105 2145 2105 2105 2105 2105 
6477 6477 6477 6477 64b7 64b7 64b7 64b7 64b7 6cb7 6cb7 6cb8 6cb7 6cb8 6cb8 6cb8 6cb8 6cb8 6cf8 6cf9 6cf8 6cb7 5391 1947 1905 18c4 2103 1041 1082 0841 0882 18c4 1082 20c3 18c3 18c3 20c4 20c4 18c3 1082 1882 18c3 18c3 1082 1082 1082 1082 0841 0841 0841 0841 0801 0800 0841 1042 1082 1082 2945 2945 2945 20c4 18c3 1082 2104 3986 3986 2945 20c3 20c3 2104 20c3 1882 1842 1041 1881 2082 20c2 1882 1882 20c3 2904 20c3 2081 2081 28c2 3904 4144 4144 5a07 5a07 5a08 5a07 5207 51c7 4185 3104 3105 4146 830c ac2f d573 d5b3 ddb4 acb0 5a48 49c7 20c4 2904 3105 2882 6a8a cdb5 cd73 ddb4 ddb4 ddb5 e5f6 e636 ee77 e637 ee78 ee78 ee78 ee78 ee78 ee78 eeb8 eeb8 eeb8 eeb8 eeb8 eeb8 eeb8 eeb8 ee78 ee78 eeb8 eeb8 eeb8 ee77 ee77 ee77 ee77 ee77 ee77 ee77 e677 ee77 ee76 ee76 ee36 ee35 ee35 ee35 ee35 ee35 e635 e635 e635 e635 e635 e635 e635 e5f5 e635 e635 e635 e635 e5f5 e5f4 ddf4 d5b2 d571 d571 d572 ddb3 d5b4 d5b5 ddf5 e5f5 e5f5 edf5 edf5 ee35 ee35 ee35 ee36 e677 e677 e678 e678 deba e73d e73d e73d e73e e73e e73e e73d e73d e73d e73d d6fc defd df3d defc defc d6bc defd d6fc d6bc d6bc defd df3d defd d6bc defd d6fc d6bc d6bc d6fc defc defc d6fc defd d6bc d6bb ce7a c639 bdf8 ad76 a535 94b3 738f 528b 4209 39c8 2946 2106 2946 2145 2145 2145 2945 2945 2145 2145 2145 2945 2945 2145 2145 2105 2105 2105 2105 2105 2105 2105 2105 2105 2105 2105 2104 2105 2104 2104 2104 2104 2104 2104 2104 2104 2104 2104 2104 2104 2104 2104 2104 2104 2104 2104 2104 2104 2104 2104 2104 2104 2104 2104 2104 2104 2104 2104 2104 2104 2104 2104 2104 2104 2104 2104 2104 2105 2105 2105 2105 2105 2105 2105 2105 2105 2105 2105 2105 2105 2105 2105 2105 
6477 6477 6477 64b7 64b7 64b7 6cb8 6cb8 6cb7 6cb7 6cb7 6cb7 6cb8 6cb8 6cb8 6cf8 6cb8 74f9 6cf9 64b8 74f8 7cb6 324b 2146 2105 18c3 18c3 18c3 1083 0841 2104 1082 1082 20c4 18c3 1883 2104 20c3 1082 1882 20c3 1082 1082 18c3 1882 0841 0841 1042 0841 0841 0841 0000 0000 0840 1081 18c2 2103 2104 2904 2103 20c3 20c3 2945 3186 2944 2104 20c3 20c3 20c3 1882 1041 1041 1000 1882 28c3 2903 20c3 20c2 2082 2082 1842 2041 2081 28c2 30c3 3903 4144 4144 4944 51c6 6a49 6248 5a48 6248 49c6 3985 3945 4986 7b0b b470 ccf1 d573 cd73 ac70 4185 2904 1883 1882 2083 2082 51c6 c533 d573 dd73 dd73 ddb4 e5f5 ee36 ee37 e637 ee78 ee78 ee78 ee78 ee78 eeb8 eeb8 eeb8 eeb8 eeb9 eeb8 eeb8 eeb8 eeb8 ee78 ee77 f6b8 f6b7 ee77 ee77 ee77 ee77 ee77 ee77 ee77 ee77 ee77 ee77 e676 e676 e636 ee35 ee35 ee35 e5f5 e5f4 ee35 e635 e635 e635 e635 e5f5 e5f5 e5f5 e5f5 e635 e635 e635 e635 e5f5 ddf4 ddf4 d5b3 cd72 cd71 d572 d5b3 ddb4 ddb4 ddf4 e5f5 ee35 ee35 edf5 ee35 ee36 ee36 ee76 ee77 ee77 ee77 e678 e6fb e73c ef3d ef3d e73d e73d e73d e73d e73d df3d df3d defd defd defd defd defc defc defc defc defc defc defd defd defd defd defd defd defd defc defc defc defc df3d df3d e73d e73d df3d defd defd defd defd defd d6bb c63a bdf9 a536 7390 4a8b 39c8 2946 2105 2945 2105 2105 2105 2945 2105 2105 2105 2105 2105 2104 2104 2104 2105 2105 2945 2105 2104 2145 2945 2104 2104 2104 2105 2104 2104 2104 2104 18c3 2104 2104 2104 2104 2104 2104 1904 1904 1904 1904 1904 1904 2104 2104 2104 2104 2104 2104 2104 2104 20c4 2104 2104 2104 20c4 2104 2104 2104 2104 2104 2104 2104 2105 2105 2105 2105 2105 2105 2105 2105 2104 2104 2104 2105 2105 2105 2105 2105 
6477 6477 6477 64b7 64b7 64b7 6cb8 6cb8 6cb7 6cb7 6cb7 6cb7 6cb8 6cb8 6cb8 6cf8 6cb8 6cb8 6cf9 6cf8 74f7 6c34 29c9 2105 2104 20c4 18c4 1083 0882 1082 20c3 1041 1882 20c4 18c3 18c3 2104 18c3 1882 18c3 1883 18c3 18c3 1882 1042 0841 0841 0841 0841 0841 0840 0840 0841 0841 10c2 18c3 2103 2944 2904 18c3 20c3 3145 3145 20c4 2904 2103 20c3 18c2 1882 1081 1882 20c3 3104 3104 2904 20c2 2082 2082 2082 2082 3104 3904 3945 4986 51c7 6207 6a48 7289 834b 8b8c 9bce 8b8d 7b4c 730b 5207 4185 3985 49c6 7b0b b470 ccf1 d572 cd32 ac6f 51c6 28c3 1883 1041 3105 3104 6208 cd74 d573 d573 dd73 ddb4 e5f5 ee36 ee37 e637 ee78 ee78 ee78 ee78 ee78 eeb8 eeb8 eeb8 eeb8 eeb8 eeb8 eeb8 eeb8 eeb8 ee77 ee77 ee77 ee77 ee77 ee77 ee77 ee77 ee77 ee77 ee77 ee77 ee77 e677 e676 e676 e636 e635 e635 e635 ee35 e5f5 e5f5 e5f4 e5f5 e635 e635 e635 e635 e635 e635 e635 e635 e635 e635 e5f5 e5f5 e5f4 ddb4 d572 cd72 cd72 d5b3 d5b3 ddb4 ddf4 e5f4 e5f5 e5f5 e5f5 ee35 ee35 ee36 ee36 ee76 ee76 ee77 e677 de79 e6bb e73c ef3d ef3d ef3d e73d e73d e73e e73e e73e e73d e73d e73d defd defd defd defc defc defc defd defd defd defd defd defd defd defd defd defd defd defd defd df3d e73d e73e e73e e73e e73e e73e defd e77e df3d d6bc d6fc cebb c639 c67a c63a 94b3 630e 5acc 4a4a 3187 2105 18c4 2104 2104 2105 2105 2145 2105 2104 2104 2145 2104 2104 2104 1904 2104 2945 2105 2105 2945 2105 2104 1904 2104 2105 2105 2104 2104 2104 2104 2104 2104 2104 1904 1904 1904 1904 1904 2104 2104 2104 2104 2104 2104 2104 20c4 20c4 20c4 2104 2104 2104 2104 2104 2104 2104 2104 2104 2104 2104 2104 2104 2104 2104 2104 2104 2104 2104 2104 2104 2105 2105 2105 2105 2105 
6477 6477 6477 64b7 64b7 64b7 64b7 6cb8 6cb7 6cb7 6cb7 6cb7 6cb8 6cb8 6cb8 6cf8 6cf8 64b8 6cf9 74f9 74f8 5b92 2188 2105 18c3 2104 18c4 0842 0882 1904 1882 1041 1882 18c3 20c4 18c3 18c3 18c3 18c3 18c3 1082 18c3 18c3 1041 0841 1041 1082 1042 1082 0840 0000 0840 1081 1082 18c3 2104 2944 2104 2103 2904 2945 2905 2904 20c4 20c3 18c3 1883 20c3 2904 3145 3145 3145 3145 3145 3145 3945 4186 4186 4186 3945 49c7 51c7 5a08 6249 6a89 72ca 7b0b 830b 8b8c 9bce a470 9c2f 93ce 834d 6248 4185 4186 5207 834c bcb0 cd32 dd73 d573 bcb1 4144 4185 41c7 3145 41c7 30c3 8b4d cd33 d533 d573 dd73 ddb4 e5f5 e636 ee37 ee37 ee78 ee78 ee78 ee78 eeb8 eeb8 eeb8 eeb8 eeb8 eeb8 eeb8 eeb8 eeb8 eeb8 ee77 ee77 ee77 ee77 ee77 ee77 ee77 ee77 e677 ee77 ee77 ee77 ee77 e677 e676 e676 e636 e635 e635 e5f5 e5f5 e5f5 ddf4 ddf4 e5f5 ddf5 e635 e635 e635 e635 e635 e635 e635 e635 e635 e635 e635 e635 e5f4 ddb3 cd72 cd32 d573 d5b3 ddb3 ddf4 e5f4 e5f5 e5f4 e5f4 e635 e635 e636 ee36 ee36 ee76 ee76 e677 de38 de79 e6ba ef3c ef7d ef7d ef7e e73e e73e e73e e73e e73e e73e e73e e73d defd df3d df3d defd defd defd defd defd defd defd defd defd defd defd df3d df3d df3d df3d e73d e73e e73e e77e e77e e77e ef7e ef7f e73e ef7f ef7e defc e73e f7bf e73e 9cf5 8432 8431 94b3 94b3 8c73 8431 7bd0 5acc 4a49 3187 2104 18c4 1904 2105 2946 2945 2105 2145 2946 2945 2145 2945 2105 2104 2105 2945 2945 2145 2105 2105 2104 2104 2105 2105 2105 2105 2105 2105 2105 1904 1904 2104 2104 2104 2104 20c4 2104 2104 2104 2104 2104 2104 2104 2104 2104 2104 2104 2104 2104 2104 2104 2104 2104 2104 2104 2104 2104 2104 2104 2104 2104 2104 2104 2104 2104 2105 2105 2105 2105 
6477 6477 64b7 64b7 64b7 64b7 64b7 6cb8 6cb7 6cb7 6cb7 6cb7 6cb8 6cb8 6cb8 6cf8 74f9 6cf8 6cf8 74f8 74b7 5350 2147 2946 1883 2104 18c4 0842 0882 2105 1041 1882 1082 18c3 2104 20c3 1082 1883 18c3 18c3 18c3 18c3 1082 0801 0841 1082 18c3 1082 0841 0000 0000 0841 1082 18c3 2103 2104 2944 2103 2103 2945 2904 18c3 20c3 2904 20c3 20c3 20c3 2904 3186 39c7 3986 3986 3985 3945 3145 3145 3985 41c7 49c7 49c7 5a08 6249 6a8a 72ca 72ca 72ca 72c9 7aca 7a89 7b0a 834c 834c 834c 730b 5a07 4145 41c6 5207 834c b4b0 cd32 dd73 dd73 c532 6a48 3904 628a 20c3 3103 93ce ddf6 c4f2 cd32 d572 d573 ddb4 e5f5 e636 ee37 ee77 ee78 ee78 ee78 eeb8 eeb8 eeb8 eeb8 eeb8 eeb8 eeb8 eeb8 eeb8 eeb8 eeb8 ee77 ee77 ee77 ee77 ee77 ee77 e677 e677 e677 ee77 ee77 ee77 ee77 e677 e676 e676 e635 e635 e635 ddf4 ddb4 ddf4 ddb4 ddf4 e635 ddf4 e635 e635 e635 e635 e635 e635 e635 e635 e635 e635 e635 e635 e635 ddf4 d5b3 cd72 cd72 cd73 d5b3 ddf4 e5f4 e5f4 e5f4 e5f5 e635 e635 e635 ee36 e636 ee36 e676 e677 de77 de78 e6b9 e6fb ef3c ef3d ef3d e73d e77e e73e e73e e73e e73e e73e e73d e73d e73d df3d df3d defd defd defd defd defd defd defd defd df3d df3d df3d df3d df3d e73e e73e e73e e77e e77e e77e e77e e77e efbf e73e ef7e ef7e defd e77e defd ad77 8c73 94b4 9cf5 9cf4 94b3 94b3 94b3 8432 8c72 8c72 8431 738f 630d 4a4a 2946 18c4 18c4 18c3 18c4 2945 2105 2105 2105 2104 2105 2105 2105 2105 2105 2105 2105 2105 2105 2105 2105 2105 2105 2105 2105 2105 1904 1904 2104 2104 2104 2104 2104 2104 2104 2104 2104 2104 2104 2104 2104 2104 2104 2104 2104 2104 2104 2104 2104 2104 2104 2104 2104 2104 2104 2104 2104 2104 2104 2104 2104 2104 2104 2105 2105 2105 
6477 6477 64b7 64b7 64b7 64b7 64b7 6cb8 6cb7 6cb7 6cb7 6cb7 6cb8 6cb8 6cb8 6cf8 6cf8 6cf8 6cf8 6cb8 74b6 4b0f 2147 2105 1882 20c3 18c3 1083 1083 1904 0840 20c2 1082 18c3 2104 20c4 1082 18c3 20c3 18c3 2104 1883 0841 0841 1082 1883 1082 0841 0000 0000 0800 1081 18c3 2103 2104 2944 20c4 2104 2104 20c3 1883 2083 20c4 2904 2904 2945 3145 3145 2904 2904 3985 41c7 49c7 4a08 4a08 4a08 5208 5a48 5a49 6249 72cb 7b0b 830c 8b4c 8b4c 834c 8b4c 8b4c 8b4c 938c 8b4c 834c 830b 7b0b 6248 4986 4145 49c6 72ca a42e c4b0 d532 d532 c532 72c9 4985 5207 838d cdb5 cdb5 bcf2 bcf1 cd32 cd32 d573 ddb4 e5f5 e636 e637 ee77 ee78 ee78 ee78 eeb8 eeb8 eeb8 eeb8 eeb9 eeb8 eeb8 eeb8 eeb8 eeb8 ee77 ee77 ee77 ee77 ee76 e676 e636 e636 ee77 ee77 ee77 ee77 ee77 ee77 e677 e676 e636 de35 ddf5 ddf4 ddb4 d5b3 d573 d5b3 ddb4 ddf5 ddf5 e635 e635 e635 e635 e635 e635 e635 e635 e636 e635 e635 e635 e635 e5f5 ddb4 d5b3 cd72 cd72 d573 ddb4 ddf4 ddf4 e5f4 e5f5 e635 e635 e635 ee36 e636 ee36 e676 e677 e677 e677 de78 e679 e6fa ef3c ef3d e73e e77e e73e e73e e73e e73e e73e e73e e73d e73e e73e e73d df3d df3d defd defd defd defd df3d df3e e73d e73e e73d e73d e73d e73e e73e e77e e77e e77e e73e e77e e77e e73d efbf e73e df3d f7ff ef7e c639 b5b8 d67b d6bb ce7b bdf9 b5b8 bdb8 b5b8 a536 a535 9cf5 9cf4 94b3 94b3 8c72 7bd1 7390 5acc 4209 3187 2105 18c4 18c4 2105 2946 2105 2105 2105 2105 2946 2946 2946 2946 2105 2105 2105 2105 2105 2105 2105 2105 2105 2105 2104 2104 2104 2104 2104 2104 2104 2104 2104 2104 2104 2104 2104 2104 2104 2104 2104 2104 20c4 2104 2104 2104 2104 2104 2104 2104 2104 2104 2104 2104 2104 2104 2104 2104 2104 2104 2104 2104 
6477 6477 64b7 64b7 6477 64b7 64b7 6cb8 6cb7 6cb7 6cb7 6cb7 6cb8 6cb8 6cb8 6cf8 6cb8 6cf8 6cf9 6cb8 74b7 42cf 2147 2105 18c3 20c3 1883 1083 18c4 1083 0800 20c2 1082 20c4 2104 18c3 18c3 18c3 18c3 18c3 20c3 1082 0841 1082 1883 1082 0841 0000 0000 0800 1041 1882 2103 2944 2945 2944 2104 18c3 1882 1882 1883 2083 20c3 28c3 2904 3145 3986 3986 3986 4186 49c7 5208 49c7 5208 5a49 6289 6289 6289 6289 6289 6249 6a49 6a49 6a49 6a89 7289 7ac9 82ca 8b4c 938d 938c 938d 938d 830b 6a89 4985 4145 49c6 7289 9bcd bcb0 ccf1 cd32 cd32 a42f 59c6 834c b4f2 bd33 d5b5 bcf1 c4f1 cd32 cd32 d573 ddb4 e5f6 e636 e637 e677 ee78 ee78 ee78 eeb8 eeb8 eeb8 eeb9 eeb9 eeb8 eeb8 eeb8 eeb8 ee77 ee77 ee77 ee77 ee36 e636 e636 e636 e636 e637 ee77 ee78 ee77 ee77 ee77 e677 e676 e636 de35 ddf5 ddb3 d5b3 cd32 c4f1 cd32 d573 d5b4 e635 e635 e635 e635 e635 e635 e635 e635 e635 e635 e635 e635 e635 e635 e635 e5f4 ddb4 d573 cd72 cd72 d573 ddb3 ddb4 e5f4 e5f4 e635 e635 e635 ee36 ee36 ee36 ee36 e676 ee77 e677 e677 e678 deb9 e6fb e73d ef7e e77e e77e e77f e77e e77e e77e ef7e e73e e73e e73e e73e e73e e73e df3e df3d df3d e73e e73e e73e e73e e73e e73e e73e e73e e73e e73e e77e e77e e77e e77e ef7e ef7f e73e ef7f e77e e77e efbf defd ce7b e73d e73e defd defd e73d defd d6bc d67b ce7a c63a c639 bdf8 b5b8 ad77 a536 9cf5 94b4 8c73 8431 7bd1 738f 630d 4a4a 3187 2105 2106 2105 18c4 18c4 18c5 18c5 2105 2105 2105 2105 2105 2105 2105 2105 2105 2105 2105 2105 2105 2105 2105 2105 2105 2104 2104 2104 2104 2104 2104 2104 2104 2104 2104 2104 2104 2104 2104 2104 2104 2104 2104 2104 2104 2104 2104 2104 2104 2104 2104 2104 2104 2104 2104 2104 2104 2104 
6477 6477 64b7 64b7 6477 64b7 64b7 6cb8 6cb7 6cb7 6cb7 6cb7 6cb8 6cb8 6cb8 6cf8 6cb7 74f8 74f9 74b8 6c76 3a8d 2147 2905 20c3 20c3 1083 1083 18c4 0842 1041 1882 18c3 2904 2104 18c3 18c3 18c3 18c3 18c3 1082 1042 1041 1082 1082 0841 0000 0000 0800 1081 18c3 18c3 2104 2945 2945 2104 2104 1082 1041 1882 20c3 2082 2083 28c3 28c3 3104 3945 4186 49c7 5208 5a08 5208 6289 6a8a 6289 5a48 5a07 5a07 6248 6a89 7acb 7aca 72ca 7ac9 7aca 82ca 8b0b 934c 8b0b 934c 934c 9bce a42f 9bce 8b4c 6a89 51c6 5207 72c9 9bcd bcb0 ccf1 cd31 cd32 bcb1 7ac9 59c6 8b8d 9bcd a3ce c4f1 cd32 cd32 cd32 d574 ddf5 e5f6 e636 e637 ee78 ee78 ee78 ee78 eeb8 eeb8 eeb8 eeb9 eeb9 eeb8 eeb8 eeb8 ee78 ee77 ee77 e636 e636 e636 e636 e636 e636 e636 ee77 ee77 ee78 ee77 ee77 ee77 e677 e676 e636 de35 ddf4 d5b3 cd31 ac2d a3cc c4f1 d573 d5b4 e635 e635 e635 e635 e635 e636 e635 e635 e635 e635 e636 e635 e635 e635 e635 e635 ddf4 d5b4 cd73 cd72 d573 d5b3 ddb3 ddb4 e5f4 e635 e635 e635 e635 ee36 e636 ee36 ee36 ee36 ee76 ee77 e677 de78 e6ba e6fc e73d e73e e73e e73e e77e e77e e77e ef7e ef7e ef7e ef7e e77e e77e e73e e73e e73e e73e e73e e73e e73e e73e e73e e73e e73e e73e e73e e73e e77e e77e e77e e77e ef7e ef7f efbf e73e ef7f ef7f d6fc d6bc e77e efbf ef7f e73e e73e e77e df3d defd e73e e77e e73e df3d defd d6fc d6bc cebb ce7a c67a c639 b5f8 ad77 a535 94b3 8cb3 8472 7bd0 634e 528b 39c8 2946 2105 1905 1905 2105 2105 2105 2105 2105 2105 2105 2105 2105 2105 2104 2104 2104 2104 2104 2104 2104 2104 2104 2104 2104 2104 2104 2104 2104 2104 2104 2104 2104 2104 2104 2104 2104 2104 2104 2104 2104 2104 2104 2104 2104 2104 2104 2104 2104 2104 2104 2104 2104 
6477 64b7 64b7 64b7 6477 64b7 64b7 64b7 6cb7 6cb7 6cb7 6cb7 6cb8 6cb8 6cb8 6cb8 6cb8 74b8 74f8 6cb7 6475 2a0b 1906 2945 20c3 20c3 1082 1083 18c4 0842 1882 1041 20c3 2945 2104 1082 18c3 18c3 1082 1883 0841 1042 1082 1082 0841 0801 0000 0000 1041 20c3 2104 20c3 2104 2945 2905 1883 1082 1882 1882 1842 1882 20c3 28c3 28c2 3103 3944 4144 3944 3904 4144 4985 51c6 51c6 51c6 51c6 4985 4144 4143 4944 4944 5185 4944 4944 5184 5185 59c5 6206 6a07 7a89 7a89 7248 7a89 830a 830b 830b 7289 5a07 5a07 7289 9b8d bc6f ccf1 ccf1 cd32 c4f1 a42e 6207 6207 7a88 8b0a bcb0 c4b0 cd32 cd32 d574 ddf5 e5f6 e636 e637 ee78 ee78 ee78 ee78 eeb8 eeb8 eeb9 eeb9 eeb8 eeb8 eeb8 ee78 ee77 ee77 e636 e636 e636 e636 e636 e636 e636 ee37 ee77 ee77 ee78 ee77 ee77 ee77 e677 e676 e636 ddf5 ddf4 d573 bcaf 8b09 82c9 bcb0 ddb4 ddb4 e5f5 e635 e635 e635 e636 e636 e635 e635 e635 e635 ee36 ee36 e635 e635 e635 e635 e5f5 ddf4 d573 cd32 cd72 d5b3 d5b3 ddb4 e5f4 e635 e635 e635 e635 ee36 ee36 e636 ee36 ee35 ee76 f677 ee77 e678 de79 deba e6fc e73d e73d e73e e73e e77e e77e ef7e e73e ef7f ef7f ef7f ef7e e77e e77e e73e e73e df3d df3d df3d df3d df3d e73e e73e e73e e73e e73e e73e e73e e73e e73e e77e ef7e ef7e efbf ef7f df3d defd ef7f f7bf ef7f f7bf f7bf f7bf efbf ef7e efbf efbf e73d ef7e ef7f ef7f ef7f ef7f ef7f ef7f ef7e e77d e73d df3d d6fc d6bb cebb c67a b5f8 adb7 a535 94b3 8431 738f 528c 39c8 2146 18c4 1904 1904 2105 2105 2104 2104 2104 2105 2105 2105 2105 2105 2105 2105 2105 2105 2104 2104 2104 2104 2104 2104 2104 2104 2104 2104 2104 2104 2104 2104 20c4 2104 2104 2104 2104 2104 2104 2104 2104 2104 2104 2104 2104 2104 2104 2104 2104 
6477 6477 64b7 64b7 64b7 64b7 64b7 64b7 6cb7 6cb7 6cb7 6cb7 6cb7 6cb8 6cb8 6cb8 6cb8 6cb8 74f9 6cb7 7476 2a0b 10c5 2104 20c3 18c2 18c3 18c3 1083 0001 20c3 1882 2945 2104 2104 2104 1082 1082 1082 1041 1082 1041 1082 1082 0800 0000 0801 1081 2104 20c2 20c3 2103 2945 18c3 1082 0841 1041 1041 1041 1841 1841 2081 28c2 30c3 3903 4985 6207 6a89 7aca 7b0b 834b 834b 830b 834b 830b 830b 830a 830a 830a 830a 7ac9 7ac9 7aca 82ca 830a 8b0b 934c 938c 8b4b 938c a3cd ac2f ac6f a42e 8b4c 7ac9 5a07 5a07 7aca 938c ac2e c4b0 ccf0 ccf1 ccf1 bcb0 9bcd 6a06 6a06 8b0a bcb0 ccf1 cd32 d573 ddb4 e5f5 e636 e637 e677 ee77 ee78 ee78 eeb8 eeb8 eeb8 eeb8 eeb8 eeb8 f6b8 eeb8 ee77 ee77 e636 e636 e5f5 e5f5 e5f5 e636 e636 ee76 ee77 ee77 ee77 ee77 ee77 ee77 ee77 e677 e676 e636 ddf5 ddf4 cd32 c4f1 5943 8ac9 d532 d573 e5f5 e5f5 e635 e635 e635 e635 e635 e636 e636 e636 ee36 ee36 e636 e636 e635 e635 e635 ddf5 ddf4 ddf5 d573 c532 d573 d5b3 d5b3 ddf4 e5f4 e5f5 ee35 ee36 ee36 ee36 ee36 ee36 ee35 f675 ee76 ee77 e677 e678 deb9 deba e6fc e6fd e73d e73e e73e e77e ef7e ef7e ef7f ef7f ef7f ef7f ef7f ef7f ef7e ef7e e77e e73d df3d e73d df3d defd defd e73e e73e ef7f e73e e73e ef7f e73e e73e f7bf f7bf e73e d6fc df3d ef7f ef7f ef7f f7ff f7bf f7bf f7bf f7bf f7bf f7bf f7bf f7bf efbf f7bf f7ff ffff f7ff f7bf f7ff f7ff efbf f7bf f7bf f7bf f7bf f7bf f7bf e73d e73d df3d d6fc d6bb ce7a c639 b5b8 ad77 8cb3 73d0 4a8a 2946 10c3 18c3 1904 18c3 18c3 2986 2104 2104 2945 2105 2946 2104 2145 18c4 2945 2104 2104 2104 2945 2104 2104 2104 2104 2104 2104 2104 2105 2104 2104 2104 2104 2104 2104 2104 2104 2105 2104 2104 2104 2104 2104 2104 2104 2104 
6477 6477 64b7 64b7 64b7 64b7 64b7 64b7 6cb7 6cb7 6cb7 6cb7 6cb7 6cb8 6cb8 6cb8 6cb8 74b8 74f9 74b7 6c75 2189 10c5 18c4 20c3 1882 18c3 1083 1083 0841 20c3 20c3 2904 2104 2104 20c3 1082 1082 1082 0841 1082 0841 0841 0841 0000 0000 1041 1883 20c3 1882 1882 2104 2104 1082 0841 1042 1882 1041 1041 1841 28c2 3944 51c7 6248 830a 8b4b 938c 938d 938c 938d 938c 938c a3cd a3cd a42e a42e a42d a42e ac2e ac2e ac2e ac2f ac6f b46f b470 bcb0 bcf1 c4f1 c4f1 c4f1 c4f2 c4f2 c4f1 bcb0 a42e 934c 72c9 6a88 830a 934c abcd bcb0 c4b0 c4f0 c4f0 bcb0 bcb0 a3cd 934b 82c9 abcd ccf1 d573 d5b4 ddf5 e5f6 e637 ee77 ee77 ee78 ee78 ee78 eeb8 eeb8 eeb8 eeb8 eeb8 eeb8 eeb8 ee77 ee77 e636 e636 e635 e5f5 e5f5 e636 e636 ee36 ee36 ee77 ee77 ee77 ee77 ee77 ee77 ee77 e677 e676 e636 de35 ddf4 d5b3 cd32 8288 8ac9 ccf1 dd73 ddb4 e5f5 e5f5 e635 e635 e635 e636 e636 ee36 ee36 ee36 ee36 ee36 ee36 e636 e635 e635 ddf5 ddf5 ddf4 d573 cd32 cd72 d5b3 d5b3 ddb4 e5f4 e5f5 e635 ee35 ee36 ee36 ee36 ee36 ee35 ee35 ee36 ee76 e677 e678 e6b9 deba e6bb e6fc e6fd e73d e73d e73e ef7e ef7f ef7f ef7f efbf efbf efbf ef7f ef7f ef7e e73e e73e ef7e ef7e e73e df3d e73e ef7e df3d ef7e efbf ef7f e73e ef7e ef7f e77e defd defd defd e73e f7bf f7bf efbf f7bf f7bf f7bf f7bf f7bf f7bf f7bf f7ff f7ff ffff ffff f7ff f7bf ef7e ef7e efbf f7bf ffff ffff f7ff f7ff efbe ef7e f7bf f7ff f7bf f7bf f7bf f7bf f7bf ef7e e77e e73d defd defc d6fc ceba bdf8 94f3 630c 3a08 2104 0842 18c3 2145 2145 10c4 2145 2105 2105 2946 2105 2945 2104 2105 2104 2104 2104 2104 2104 2104 2104 2104 2105 2104 2104 2104 2104 2104 2104 2104 2104 2104 2104 2104 2104 2104 2104 2104 2104 2104 
6477 6477 64b7 64b7 64b7 64b7 64b7 64b7 6cb7 6cb7 6cb7 6cb7 6cb7 6cb8 6cb8 6cb8 6cb8 74b8 74b8 74b8 6434 1948 1905 18c3 20c3 1882 18c3 1082 0842 0842 18c3 20c3 2104 20c3 20c3 18c3 1082 1042 0841 0000 1882 0841 0801 0801 0000 0841 1082 20c3 1882 1882 1882 18c3 1082 0841 0800 1041 0841 1040 1041 28c2 4185 6248 72ca 834c 8b4b 934b 9b8c 9b8c 9b8c a3cd a3cd a42d a3cd a42d ac2d ac2e ac2e ac6e b46e b46f b46f b4af bcb0 bcb0 bcf1 c4f1 c4f1 cd32 d573 d573 d573 cd73 cd32 c4f1 b46f 9bcd 830b 7aca 830b 934c abce bcb0 c4b0 c4b0 ccf1 bcaf c4f0 cd31 c4f0 abcd b42e ccf1 d573 ddb4 e5f5 e636 e636 e637 ee77 ee78 ee78 ee78 ee78 eeb8 eeb8 eeb8 ee78 ee77 ee77 ee77 e636 e636 e636 e635 e635 e635 e635 ee36 ee36 ee36 ee77 ee77 ee77 ee78 ee77 ee78 ee77 e677 e676 e636 e635 ddf5 ddb4 d532 abcd 8a89 c4b0 dd73 dd73 e5f5 e5f5 e5f5 e635 e635 e635 ee35 ee36 ee36 ee76 ee36 e636 e636 e636 e635 e635 ddf5 ddf5 d5f4 d5b3 cd72 cd32 cd72 ddb3 ddb3 ddb4 e5f4 e5f5 e635 e635 e635 e636 ee35 ee35 ee35 ee35 ee76 e677 e677 e678 e6b9 deba e6ba e6fb e6fc e73d e73d e73e ef7e efbf efbf f7bf f7bf f7bf f7bf efbf efbf efbf ef7f ef7e e77e e73d df3d e73d e73e ef7f e73e df3d e73d e77e efbf e73e cebb c63a d6bc e73d ef7f f7bf f7bf f7bf f7bf f7ff f7ff f7ff f7ff f7ff f7ff f7ff f7ff f7bf f7bf f7bf efbf e77e e77e ef7f f7bf f7ff f7bf f7bf f7ff f7ff ffff ffff f7bf f7ff f7bf f7bf ef7f ef7f ef7f f7bf ffff f7ff efbf e77e e77e ef7e e77e e77d e73d d6fb b5f7 7bd0 3a09 0883 2106 1905 1905 1905 1905 1905 2145 2105 2104 3186 18c3 2105 2105 2105 2104 2105 2105 2105 2105 2104 2104 2104 2104 2104 2104 2104 2104 2104 2104 2104 2104 2104 2104 2104 2104 
6477 6477 64b7 64b7 64b7 64b7 64b7 64b7 6cb7 6cb7 6cb7 6cb7 6cb7 6cb8 6cb8 6cb8 6cb8 74b8 6cb8 74f8 63d4 1147 1905 18c3 20c3 1882 18c3 0842 0842 1083 1882 2104 20c3 18c3 18c3 18c3 1082 0841 0800 0800 1882 0841 0000 0000 0000 0841 1082 18c3 1041 18c3 1082 1082 0000 0841 0841 0840 0800 0800 1881 3944 5a07 72c9 830b 8b4b 934b 934b 9b8c 9b8c 9b8c a3cd a3cd a42d abcd ac2d ac2d ac2d ac2e b42e b46e b46e bcb0 bcf0 c4f1 c4f1 c531 cd32 cd32 d573 d573 d5b3 d5b4 d5b4 d5b4 cd73 c4f1 ac6f 8b4b 7b0a 8b4b 9b8c ac2e bcb0 c4b0 c4b0 ccf0 bcaf bcaf c4f0 d532 cd32 ccf2 d532 d573 ddb4 e5f5 e636 e636 e636 ee77 ee77 ee78 ee77 ee78 ee78 ee78 ee77 ee77 ee77 e677 e677 e636 e636 e635 e635 e635 e636 e5f5 e5f5 e636 ee36 ee37 ee77 ee77 ee77 ee77 ee78 ee77 e677 e676 e636 e635 e5f5 e5b4 d532 bc2e 8a89 bc2f dd33 dd32 e5b4 e5f4 ddf4 e5f5 e635 e635 ee36 ee36 ee36 ee76 ee76 ee76 ee76 ee76 e636 e635 ddf5 ddf5 d5b4 d5b4 cd73 c531 cd32 d5b3 d5b3 ddb3 ddb4 e5f4 e5f5 e635 e635 e635 e635 ee35 ee35 ee76 ee76 ee76 e677 e678 e6b8 e679 deb9 deba e6fb e6fc e73d e73e ef7e efbf efbf f7bf f7bf f7bf f7bf f7bf f7bf f7bf efbe ef7e ef7e ef7e ef7f ef7f ef7e df3d f7bf ef7f e77e f7bf ce7b 94b4 9d35 b5f8 d6bb e77e efbf f7bf f7bf f7bf f7ff f7ff f7ff f7ff f7ff f7ff f7bf f7bf f7bf f7bf f7ff f7bf efbf e73e e73d e73e ef7e ef7e ef7e f7bf ef7e e77e e73e d6bb bdf9 b5f8 bdf9 be39 c639 be39 bdf9 b5b8 adb7 adb8 b5f9 c63a cebb d6bc d6bb defc e73e d6bc df3d e73e efbf e77f 94f5 4a8c 1106 10c4 2146 18c5 18c5 2145 2986 18c3 2945 2105 2105 2105 2105 2105 2105 2105 2105 2105 2105 2104 2104 2104 2104 2104 2104 2104 2104 2104 2104 2104 2104 2104 2104 
6477 6477 64b7 64b7 64b7 64b7 64b7 64b7 6cb7 6cb7 6cb7 6cb7 6cb7 6cb8 6cb8 6cb8 6cb8 74b8 6cb8 74f8 6434 1148 2146 18c3 20c3 1882 18c3 0842 0842 1083 1082 20c4 20c3 1082 1883 20c4 18c3 0801 0000 0841 1042 0800 0000 0841 0841 1082 1082 1082 0841 18c2 1042 0841 0000 0882 0841 0000 0840 1040 20c2 4185 6247 7aca 830b 8b4b 9b8c 9b8c a3cd a3cd a3cd a42d ac2d ac2d ac2e ac6e b46e b46e b46e b46e b46e bc6f bcaf bcaf bcf0 c4f0 c4f1 cd32 cd32 cd72 d5b3 ddb4 ddb4 ddb4 ddb4 d573 c4f1 b4b0 938c 830a 8b4b 9b8d ac2e bcb0 c4b0 c4b0 c4b0 c4f0 c4af c4af c4f0 d532 dd73 d573 ddb4 ddf4 e5f5 e635 e636 e636 e637 ee77 ee77 ee77 ee77 ee77 ee77 ee77 ee76 ee76 e636 e636 e636 e636 e635 e635 ee36 ee36 e5f5 e5f5 e5f5 e5f5 ee37 ee37 ee77 ee37 ee77 ee77 e677 e677 e676 e636 e635 e5f5 e5b4 ccf1 abcd 92ca bc2e dcf2 dcf2 dd73 ddb4 ddf4 ddf4 e5f5 e635 ee35 ee36 ee36 ee76 ee76 ee76 ee76 ee76 e636 e635 e5f5 ddf5 d5b4 d5b4 d5b3 c531 c531 d572 d573 ddb3 ddb3 ddf4 e5f4 e5f5 e635 e635 e636 ee36 ee76 ee76 ee76 ee76 ee76 ee77 ee78 e678 e678 de79 deba e6fc e73d ef7e e77e efbf efbf f7bf f7bf f7bf f7bf f7bf f7bf f7bf f7bf f7bf f7bf efbf efbf ef7e e77e f7ff e73e f7bf ce7b 73d0 5acd 73d0 94f4 ad77 ce7b e77e ef7f f7bf f7bf f7bf f7ff f7ff f7ff f7ff f7ff f7bf f7bf f7bf f7bf f7ff f7bf ef7f e77e df3d df3d e73e e73e df3d ce7b bdf9 9d35 8c73 8432 73d1 7390 630e 5b0e 52cd 528c 4a4b 3a0a 3189 2948 2107 1907 2107 1906 18c6 10c5 1906 2988 9cf5 8474 6b90 7432 6bd2 7c34 8cf7 9d37 420b 1085 1906 2106 2105 1083 2945 2105 2104 2104 2105 2905 2105 2105 2105 2105 2105 2105 2105 2105 2105 2105 2104 2104 2104 2104 2104 2104 2104 2104 2104 2104 
6477 6477 64b7 64b7 64b7 64b7 64b7 64b7 6cb7 6cb7 6cb7 6cb7 6cb7 6cb8 6cb8 6cb8 6cb8 74b8 6cb8 74f8 6c75 2189 2146 2103 18c2 18c2 1082 0882 0042 1083 1082 20c3 1883 1082 1082 18c3 18c3 0841 0000 1082 0000 0000 0000 0841 0841 1082 1082 1041 1082 0841 0841 0841 0841 0841 0000 0840 1040 1881 3103 51c6 6a88 830a 8b4b 934b 934b 9b8c 9b8c 9bcc a3cd a42d ac2e ac2e ac2e ac6e b46e b46e b46e b4ae bcaf bcaf bcf0 c4f0 c4f1 cd31 cd32 d572 d573 d5b3 d5b3 ddb4 ddb4 d573 d573 d573 c531 bcb0 a42e 938c 938c 9b8d abce bcb0 c4b0 c4b0 c4b0 ccf0 c4f0 ccf0 ccf1 d532 dd73 dd74 ddb4 ddf4 e5f5 e5f5 e636 e636 ee37 ee77 ee77 e637 e637 e676 e636 e636 e636 e636 e636 e636 e636 e636 e636 e636 ee36 ee36 ee36 ddf5 d5b4 d5b4 e5f6 ee37 ee77 ee77 ee77 e677 e677 e677 e677 e676 e636 e5f5 e5b4 ccb0 a34c 9b0a bc2e d4f2 dcf2 d532 ddb3 d5b3 ddb4 ddf4 e5f5 e635 ee36 ee76 ee77 ee76 ee76 ee76 ee76 ee36 e636 e635 ddf5 ddf5 d5b4 d5b3 c532 c531 cd32 cd72 d573 ddb3 ddb4 ddf4 e5f4 e5f5 e635 e635 e636 e636 ee36 ee76 ee76 ee76 ee76 ee77 ee78 e678 de78 deba e6fb e73d e73e e77e efbf f7bf f7bf f7ff f7ff f7ff f7ff f7ff f7ff ffff ffff f7bf ef7e efbf f7bf efbf f7bf c63a 8432 424a 4209 528c 630e 8c73 a576 c67a e73d ef7e efbf f7bf f7bf f7bf f7bf f7ff f7ff f7ff f7bf efbf efbf efbf efbf efbf ef7f e77f e73e defd d6bd cebc c63a 9d36 94f5 8c74 8432 7c32 6b90 7390 5ace 4a8c 39ca 2948 2148 2148 2948 2148 2989 2989 2949 2989 2989 2989 3189 31c9 39ca b5fa a578 7c74 8475 6b93 6b93 6392 7c33 10c5 10c5 10c5 10c4 1905 1904 1904 2104 2104 2105 2105 2105 2105 2105 2105 2105 2105 2105 2105 2105 2105 2105 2105 2105 2105 2105 2105 2105 2104 2104 2104 
6477 6477 64b7 64b7 64b7 64b7 64b7 64b7 6cb7 6cb7 6cb7 6cb7 6cb7 6cb8 6cb8 6cb8 6cb8 6cb8 74f8 74f8 74b6 2a0a 1905 2104 18c2 2103 0882 0842 0042 0883 1082 18c3 1082 1082 1041 1082 18c3 1041 0000 0841 0000 0000 0801 0841 0841 1041 1082 0841 1082 0841 0841 0841 0841 0000 0000 0840 0840 2081 3944 5a47 7ac9 834a 934b 938b 9b8c 9bcd a3cd a3cd a42d a42e ac2e ac2e b46f b46f b4af b4af bcaf bcaf bcf0 c4f0 c4f0 c4f0 c4f0 c531 cd31 cd72 d572 d5b3 ddb4 ddb4 ddb4 d5b3 d5b3 d5b3 cd72 c531 b4b0 a42e a3ce a3ce ac2e bcb0 c4b0 ccf1 ccf1 ccf0 ccf0 d572 d572 ddb4 dd74 ddb4 ddb4 ddf4 ddf4 e5f5 e636 e636 e636 e636 e636 e636 e636 e636 e636 e636 ee36 e636 e636 e636 e636 e636 e636 e636 e636 e636 e5f5 d573 bcb0 bcb0 cd73 e5f6 ee37 ee78 e677 e677 e677 e677 e677 e677 ee36 ee36 dd73 b42e ab8c 9aca c42f d4b1 dcf2 d532 d572 d572 d5b3 ddb3 ddf4 e635 ee36 ee76 ee77 ee77 ee77 ee77 ee77 ee76 e636 e635 ddf5 ddf5 d5b4 cd73 cd72 c531 c531 cd72 d572 d573 ddb3 ddb3 ddf4 e5f4 e635 e635 e636 e636 e636 e636 e636 ee36 ee76 ee77 ee77 ee78 e678 deb9 deba e6fc e73d ef7e f7bf f7bf f7bf f7ff ffff ffff ffff ffff f7ff ffff f7ff f7ff ffff ffff ef7e defc 8432 6b4f 528c 39c9 420a 52cc 5acd 7bd1 ad77 c63a d6fc df3d e77e ef7f efbf f7bf f7bf f7ff f7ff f7bf efbf ef7f ef7e ef7f efbf ef7f e73f defd ce7c be3a b5b9 adb8 bdfa adb8 b5f9 9cf6 7bd2 5b0e 3189 2107 2148 2108 2107 2148 2949 3189 3189 318a 318a 318a 318a 318a 31ca 318a 2989 2148 298a 298a c6be a5ba a5bb 9539 8cf8 8cb7 7c34 9d37 0843 2106 2106 18c4 18c4 18c4 18c4 18c4 20c4 20c4 2104 2104 2105 2105 2105 2105 2105 2105 2105 2105 2105 2105 2105 2105 2105 2105 2105 2105 2105 2105 
6477 6477 64b7 64b7 64b7 64b7 64b7 64b7 6cb7 6cb7 6cb7 6cb7 6cb7 6cb8 6cb8 6cb8 6cb8 6cb8 74f8 74b7 74b6 324b 1105 2104 20c3 2944 0841 0842 0041 0842 1082 1082 0841 1082 0841 0841 1082 1082 0841 0800 0000 0000 0841 0841 0841 0841 0841 0841 0801 0841 0841 0000 0841 0000 0841 0800 1081 20c2 4184 5a07 7288 8309 934b 9b8c 9b8c 9bcc 9bcd a3cd a42e ac6f b46f b4af b46f b4af b4af bcaf bcb0 bcf0 bcf0 c4f0 c531 cd31 cd31 cd31 cd72 d572 d5b3 d5b3 ddb4 ddb4 ddb4 ddb4 ddb3 d5b3 cd32 c4f1 c4f1 b46f ac6f ac2f b46f c4b0 ccf1 cd31 cd31 d531 d531 dd72 d532 dd73 d573 ddb4 ddb4 ddb4 ddb4 ddf4 e5f5 e636 e636 e636 e636 e636 e636 e636 e636 e636 ee36 ee36 e636 e636 e636 e636 e636 e636 e635 e635 d573 bcb0 9b8c 9b8c b470 d574 e636 e637 e677 e677 e677 e677 e677 ee77 ee76 ee36 ccf1 a38c b38d 9289 c42f d4b1 dcf2 dcf2 d532 cd31 d572 d573 ddb4 e5f5 ee36 ee76 ee77 ee77 ee77 ee77 ee77 ee76 e636 e635 ddf5 ddf5 d5b4 cd73 cd72 c531 c4f1 cd32 d572 d572 d5b3 ddb3 ddf4 e5f4 e5f5 e635 ddf5 de35 e636 e636 ee36 ee36 ee76 ee77 ee77 ee78 eeb8 e6b9 deb9 debb ef3d f77e f7bf f7bf f7bf f7ff ffff ffff ffff ffff ffff ffff f7ff f7ff ffff e77e a577 6b90 6b4f 420a 39c9 3188 39c9 4a8b 630e 94b4 bdf8 ce7a d6bb d6bc defd e73e ef7f f7bf efbf f7bf f7bf efbf ef7f e77e e77e e77e defd d6bd c63b b5b9 a578 a578 adb9 b5fa ad79 b5fb bdfb 6b91 2948 2148 2108 2989 2949 2949 2949 2949 2949 2949 3189 318a 298a 31cb 31cb 318a 318a 318a 31ca 318a 298a 3a0c 31cc be7d be7e adbc adbc a5ba a5b9 a578 a577 1907 1084 1905 18c4 2105 18c4 18c4 18c4 18c4 18c4 18c4 2105 2105 2105 2105 2105 2105 2105 2105 2105 2105 2105 2105 2105 2105 2105 2105 2105 2104 
6477 6477 64b7 64b7 64b7 64b7 64b7 6cb8 6cb8 6cb8 6cb8 6cb8 6cb8 6cb8 6cb8 6cb8 6cf8 6cb8 6cb8 74b7 74b6 42ce 08c5 2146 18c4 2904 1882 0800 0841 0841 0842 1082 1082 0841 0841 0841 0841 1082 0841 0841 0000 0000 0841 0841 0841 0841 0841 0800 0841 0841 0000 0000 0000 0800 0840 0840 1882 2903 4985 6247 72c9 8b0a 934b 934b 9b8c 9bcc a3cd ac2e ac6e b46f b4af bcb0 bcb0 bcb0 bcf0 bcf0 c4f1 c4f1 c4f1 c531 cd31 cd31 cd72 cd72 cd72 d572 d5b3 d5b3 ddb4 ddb4 ddf4 ddf4 ddb4 d5b3 d573 cd72 cd31 c4b0 b46f b46f bc6f c4f1 cd32 d532 d572 d572 d572 d572 d573 ddb3 ddb3 ddb3 ddb4 ddf4 e5f4 e5f4 e635 e635 e636 e636 ee36 ee36 e636 e636 e636 e636 e636 e636 e636 e636 e636 e676 e676 e636 e636 e5f5 e5b5 6185 6a06 934b b46f cd32 ee37 e636 e637 ee78 ee77 ee77 ee77 ee77 f677 e5f5 c4b0 b3cd ab4c 9289 bbce d4b2 dd33 dd33 d531 c4af d532 d532 ddb3 e5f4 ee76 ee76 ee77 ee77 eeb7 eeb7 f678 ee77 ee36 e636 ddf5 ddf4 ddb4 d5b3 cd72 cd32 c4f1 c4f0 cd32 d572 d5b3 d5b3 ddb3 ddf4 e5f4 e5f4 e5f5 e5f5 e635 e635 e635 ee36 ee76 ee77 ee77 ee78 e678 e6b8 e679 e6ba eefb f77d f7bf f7bf f7ff f7ff ffff ffff ffff ffff ffff ffff f7bf ffff c67b 7c32 9d37 52cd 18c6 10c5 1085 18c5 2147 39c9 630e 94b4 ad77 bdf9 c63a ce7a d6bc defc defc e73e e77e f7bf f7ff ef7f df3d d6fc d6fc d6bc be3a a577 b5fa be3b 9d37 9d38 9d79 94f8 8cf9 957b 8cf9 b63c 84b5 2148 2188 2948 2989 2108 318a 2949 318a 318a 2948 39ca 318a 318a 318a 318a 298a 298a 318a 31ca 298a 31cb 31ca 3a0c d73f be7c be3c be7d bebd a5fa b63b 9537 1106 1907 2107 2106 18c5 2106 2105 2947 1083 10c4 2146 10c4 10c4 18c4 18c4 1904 2105 2105 2105 2105 2105 1904 2105 2104 2104 2945 2105 2104 
6477 6477 64b7 64b7 64b7 64b7 64b7 6cb8 6cb8 6cb8 6cb8 6cb8 6cb8 6cb8 6cb8 6cb8 6cb8 6cb8 6cb8 6cb7 74b6 5350 1948 1906 1904 2904 20c3 1041 0841 0841 0842 1083 1082 0841 0841 0000 0000 0841 0841 1082 0000 0000 0841 0841 0841 0841 0000 0000 0800 0800 0841 0841 0841 0841 0841 1040 1881 3103 49c6 6248 7ac9 8b0b 934c 9b8c 9bcc a3cd a42d ac2e b46f b4af bcb0 bcb0 bcb0 bcf0 c4f1 c4f1 c4f1 c4f1 c531 c531 cd32 cd32 cd72 cd72 cd72 d5b2 d5b3 d5b3 ddf4 ddf4 ddf4 ddf4 ddb4 ddb4 d573 d573 d572 cd31 c4b0 bcb0 c4b0 ccf1 d532 d573 d573 d5b3 ddb3 ddb3 ddb3 ddb3 ddb4 ddb3 ddf4 ddf4 e5f4 e5f4 e635 e635 e635 e636 ee76 e636 e636 e636 e636 e636 e636 e636 ee36 e636 e636 e636 e636 e636 e5f5 e5f5 ddb4 7207 5103 934b c4f1 d573 e636 e636 ee77 ee78 ee77 eeb7 ee77 ee77 ee76 e5b4 c470 b3cd ab8d 9289 bbce dd33 e574 e533 d4f1 c4af ccf1 ccf1 dd73 ddf4 ee36 e636 ee77 ee77 ee78 ee78 f678 ee77 ee36 e636 ddf5 ddf4 ddb4 d5b3 cd72 cd32 c4f1 c4f0 cd31 cd72 d573 d5b3 ddb3 ddf4 ddf4 ddf4 e5f4 e5f5 e635 ee35 ee35 ee36 ee76 ee77 ee77 eeb7 eeb8 eeb8 e678 e6b9 eefa f73c f77f ffff ffff f7ff f7ff ffff ffff f7ff ffff ffff f7bf adb7 8cb4 b5fa 3a0b 2188 1907 2107 18c6 1085 0844 18c5 4a4b 8432 ad77 b5b8 bdf9 be39 ce7b d6bc defc defd e77e df3d d6fd d6fc d6bc b5b8 7c31 4a8c 39c9 2147 3a0b 8475 be3c 9538 8cf7 9539 8d3a 957b 953a 8cf8 b67d 8cf6 1106 2989 2148 39cb 1908 2949 2108 2989 39ca 2107 298a 298a 298a 298a 298a 298a 298a 318a 2989 298a 29ca 298a 52ce df3f cebd be7c ae7c b6bd bebd bebd 84b5 29ca 2148 2107 2947 18c5 2106 2106 2947 2146 1905 1906 1905 1905 18c5 18c4 18c4 18c4 18c4 1904 2946 2105 2105 3146 2104 2104 3186 2104 
6477 6477 64b7 64b7 64b7 64b7 64b7 6cb8 6cb8 6cb8 6cb8 6cb8 6cb8 6cb8 6cb8 6cb8 6cb8 6cf8 6cf8 6cb7 74b7 6433 3a4c 1947 1905 2105 20c4 1082 0841 0800 0841 1083 0842 0841 0841 0000 0000 0000 0841 1082 0841 0841 0841 0841 0841 0000 0000 0000 0841 0841 0841 0841 0841 0841 1041 1881 1882 3103 49c6 6248 7ac9 8b0a 934c 9b8c a3cd a3cd ac2e b46f b4af bcb0 bcb0 bcf0 c4f1 c4f1 c531 c531 c531 cd32 cd32 cd32 cd72 d572 d572 d572 d573 d5b3 d5b3 ddf4 ddf4 ddf4 ddf4 ddf4 ddf4 ddb4 ddb4 ddb3 d5b3 d573 cd32 c4f1 c531 cd32 d573 ddb4 ddb4 ddb4 ddf4 ddb4 ddb4 ddf4 ddf4 ddf4 e5f5 e5f5 e5f5 e635 e635 e636 ee36 e636 e636 e636 e636 e636 e636 e636 ee36 ee36 ee36 ee77 ee77 e677 e676 e636 e5f5 ddf5 ddb4 a3cd 5984 a3cd d573 ddf5 e635 e636 ee77 ee78 ee78 eeb7 eeb7 ee77 ee36 dd73 bc6f bbce b38d 9aca bbce e534 ed75 dd33 d4f1 c4af c4af ccf0 d573 ddb4 ee36 e636 ee77 ee77 eeb8 ee78 ee77 ee77 ee36 e636 ddf5 ddf5 ddb4 d5b3 cd72 c532 c4f1 bcf0 c531 cd32 d572 d573 ddb3 ddb3 ddf4 ddf4 e5f4 e5f5 e5f5 e635 ee35 ee36 ee76 ee76 ee77 eeb7 eeb8 eeb8 e678 e678 eeb9 eefb ff7e ffff ffff f7ff f7ff ffff ffff ffff ffff ef7e ad76 ad77 b5f9 31c9 1907 2188 1907 2107 2107 2107 18c6 1085 18c6 3188 7390 9cf5 bdf9 be39 b5b8 bdf9 c67a c63a c63a defd ce7b 8473 420a 2947 2147 2147 18c5 2107 1906 10c6 424d be3c b63c 8cf8 8d39 84f9 84f9 a5fc 9539 b63c 9d78 2189 2149 2149 31ca 2949 39cb 2949 3189 31cb 298a 298a 318a 318a 298a 298a 318a 318a 31ca 3a0c 31ca 298a 298a 6350 df3f c67d bebe bebe bebe c6be d73f 6bd2 2989 31ca 2948 2948 3188 2107 1906 2147 2988 2147 2147 2106 1905 18c5 18c5 18c5 18c5 18c4 1083 1905 2105 18c4 2105 2105 18c4 2145 
6477 6477 64b7 64b7 64b7 64b7 64b7 6cb8 6cb8 6cb8 6cb8 6cb8 6cb8 6cb8 6cb8 6cb8 6cb8 6cf8 74f8 74b8 74f7 7475 530f 29c9 1905 1905 2104 1883 1041 0000 0841 1082 0841 0841 0841 0841 0000 0000 0000 0841 0841 0841 0841 0841 0841 0000 0000 0000 1041 1041 0841 0841 0841 0841 1041 1882 20c3 3944 49c6 6247 7289 8b0a 934c 9b8c a3cd a42d ac6e b4af bcb0 bcf0 bcf0 bcf0 c4f1 c531 cd32 cd32 cd32 cd32 cd72 cd72 d572 d572 d572 d5b3 d5b3 d5b3 ddf4 ddf4 ddf4 ddf4 ddf4 ddf4 ddf4 ddf4 ddf4 ddb4 ddb4 d5b3 d573 cd32 cd32 cd72 d5b3 ddf4 e5f5 e5f5 e5f5 e5f5 e5f5 e5f5 e5f5 e5f5 e635 e635 e635 e635 e636 e636 e636 e636 e636 e636 e636 e636 e636 e636 ee36 ee36 ee77 ee77 eeb8 eeb8 eeb7 e677 e636 ddf5 ddb4 ddb4 9b4c b46f cd32 ddb4 e636 e636 e637 ee77 ee77 eeb7 f677 f677 f676 dd73 c46f bc2e b38d ab0b bb8e e534 e534 dcf3 d4f1 c4af bc2e c4af d532 ddf4 ee36 e636 ee77 ee77 eeb8 eeb8 ee77 ee77 ee36 e636 e5f5 ddf5 ddb4 d573 cd72 c532 c4f1 bcb0 c4f0 c531 d532 d573 dd73 ddb3 ddb3 ddb3 ddb4 e5f4 e5f5 e635 e635 ee35 ee36 ee76 ee77 ee77 eeb8 ee78 e678 e678 e678 e6b9 ff7d ffbe ffff ffff ffff f7ff ffff ffff ef7e b5b7 c63a c63a 2989 2989 3a0b 1907 2989 2948 2107 2107 2107 18c6 0884 0884 18c6 39c9 7c32 be39 ce7b c67a ce7b cebb be3a 6b90 2147 18c5 2106 18c5 18c5 2106 2107 2107 2148 2148 2148 1908 8475 be7d 9539 8d39 a5bb 8cf8 9539 9d79 b63c 8cf7 29ca 2989 2148 39ca 2148 318a 318a 318a 318a 318b 318a 318a 318a 318a 31cb 31cb 31cb 298a 31ca 3a0c 31cb 2989 8cb6 d73f bebe c6be bebe c6ff be7d d73f 6bd2 2989 39ca 31ca 2107 3189 2989 2148 2948 2948 2147 2147 2147 2147 2147 2146 2106 1905 2105 1084 1905 18c4 18c4 2105 1904 2105 
6477 6477 64b7 64b7 64b7 64b7 64b7 6cb8 6cb8 6cb8 6cb8 6cb8 6cb8 6cb8 6cb8 6cb8 6cb8 6cb8 6cb8 6cf8 74b7 6c76 5b92 3a8c 1947 1905 18c4 18c3 1082 0800 0841 0841 0841 0841 0841 0841 0000 0000 0000 0000 0841 0841 0841 0841 0841 0000 0000 0000 0800 0841 1082 1082 1082 1082 1041 1041 2903 3144 4985 5a07 7288 8b0a 938c 9b8c a3cd ac2e b46f bcb0 bcf0 c4f1 c4f1 c4f1 c531 cd32 cd32 cd32 cd72 cd72 cd72 d572 d573 d573 d5b3 d5b3 d5b3 ddb3 ddf4 ddf4 ddf4 ddf4 ddf4 ddf4 ddf4 ddf4 e5f4 e5f4 ddf4 ddf4 ddb3 d573 d573 d5b3 ddb4 e5f5 e636 ee36 ee76 ee36 ee36 ee36 ee36 e636 e636 e636 e636 e636 e636 e636 e636 e636 ee76 e676 e636 e636 ee36 ee36 ee77 ee77 f6b8 f6b8 f6f9 f6f9 f6f9 eeb8 e676 e635 ddb4 e5f5 d532 c4b0 bcb0 cd32 e5f5 ddf5 e637 e677 e677 ee77 ee77 f677 f676 e5b4 c470 bbce b38d ab4c b34d e4f3 e4f3 dcf3 dcf1 ccaf b3cd bc6f d532 ddb4 ee36 e636 ee77 ee77 eeb8 eeb8 ee77 ee77 e676 e636 e635 ddf5 ddb4 d573 cd72 c532 c4f1 bcb0 bcb0 c4f1 cd32 d572 dd73 ddb3 ddb3 ddb3 ddb4 ddf4 e5f5 e5f5 e635 ee36 ee36 ee76 ee76 ee77 ee78 ee78 ee77 e677 e677 e678 eefb f77d ffff ffff ffff ffff f7ff f7ff c67a c67a c63b 39ca 3a0a 2148 2989 31ca 2989 2989 2148 2147 2107 2107 18c6 2107 18c5 1906 1906 2988 634f adb8 ad77 6b4f 1906 2147 2948 2947 2147 2106 2106 18c6 18c5 2106 1906 2107 1907 2149 2148 73d3 be7d 9d7a 8d38 953a 9d7b a5bb 9d7a be7d 9537 1948 29c9 2989 2989 318a 318b 294a 318b 318b 31cb 31cb 31cb 31cb 31cb 31cb 39cb 298a 31cb 3a0c 31cb 420c 31cb 9d38 d73f c6be c6be c6be ceff c6bd df3f 5b50 2989 3a0b 3a0c 318a 39cb 31ca 2149 2949 2949 2948 2948 2948 2988 2988 2947 2147 2146 3188 1084 18c5 1905 1083 2146 18c5 
6477 6477 64b7 64b7 64b7 64b7 64b7 6cb8 64b7 6cb8 6cb8 6cb8 6cb8 6cb8 6cb8 6cb8 6cf8 6cf8 6cb8 74f8 74f8 6c76 6434 5350 31ca 2146 18c4 18c4 1082 0841 0841 0841 1082 0841 0841 0000 0000 0000 0000 0000 0000 0841 0841 0841 0841 0841 0841 0841 0801 0841 1082 1082 1082 1082 1882 1882 20c3 2903 3944 51c5 6a48 830a 938c 9b8c a42d ac2e b46f bcb0 c4f1 c4f1 c531 c531 cd32 cd32 cd72 cd72 cd72 d573 d573 d573 d5b3 d5b3 d5b3 ddb3 ddb3 ddb4 ddf4 ddf4 ddf4 ddf4 ddf5 ddf5 ddf4 ddf4 e5f4 e5f5 e5f4 ddf4 ddf4 ddb3 d5b3 ddb4 ddf5 e635 ee76 ee77 f677 ee77 ee77 ee77 ee77 ee77 ee77 ee77 ee77 ee77 ee78 ee77 ee77 ee77 ee77 ee77 ee77 ee77 ee77 ee77 f677 f678 f6b8 f6b9 f6f9 fef9 f6f9 f6b8 ee77 e636 ddb4 d573 ddb4 ccf1 bcb0 c4f0 ddf4 e635 e636 e677 e677 ee77 ee77 ee77 f636 e5b4 cc70 bbce b34c b34c ab0c e4f3 e4f3 e4f3 d4f1 ccaf ab8c bc6e d532 ddb4 e636 e636 ee77 ee77 eeb8 eeb8 ee77 ee77 e676 e636 e635 ddf5 d5b4 d573 cd72 cd32 c4f1 bcb0 bcb0 c4f0 cd31 d532 d572 ddb3 ddb3 ddb3 ddb4 ddf4 e5f5 e5f5 e635 e635 ee36 ee36 ee76 ee77 f6b7 ee77 ee77 ee77 ee77 e677 de38 f73b fffe ffff ffff ffff f7bf df3d cebb df3e 420b 3189 2989 31ca 2949 318a 2148 2989 2989 2989 2949 2147 2107 2147 18c5 10c5 10c6 18c6 1906 1906 1906 1084 1907 18c6 18c6 2107 2106 18c5 18c5 2107 1906 2988 2107 18c6 2989 10c6 2149 2148 6bd3 be7d 9539 a5bb a5bc 9dbb a5bb a5bb bebd 8cf6 2189 320a 318a 2949 39cc 318b 318b 318b 31cb 31cb 31cb 31cb 31cb 39cb 39cb 420c 31cb 31cb 39cb 31cb 318a 420c be3c d6ff cebe ceff c6bd d73f c6bd ceff 5b50 2149 4a8e 298a 318a 39cb 39cb 294a 318a 298a 2949 2949 2949 2949 2988 2948 3189 2106 39c9 2988 5acd a576 73d0 424a 
6477 6477 64b7 64b7 64b7 64b7 64b7 6cb8 64b7 64b7 6cb8 6cb8 6cb8 6cb8 6cb8 6cb8 6cb8 74f8 6cb8 74f8 74f8 6cb6 6c75 6433 4ace 2988 10c4 10c3 1082 0841 0841 0841 0841 0841 0841 0000 0000 0000 0841 0841 0000 0841 0841 0841 0841 0841 0841 0841 1041 1041 0841 0840 0841 1081 1882 20c2 2082 28c2 3944 51c5 6a48 830a 938c a3cd ac2e ac6e b4af bcb0 c4f1 c531 cd32 cd32 cd32 cd72 cd72 d573 d573 d573 d573 d573 ddb3 ddb3 ddb3 ddb4 ddb4 ddf4 ddf4 ddf4 e635 e635 e5f5 e5f5 e5f5 e5f5 e5f5 e5f5 e5f5 ddf4 ddf4 ddf4 ddf4 ddf4 e635 e636 ee77 ee77 ee78 ee78 ee78 eeb8 f6b8 ee78 f6b8 eeb8 f6b8 eeb8 eeb8 eeb8 eeb8 eeb8 eeb8 ee78 ee77 ee77 f677 f677 f677 f6b8 f6b8 f6b9 f6f9 f6f9 f6f9 eeb8 ee77 e636 e5f5 d573 dd73 d532 c4b0 bcb0 ddb3 e636 e636 e677 e677 ee77 ee76 ee36 f636 e5b4 ccb0 c42e b34c ab0c a28a e4f3 e4f4 e4f3 d4b1 cc6f a34b bc2e ccf1 dd73 e5f5 e636 ee77 ee77 eeb8 eeb8 ee77 e677 e636 e636 de35 ddf4 d5b4 d573 cd72 cd32 c4f1 bcb0 bcb0 c4f0 cd31 d532 d572 ddb3 ddb3 ddb3 ddb4 ddf4 ddf4 e5f5 e5f5 e635 ee36 ee76 ee36 ee77 f677 ee77 ee77 ee77 ee77 e677 e637 eeb9 f77c ffbe ffff f7ff e77e d6fc defe 52ce 39ca 318a 39cb 31ca 2949 31cb 31ca 31ca 2989 2148 2949 2948 2948 2948 2948 2147 1906 1906 1906 10c6 1085 1085 10c5 2107 2107 18c6 18c6 2947 2107 18c5 2107 10c5 2107 2988 1907 2949 2108 2108 1907 73d3 c6be a5bb a5bb 8cf8 ae3d a5bb a5ba c6be 8cf7 29ca 2189 31ca 39cb 318b 318b 318b 39cb 39cb 39cb 39cb 39cb 39cc 318b 31cb 31cb 420c 298a 420c 39cc 39cb 4a8e cebe cefe cefe d73f c6bd d73f cefe cefe 428d 218a 3a0c 3a0c 31cb 39cc 318b 31cb 31cb 318a 298a 298a 2989 2989 2989 2948 2147 2148 3189 1906 634f e73e cebb 
6477 6477 64b7 64b7 64b7 64b7 64b7 6cb8 64b7 64b7 6cb8 6cb8 6cb8 6cb8 6cb8 6cb8 6cb7 74f8 6cb7 6cf8 74f8 6cb7 74b6 6c74 6391 31c9 10c4 0882 0841 0841 0841 0800 0000 0000 0000 0000 0000 0000 0841 0841 0841 0841 1082 1082 1082 0841 0841 0841 1041 0841 0840 0840 0841 0841 1041 1041 20c2 3103 4185 5a06 7288 8b0a 9b8c a3cd ac2e ac6e b4af bcf0 c4f1 cd32 cd32 cd72 cd72 cd72 d573 d573 d573 d573 d573 d5b3 ddb3 ddb3 ddb4 ddb4 ddf4 ddf4 ddf4 ddf5 e635 e635 e635 e5f5 e5f5 e5f5 e5f5 e5f5 e5f5 ddf4 ddf4 ddf4 ddf4 ddf5 e635 e636 e636 ee77 ee77 ee77 ee78 eeb8 eeb8 ee78 ee78 ee78 ee78 ee78 ee78 eeb8 eeb8 eeb8 eeb8 eeb8 ee77 ee77 f677 f677 f677 f6b8 eeb8 eeb8 eeb8 eeb8 eeb8 eeb7 ee77 ee36 e5f5 ddb4 d532 cd32 bcaf b46f cd72 ddf4 ddf6 e637 e677 ee77 ee77 ee36 f636 e5b4 ccb0 c42f b34c ab0b 9a49 ecf3 ecf4 e4f3 d4b1 ccaf a34b bc2e ccf1 d573 e5f5 e636 ee77 ee77 eeb8 eeb8 ee77 e677 e636 e636 de35 ddf4 d5b3 cd73 cd72 cd32 c4f1 bcb0 c4b0 c4f0 cd31 d532 d572 ddb3 e5b3 ddb3 ddb4 ddf4 ddf4 e5f5 e5f5 e635 ee36 ee76 ee36 ee77 ee77 ee77 ee77 ee77 ee77 ee77 eeb8 e677 e6b9 ffbd ffff ef7e df3d df3d 7c32 31ca 31ca 318a 2949 39cb 31cb 298a 2989 31ca 31ca 318a 318a 318a 3189 2989 2949 2948 2148 2148 2148 10c6 10c5 2148 2148 1907 1907 2107 2107 18c6 2106 2948 18c6 2948 2107 18c6 2148 2107 2148 2148 2149 1908 6b92 cebf adfc a5bb a5bb ae3c ae3c bebe c6bf 84b6 31cb 298a 39cb 318b 318b 39cb 39cb 39cc 39cc 39cc 39cc 39cc 3a0c 39cc 39cc 39cc 39cc 31cb 424d 31cb 39cb 52ce e77f d6fe c6bd ceff cefe cefe cf3f c6bd 3a4d 3a0c 39cc 39cb 318b 39cc 31cb 31cc 31cc 31cb 31cb 31cb 318a 318a 2989 3189 2988 2148 3189 2948 5ace e73f 
6477 6477 6477 64b7 64b7 64b7 64b7 64b7 64b7 6cb8 6cb8 6cb8 6cb8 6cb8 6cb8 6cb8 74f8 6cb7 6cf8 74f8 6cb8 6cb7 6c75 5bd2 3a4c 1906 0043 0842 0842 0841 0000 0000 0000 0000 0000 0000 0000 0000 0000 0000 0841 0841 0841 0841 1082 1082 1082 0841 1041 0841 0840 0800 0800 0841 1081 1882 2903 3944 49c5 5a07 7288 8b0a 9b8c a3cd ac2e b46f b4af bcf0 c531 cd32 cd72 d573 d573 d573 d573 d573 d573 d573 d5b3 d5b3 ddb3 ddb4 ddb4 ddf4 ddf4 ddf4 ddf5 e635 e635 e635 e635 e635 e5f5 e5f5 e5f5 e5f5 e5f5 e635 ddf4 ddf4 ddf4 ddf4 de35 e635 e636 ee77 ee77 ee77 ee78 ee78 ee78 ee78 ee78 ee78 ee78 ee78 ee78 ee78 ee78 eeb8 eeb8 eeb8 ee77 ee77 f677 f677 f677 f678 ee78 eeb8 eeb8 eeb8 eeb8 eeb8 ee77 e636 ddf4 ddb4 d573 c4f1 c4b0 b46f ddb3 ddf4 e636 e636 e677 f6b7 ee77 ee76 f636 dd73 cc70 c3ce b38d ab0b 9208 ecf3 ed34 e4f2 d4b1 ccaf ab8c b3cd ccf1 d573 e636 ddf5 e637 ee77 ee77 ee77 ee77 ee77 e676 e636 e635 ddf5 d5b4 cd73 cd72 cd32 c4f1 bcb0 bcaf c4f0 d532 d532 dd72 ddb3 e5b3 ddb3 ddb4 ddb4 ddf4 e5f5 e5f5 e635 ee36 ee36 ee77 f677 f677 f677 f677 f677 f677 ee77 e677 eeb9 de78 e6fa fffe c679 d6fc 8cf4 31ca 3a0a 39cb 31cb 39cb 39cb 39cb 318a 318a 31ca 31cb 39cb 31ca 318a 298a 318a 31ca 318a 2989 31c9 2989 2188 2148 2148 2989 10c6 2949 2989 18c6 2948 2948 2107 2948 2107 2107 2148 2148 2148 2948 2948 2949 2949 1948 7434 ceff adfb ae3c adfc b67e b67e ae3c d73f 8cb6 31ca 39cb 31ca 420c 39cb 39cb 318b 39cc 39cc 31cb 420c 3a0c 3a0c 39cc 39cc 39cc 39cc 39cc 39cb 3a0b 31ca 6310 efbf d6fe cefe cefe cefe d73f cefe be3c 3a0c 31cb 31cb 420d 31cb 31cc 3a0c 39cc 31cb 39cc 39cc 31cb 31cb 298a 318a 2989 3189 2989 2147 31ca 5b0f 
6477 6477 6477 64b7 64b7 64b7 64b7 64b7 64b7 6cb8 6cb8 6cb8 6cb8 6cb8 6cb8 6cb8 6cb8 6cb8 6cf8 6cf8 74f8 6476 6c76 5350 2189 08c4 0042 0841 0841 0000 0000 0000 0000 0000 0000 0000 0000 0000 0000 0841 0000 0841 0841 0841 0841 0841 0841 0841 0800 0800 0000 0840 0841 0841 1882 20c2 28c3 3144 4985 5a07 7288 8b0a 9b8c a3cd ac2e b46f bcb0 c4f1 c531 cd32 d573 d573 d573 d573 d573 d573 d573 d5b3 d5b3 d5b3 ddb3 ddb4 ddf4 ddf4 ddf4 ddf4 ddf5 e635 e635 e635 e635 e635 e635 e5f5 e5f5 e5f5 ddf4 ddf4 ddf4 ddf4 ddf4 ddf4 ddf5 e635 ee76 ee77 ee77 ee77 ee77 ee77 ee78 ee78 ee78 ee78 ee78 ee78 ee78 eeb8 eeb8 eeb8 eeb8 f6b8 f678 ee77 f677 f677 f677 f678 ee78 eeb8 eeb9 eeb8 eeb8 eeb8 e677 e636 ddb4 d573 d532 dd73 ac2d c4f0 d5b3 ddf4 e636 e636 e677 f6b7 ee77 f677 f636 dd33 c46f bbcd b38d b34c 9a8a e4f3 ecf4 e4f3 dcf1 ccaf ab8c b42d ccf1 d573 e5f5 e635 ee77 ee77 eeb7 ee77 ee77 ee77 e676 e636 de35 ddf5 d5b4 d573 cd72 cd32 c4f1 bcb0 bcb0 ccf1 d532 d572 dd73 ddb3 e5b4 e5b4 ddb4 ddf4 ddf4 e5f5 e5f5 e636 ee36 ee36 ee36 ee77 f677 f677 f677 f677 ee76 ee36 eeb8 de37 de78 d678 ffbe c639 9535 29c8 3a0a 3a0b 39cb 39cb 39cb 3a0b 39cb 39cb 3a0b 31cb 318a 318a 31cb 39cb 39cb 39cb 318a 2989 31ca 2989 3a4c c67c 320a 29ca 2148 424c 2989 2148 31ca 2949 318a 2948 2948 2948 2948 2948 2948 2948 2948 2949 2108 298a 298a 2989 7433 d73f b63c b63d ae3d be7f be7f be7e ceff 8cb5 31ca 424b 39cb 39cb 420c 39cb 39cc 4a4d 39cb 39cb 3a0c 3a0c 3a0c 3a0c 39cc 39cc 39cc 3a0c 39cb 3a0b 424c 6350 efff cefd d73e d73e cefe d73f df7f adfa 3a0b 3a0c 31cb 39cb 31cb 39cc 39cc 3a0c 39cc 31cb 318a 31cb 31cb 31ca 318a 2989 2989 2948 2948 31ca 
6477 6477 6477 64b7 64b7 64b7 64b7 64b7 64b7 6cb8 6cb8 6cb8 6cb8 6cb8 6cb8 6cb8 6cb7 74f8 6cf8 6cb7 74f8 6435 6c34 3a8d 1106 0883 0042 0801 0000 0000 0841 0841 0000 0000 0000 0000 0000 0000 0841 0841 0000 0000 0841 0000 0000 0000 0000 0000 0000 0000 0800 0841 0841 0841 1882 20c2 3104 3985 51c6 6247 7289 830a 9b8c a3cd ac6e b46f bcb0 c4f1 c531 cd32 d573 d573 d573 d573 d573 d5b3 d5b3 d5b3 d5b3 d5b3 ddb4 ddb4 ddf4 ddf4 ddf4 ddf4 ddf5 e635 e635 e635 e636 e635 e635 e5f5 e5f5 e5f5 ddf4 ddf4 ddf4 ddf4 ddf4 ddf4 e5f5 e635 ee36 ee76 ee77 ee77 ee77 ee77 ee77 ee77 ee77 ee77 ee77 ee77 ee77 ee77 ee77 ee77 ee77 ee77 ee77 ee77 ee77 ee77 f677 f677 ee77 eeb8 eeb8 eeb8 f6b8 eeb7 e636 ddf5 ddb4 d573 d573 d532 b46f cd31 ddb3 ddf5 e5f6 e637 ee77 f6b7 ee77 f677 f636 d532 c42f b38d b34d ab4c a2cb e4f3 e4f3 e533 dd32 ccaf ab8c bc2e cd32 d573 e5f5 e636 ee77 ee77 eeb8 eeb7 ee77 ee77 e676 e636 de35 ddf5 d5b4 d5b3 cd72 cd32 c4f1 bcb0 c4f0 cd31 d572 dd73 ddb3 ddb3 e5f4 e5f4 ddf4 ddf4 ddf4 e5f5 e635 ee36 ee36 ee37 ee77 ee77 ee77 f677 ee77 ee77 ee77 ee77 ee78 de37 eefa e6fb ef7c 9cf3 3a0a 2988 3a0a 3a0b 39cb 39cb 39cb 3a0c 3a0c 39cb 39cb 39cb 39cb 39cb 39cb 3a0b 39cb 318a 39cb 31ca 39cb 428d be7c adfa b63b 7433 29ca 2989 31ca 3a0c 39cb 39cb 318a 318a 318a 3189 3189 2989 2949 2949 2949 2949 318b 318b 2149 31ca 2989 7c73 df7f be7d bebe be7f c6bf be7e d73f d6fe 8cf5 31c9 31ca 420c 31cb 3a0c 424d 31cb 39cb 420d 3a0c 3a0c 3a0c 3a0c 39cc 39cc 39cc 3a0c 39cb 39ca 3a0a 31ca 8cf5 e7bf d73e cefd cf3e cf3e d73e d73f a5b9 320b 3a0b 3a0c 31cb 31cc 31cc 39cc 39cc 31cb 31cb 31cb 31cb 31ca 31ca 318a 318a 318a 2989 2107 
6477 6477 6477 64b7 64b7 64b7 64b7 64b7 64b7 6cb8 6cb8 6cb8 6cb8 6cb8 6cb8 6cb8 6cb8 74f9 6cf8 6cb7 74f7 6434 5351 21c9 1106 1084 0882 0841 0000 0000 0841 0841 0841 0000 0000 0000 0000 0000 0000 0000 0000 0000 0841 0841 0000 0000 0000 0000 0000 0800 0841 0841 0841 0841 1081 1882 3144 4185 5a07 6a88 7ac9 8b0a 9b8c a3cd ac6e b46f bcb0 c4f1 c531 cd32 cd72 d573 d573 d573 d573 d5b3 d5b3 d5b3 d5b3 ddb4 ddb4 ddb4 ddf4 ddf4 ddf4 ddf4 ddf5 e635 e635 e635 e636 e636 e635 e5f5 e5f5 ddf4 ddb4 ddb4 ddb3 d5b3 ddb4 ddb4 ddf4 e5f5 e636 e636 e636 e636 e636 e636 e636 e636 e636 e636 ee36 e636 e636 e636 e676 e676 ee76 ee76 ee36 e636 ee36 ee36 ee36 ee36 ee77 ee77 ee78 eeb7 ee77 ee77 e636 ddb4 ddb4 e5b4 c4b0 bc6f ccf1 d573 ddb4 e635 e5f6 e637 ee77 eeb7 f677 f677 f636 d4f2 c46f b38d b34c a2cb a2cb e4f3 e4f3 e533 dd32 ccaf abcc bc6e d532 d573 e5f5 ee36 ee77 eeb8 eeb8 eeb8 ee77 ee77 e676 e636 ddf5 ddf4 ddb4 d5b3 cd72 c531 c4f1 c4b0 cd31 cd32 d573 ddb3 ddb3 ddb4 e5f4 e5f4 ddf4 ddf4 e5f5 e5f5 e636 ee36 ee37 ee77 ee77 ee77 ee77 ee77 ee77 ee77 f677 eeb8 e678 eefa de79 fffe ffff a535 2987 3a0a 3a0b 3a0b 3a0b 39cb 39cb 39cb 39cc 39cb 39cb 3a0c 420c 3a0c 39cb 39cb 39cb 31cb 3a0b 31cb 3a4c be7c be7c a5b9 be7c cf3f a5b9 3a0c 3a0c 3a0b 3a0c 318a 3a0b 3a0b 39cb 39cb 39cb 31ca 318a 318a 318a 318a 318b 294a 318a 31ca 31ca 320b 9537 e77f c6be c67e cebf c6bf c6be d73f d73e 8cf5 3a0b 39cb 420c 3a0c 31cb 3a0c 420c 3a0c 3a0c 3a0c 39cc 39cc 39cc 39cc 39cc 3a0c 39cb 420b 31ca 424c 424c 9536 efff cefd df7f cefd d73e d73f df7f 9d77 320b 31cb 420c 3a0c 39cc 31cb 31cb 39cb 3a0c 31cb 318a 318a 31cb 31ca 2989 31ca 39cb 2989 
6477 6477 6477 64b7 64b7 64b7 64b7 64b7 64b7 6cb8 6cb8 6cb8 6cb8 6cb8 6cb8 6cb8 6cb8 6cf8 6cf8 74b8 6c76 6c74 324c 1947 2146 18c4 1082 0841 0800 0841 0841 0841 0841 0000 0000 0000 0000 0000 0000 0000 0841 0841 0000 0841 0841 0841 0000 0000 0800 0840 0841 0841 0840 0840 1041 1882 2903 3985 5207 6a88 7ac9 8b4b 9b8c ac2d ac6e b46f bcb0 c4f1 c531 cd32 cd72 cd72 d573 d573 d573 d5b3 d5b3 d5b3 d5b3 d5b3 ddb4 ddf4 ddf4 ddf4 ddf4 ddf5 ddf5 e635 e636 e636 e636 e636 e635 e5f5 ddf4 ddb4 ddb4 d5b3 d573 cd72 d572 d573 d5b3 ddb4 e5f5 e5f5 e5f5 ddf5 e5f5 e5f5 e5f5 e635 e635 e635 e635 e635 e635 e635 e635 e635 e636 e636 e636 e635 e635 e635 e636 e636 ee36 ee37 ee77 e676 ee76 e636 e5f5 ddb5 ddb4 c4b0 8288 bcb0 cd32 e5b4 ddb4 e636 e5f6 ee37 ee77 ee77 ee77 f677 f636 d532 c46f b38d ab4c 9a89 ab4c ed34 e534 e533 dcf2 ccaf b42d c4af d532 d5b3 e5f5 ee77 ee77 eeb8 f6b8 eeb8 ee77 ee77 e636 e636 ddf5 ddf4 ddb4 d5b3 cd72 c531 c4f1 c4f1 cd32 d572 d573 ddb3 ddb4 ddf4 ddf4 e5f4 e5f4 e5f4 e5f5 e635 e636 ee36 ee37 ee77 ee78 ee77 ee78 ee78 ee78 ee77 ee77 eeb8 e678 de79 fffe ffbe ffff ffff 4a8b 31c8 420a 420b 420b 420c 3a0c 3a0c 3a0c 3a0c 3a0c 3a0c 3a0b 39cb 3a0b 3a0c 420c 420c 3a0b 3a0c a5b9 c6bd c6bd a5fa ae3a d73f df7f b5fb 31cb 3a0c 298a 424d 31cb 3a0c 39cc 39cc 3a0c 39cb 39cb 39cb 39cb 39cb 39cb 318b 420c 2949 424c 31ca 3a0c a579 e77f c67d cebe d73f cefe d73f cefe df7f 8cb5 318a 420c 420c 318a 424d 31cb 3a0b 3a0c 3a0c 3a0c 3a0c 3a0c 3a0c 3a0c 3a0c 3a0c 3a0b 39cb 420c 31ca 424c adb9 e7bf cefd cefe df7f df7f cefd e7bf 8cf6 320b 320b 39cb 3a0c 3a0c 31cb 39cb 3a0b 318a 31ca 298a 31ca 31ca 2949 2989 31ca 318a 
6477 6477 6477 64b7 64b7 64b7 64b7 64b7 64b7 6cb8 6cb8 6cb8 6cb8 6cb8 6cb8 6cb8 6cf8 6cb8 6cf8 74f8 6475 6433 2189 1947 2146 18c4 1082 0841 0800 0841 0842 0841 0841 0000 0000 0841 0841 0000 0000 0841 0841 0841 0000 0841 0841 0841 0000 0000 0840 0840 0841 0841 0840 0840 1041 1882 2903 4185 5a07 6a89 830a 934b 9bcc ac2d ac6e b46f bcb0 c4f1 c4f1 cd32 cd32 cd72 cd72 d573 d573 d5b3 d5b3 d5b3 ddb4 ddb4 ddb4 ddf4 ddf4 ddf4 ddf4 e5f5 e635 e635 e635 e635 e636 e635 e5f5 ddf5 ddb4 ddb4 ddb4 d573 cd32 c531 cd31 cd32 d573 d5b3 ddb4 ddb4 ddb4 ddb4 ddf4 ddf4 e5f5 e5f5 e5f5 e635 e5f5 e635 e635 e635 e635 e636 e636 e636 e635 e635 e635 e635 e635 e635 ee36 ee36 e636 e636 e636 e636 e636 e5f5 ddb4 7a48 6184 bc70 cd32 d573 e5f5 e5f5 e636 ee37 ee77 ee77 ee77 f677 f677 dd73 bc2f b38d b34c 9a89 bb8e ed74 e534 e533 d4f1 c4af bc6f c4b0 d573 ddb4 ddf5 ee77 ee77 eeb8 f6b8 f6b8 ee77 ee77 ee36 e636 ddf5 ddf4 ddb4 d5b3 cd72 c531 c4f1 cd32 d572 d573 d5b3 ddb4 ddf4 ddf4 ddf4 e5f4 e5f5 e5f5 e5f5 e635 ee36 ee37 ee77 ee77 ee77 ee77 ee78 f6b9 f6b8 ee77 e677 e678 de78 ffbe ffff ffff ffff f7ff c639 31c8 420a 420a 420b 420b 420c 3a0c 3a0c 420c 3a0c 3a0b 39cb 3a0c 420c 420c 39cb 31cb 3a0c a578 d6ff c6bd d73f ae3b dfbf cf3f d73f df3f 9d38 31cb 3a0c 39cb 3a0c 31cb 39cc 3a0c 3a0c 3a0c 39cc 39cb 39cc 3a0c 420c 39cc 31cb 4a4d 318b 318a 420c 3a0c b5fa e77f df3f d73e d73f d77f cefe d73f d6ff 8c75 3a0b 31ca 424c 39cb 31cb 420c 3a0c 3a0c 3a0c 3a0c 3a0c 3a0c 3a0c 3a0c 3a0c 39cb 424d 3a0b 31ca 420c 3a0b b5fa df7f df3f cefd cefe d77f cefd e7ff 8cf6 320b 318a 31cb 3a0b 31cb 31ca 31cb 318a 31ca 2989 2989 318a 318a 318a 318a 298a 
6477 6477 6477 64b7 64b7 64b7 64b7 64b7 64b7 6cb8 6cb8 6cb8 6cb8 6cb8 6cb8 6cb8 6cb8 6cb8 6cf8 74f8 6434 4b10 1948 2146 2105 1882 1041 1040 0800 0841 0842 0842 0841 0841 0841 0841 0841 0841 0841 0841 0841 0841 0841 0841 0841 0841 0000 0840 0800 0800 0800 0840 0840 0840 1041 1881 3103 4185 5a07 72c9 830b 938c a3cd a42d ac6e b46f bcb0 c4f1 c4f1 cd32 cd32 cd32 cd72 d573 d573 d5b3 ddb4 ddb4 ddb4 ddb4 ddb4 ddf4 ddf4 ddf4 ddf5 e5f5 e635 e635 e635 e635 e635 e635 e5f5 ddf4 ddb4 d5b3 d573 cd32 c4f1 bcb0 bcb0 c4f1 d532 d573 d573 d5b3 ddb3 ddb3 ddb4 ddb4 ddf4 e5f4 e5f5 e5f4 e5f5 e635 e635 e635 e635 e636 e636 e636 e635 e635 e635 e635 e636 e636 ee36 ee36 e636 e636 e636 e636 e5f5 e5f5 ddb4 5943 6185 abcd c4b1 cd32 ee36 e5f6 ee37 ee37 ee77 ee77 ee36 ee76 f677 e5b4 c470 b3cd b38c 9289 c3cf e533 dcf3 dd33 d4f1 ccf0 ccb0 ccf1 dd73 ddb4 ddf5 ee76 ee77 eeb8 f6b8 ee78 ee77 ee77 ee36 e636 ddf5 ddf4 d5b4 d5b3 cd72 c532 cd31 cd72 d5b3 d573 d5b3 ddf4 e5f4 ddf4 ddf4 e5f4 e635 e635 e635 e635 ee36 ee37 ee37 ee77 ee78 ee78 ee78 f6b9 eeb8 e677 e677 eeb9 ffbd ffbf ffbe ffff ffff ffff f7ff 8cb3 4a8b 424a 420a 420b 420c 3a0c 3a0c 3a0c 3a0b 39cb 3a0b 420c 420c 39cb 39cb 420c 8c75 e77f cefe d73f c6fe c6fe d77f cf7f c6bd c6bd cebe 6bd3 320c 298a 31cc 39cc 31cb 39cc 39cc 3a0c 39cc 39cc 39cc 3a0c 31ca 31ca 39cb 420c 39cc 4a4d 39cb 420c 3a0b c67b df7f c6bc d73e d73f ceff df7f df3f efbf 8474 3a0b 3a0b 3a0b 424c 31cb 3a0c 3a0c 3a0c 3a0c 3a0c 3a0c 3a0c 3a0c 39cc 3a0c 420d 39cc 420c 31cb 3a0b 52ce cebd df3f d73e d73f d73e cf3e cf3e df7f 7c74 4a8d 318a 39cb 31cb 31ca 31ca 318a 318a 298a 2989 2989 31ca 318a 3189 318a 
6477 6477 6477 64b7 64b7 64b7 64b7 64b7 64b7 6cb8 6cb8 6cb8 6cb8 6cb8 6cb8 6cb8 6cb8 6cf8 6cf8 74f8 6434 324c 1906 2146 2104 1882 1041 1041 0841 0841 0882 1082 1082 0841 0841 1082 0841 0000 0841 0841 0841 0841 0841 0841 0841 0000 0000 0841 0800 0800 0800 0800 0840 0800 1041 1041 28c2 3944 5207 72c9 834b 9b8c a3cd ac2e b46f b46f bcb0 c4f1 c4f1 cd32 cd32 cd32 d573 d573 d573 d5b3 ddb4 ddb4 ddb4 ddb4 ddb4 ddb4 ddf4 ddf4 ddf5 e5f5 e635 e635 e635 e635 e635 e635 e5f5 ddb4 ddb4 d573 cd32 c4f1 bc6f b46f b46f bcb0 ccf1 d532 d572 d572 d573 ddb3 ddb3 ddb3 ddb4 ddf4 e5f4 e5f4 e5f4 e5f5 e635 e635 e635 e635 e636 e636 e636 e635 e635 e635 e636 e636 e636 ee36 ee36 e636 e636 e636 e5f5 ddb4 ddb4 69c5 7206 9b4c abce ddb4 ddb4 ee37 ee37 e637 ee77 ee77 ee36 ee36 f677 edf5 ccf1 bbce ab8c 9289 bbce dcb2 d4b2 dd33 ccf1 ccf0 cd31 d531 ddb3 ddf4 ddf5 e636 ee77 eeb7 f6b8 ee78 ee77 ee77 ee36 e636 ddf5 ddb4 d5b4 d5b3 cd72 c532 cd32 d573 ddb3 d5b3 ddb3 ddf4 e5f4 ddf4 ddf4 e5f5 e635 e635 e635 ee36 ee36 ee36 ee37 ee77 ee78 ee78 ee78 eeb8 ee78 e678 eeb9 f6fb ffbe ffbe ffff ffbe ffff ffff f7bf ffff 5b0d 4a8b 420a 420a 420c 420c 3a0c 3a0c 3a0c 3a0b 3a0b 3a0b 31ca 31ca 4a8d 6b51 e77f d6ff df3f c6bd c6bd b63b adfa adfa 9537 84b6 9538 b5fb 5b51 298a 298a 298a 31cb 31cb 39cc 39cb 39cb 39cb 39cb 3a0b 420b 3a0c 420d 318a 420d 420d 318b 420c 420b 424b c6bc e7bf cefd d73f d73f cf3f df3f d6fe df3f 8475 31cb 3a0b 31ca 3a0c 3a0b 3a0c 3a0c 3a0c 3a0c 3a0c 3a0c 3a0c 424d 31cb 420c 3a0c 31cb 420c 424d 31cb 424c c67c df7f d73e c6bd df7f c6fd cefe df7f 7c33 31ca 31cb 3a0b 31ca 318a 2989 2949 318a 3189 2949 2989 2949 2949 318a 
6477 6477 6477 6477 64b7 64b7 64b7 64b7 64b7 6cb8 6cb8 6cb8 6cb8 6cb8 6cb8 6cb8 6cb8 74f8 6cb8 74f7 6434 21ca 1905 18c4 20c3 1882 1041 1082 0041 0041 18c3 1082 0841 1082 18c3 0841 1082 0841 1082 1082 0841 0841 1082 0841 0841 0000 0841 0840 0800 0000 0000 0800 0840 0841 1041 1041 1881 3103 5207 6a89 8b8c 9bcc a42d ac2d b46f ac6e bcb0 c4f1 c4f1 cd32 cd32 cd72 cd72 d573 d5b3 ddb4 d5b4 d5b3 d5b3 d5b3 ddb3 ddb4 ddf4 ddf4 ddf4 ddf5 e5f5 e5f5 e5f5 ddf5 e5f5 e5f5 ddf4 ddb4 d5b3 cd72 c4f1 b4b0 ac2e a3cd a3cd c4b1 ccf1 cd31 d572 cd31 d572 d572 dd73 d5b3 e5f5 d5b3 ddf4 e5f4 e5f4 e5f5 e635 e635 e636 e636 e636 e636 e636 e636 e635 e635 e635 e5f5 e5f5 e5f5 e5f5 e5f5 e5f5 e5f5 e5f5 e5f5 ddb4 bcb0 9b8c 9b8c b46f d573 e5f5 e636 e637 e677 e677 ee77 ee76 ee36 ee36 f636 dd73 b3ce b38d 9aca bbce d471 dcf2 dcf2 d531 d531 d572 d572 ddb3 ddf4 e635 e636 ee77 ee77 eeb7 ee77 ee77 ee77 e636 ddf5 ddf5 d5b4 d5b3 d5b3 cd73 cd32 cd72 d5b3 d5b3 ddb4 ddf4 e5f5 e5f5 e5f4 e5f5 e5f5 e635 e636 e636 ee36 ee36 ee76 ee76 ee77 f6b8 e677 e677 eeb9 e6b9 e679 eefb fffe ffff ffff ffff ffff ffff ffff ffff ffff efbe 4249 3a09 420a 420b 424c 31ca 3a0b 3a0b 3a0b 31cb 3a0c 31cb 31ca 5b10 df3f c67d be7c b63a adf9 be7b cebc 6b90 6b90 8cb6 7c34 73d3 7434 a5ba 4a8f 298b 1949 29cb 29cb 298a 31ca 39ca 31ca 39ca 39ca 3a0b 39cb 31cb 39cb 39cc 39cc 39cc 39cc 31cb 424c 424c be3b e77f cebd df3f d73e d73f d73f cf3f df7f 73d3 320b 424d 318a 420c 318b 420d 3a0c 39cc 420d 39cc 3a0c 3a0c 3a0b 3a0c 3a0c 3a0c 3a0c 420c 420c 424c 424c be3c e77f cefe cebd d73f c6bd c6be df7f 84b5 320c 29ca 31ca 3189 2948 2948 2948 2108 3189 3189 2949 318a 2148 
6477 6477 6477 6477 64b7 64b7 64b7 64b7 64b7 6cb8 6cb8 6cb8 6cb8 6cb8 6cb8 6cb8 6cb8 74f8 6cb8 6cb7 63d3 2189 18c4 20c3 20c3 1882 1081 1082 0842 0842 18c3 1082 0841 1082 18c3 1082 1082 0841 1082 0841 0841 0841 18c3 0841 0841 0841 1082 0840 0800 0000 0000 0800 0800 0800 0841 1041 1881 28c3 4985 6247 834b 938b a3cc a42d b46f ac6f bcb0 c4f1 c4f1 c531 c532 cd32 d573 d573 d573 d573 d5b3 d5b3 d5b3 d5b3 ddb3 ddb4 ddf4 ddf4 ddf4 ddf5 e5f5 e5f5 e5f5 ddf5 e5f5 e5f5 ddf4 ddb3 d572 c531 ac6f a3ce 9b8c 9b8c a38d c4b0 ccf1 ccf1 ccf1 d572 d531 cd31 ddb3 d5b3 d573 e5f5 e5f4 e5f4 e5f5 e5f5 e635 e636 e636 e636 e636 e636 e636 e636 e636 e636 e635 e635 e5f5 e5f5 e5f5 e5f5 e5f5 e5f5 edf5 ee35 e5f5 d573 c4f1 bcb0 c532 ddb4 e636 ee36 e677 e677 e677 ee77 ee76 ee36 ee36 ee36 e5b4 bc70 b3cd 9b0a c42f d4b1 d4b1 d4f2 d572 d572 d5b3 ddb3 ddb3 e5f4 e635 ee35 ee76 ee76 ee77 ee77 ee77 ee77 e636 de35 ddf5 d5f4 d5b3 d5b3 cd72 cd72 cd72 d5b4 ddb4 ddf4 ddf4 e5f5 e5f5 e5f5 e5f5 e5f5 e636 e636 e636 ee36 ee36 ee76 ee76 ee77 ee76 ee77 e678 de78 de78 eefb ffbd ffff ffff ffff ffff ffff ffff ffff ffff ffff ffff ceba 2146 39c9 3a0a 3a0a 4a8d 318a 420b 318a 420c 31ca 298a 4a8e cebe b63b adfa a5b8 cebd e77f e77e ffff ef7f ce7b 6350 6b92 9d38 8cb6 73d4 9d79 4acf 1108 1107 1949 29ca 2148 2989 2988 2147 39ca 31ca 318a 318a 31cb 31cb 31cb 31cb 39cc 420d 39cb 3a0b 424c c67c df3f d6fd cefd cf3e c6fe c6fe d73f d73f 73d3 31cb 424d 318b 424d 318b 318b 420d 39cc 3a0c 39cc 39cb 39cb 39cb 39cb 39cb 3a0b 3a0c 3a0c 31cb 424c 428d c6bd d6ff d6ff c6bd d6ff d73f bebd d77f 7433 29ca 31ca 2989 39ca 3148 3188 2907 2948 2948 2108 2989 2989 
6477 6477 6477 6477 64b7 64b7 64b7 64b7 64b7 6cb8 6cb8 6cb8 6cb8 6cb8 6cb8 6cb8 6cb8 74f8 6cb8 6cb7 5bd3 1948 18c4 2103 28c3 20c2 1082 1083 0882 0882 18c3 1082 1082 1082 1082 18c3 1082 18c3 0841 0841 0000 0841 18c3 0841 0841 0841 1082 0840 0800 0800 0000 0000 0000 0000 0800 0800 1041 2081 3944 5a06 834b 938c a3cd ac2e ac2e ac2e bcb0 c4f1 c4f1 c531 c531 cd31 d572 d572 cd72 d572 d573 d5b3 ddb3 d5b3 d5b3 ddb3 ddb4 ddf4 ddf4 ddf4 e5f5 e5f5 e5f5 ddf4 e5f5 e5f5 ddb4 d5b3 cd32 bcf0 a42e 938c 8b4b 934c a38d c4b0 c4b0 ccf1 ccf0 cd31 d531 cd31 cd31 d573 ddb4 ddf4 e5f4 e5f4 e5f5 e5f5 e636 e636 e636 ee37 ee77 ee77 e676 e676 e636 e636 e636 e636 e635 e5f5 e5f5 e5f5 e5f5 e635 ee35 ee35 ee35 e5f5 ddb4 d5b3 ddb4 ddf5 e636 ee37 e677 e677 e677 ee77 ee76 ee36 ee36 edf6 edf5 ccf1 abcd 9aca c470 d4b1 d4b1 dd32 ddb3 ddb3 ddb3 ddb4 ddf4 e5f5 e635 ee35 e636 ee76 ee76 ee76 ee77 ee76 e636 ddf5 ddf4 ddf4 d5b4 d5b3 cd72 cd72 d5b3 ddb4 ddf4 ddf4 ddf5 e5f5 e5f5 e5f5 e635 e635 e636 e636 ee36 ee36 ee36 ee76 ee76 ee77 e677 ee78 e678 de78 e6fa ffbd ffff ffff ffff ffff ffff ffff ffff ffff ffff ffff ffff ffff b5f8 18c5 2947 31c9 39ca 31ca 2948 39ca 31ca 2148 424c be3b 9d37 9d37 94f6 b63a df3f efbf ffff efbf ffff ef7e efbf 9d37 2949 73d2 9d38 84b5 8cf7 7434 2149 1949 10c7 2148 1907 2989 2948 2147 2949 2949 2989 318a 31ca 31cb 31cb 39cb 31cb 31cb 3a0b 31cb 31ca c67b df3f d6fd d73e c6bd d73f cf3f df7f df7f 6b92 31cb 3a0c 39cb 31cb 424d 39cc 318b 420d 3a0c 3a0b 3a0b 39cb 39cb 3a0c 3a0c 3a0c 3a0c 39cb 3a0b 3a4c 298a c6bd d6fe c6bc c6bd c6fe c6be ceff e7bf 7c33 2989 2989 2148 2948 2948 2107 2948 2948 2147 2948 2989 
6477 6477 6477 6477 64b7 64b7 64b7 64b7 64b7 6cb8 6cb8 6cb8 6cb8 6cb8 6cb8 6cb8 6cb8 74f8 6cb8 6cb7 5b92 1948 10c4 2904 2903 20c3 1082 1083 1083 1082 18c3 1082 1882 18c3 1082 18c3 18c3 18c3 0841 0841 0000 1082 18c3 1082 0841 0841 18c3 1082 0800 0000 0000 0000 0000 0000 0000 0800 1040 1841 3103 51c6 834b 938c 9bcd a42d a42d a3cd b46f bcb0 c4f0 ccf1 c531 cd31 cd32 cd32 cd72 d572 d572 d5b3 d5b3 d573 d573 d5b3 ddb4 ddb4 ddf4 ddf4 ddf4 e5f5 e5f5 ddf5 e5f5 ddf4 ddb4 d573 c531 b4af a42e 8b4b 8b4b 934c a3cd c4b0 c4b0 ccf0 ccf1 c4f0 ccf0 cd31 c4f1 ddb3 e5f5 d573 ddf4 ddf4 e5f5 e5f5 e5f5 e636 e636 ee77 ee77 ee77 ee77 ee77 ee77 ee76 ee36 e636 e636 e635 e635 e5f5 e5f5 e5f5 edf5 ee35 edf5 e5f4 ddb4 ddb4 ddf5 e5f5 ee36 ee36 e677 e677 ee77 ee76 ee36 ee36 e636 e5f5 edf5 dd73 abcd 92ca c46f d4b1 dcf2 e573 ddb4 ddb3 ddf4 ddf4 ddf4 e5f5 e635 e635 e636 ee76 ee76 ee36 e676 e636 e636 ddf5 ddf4 ddf4 ddf4 cd73 cd72 cd73 ddb4 ddf4 ddf4 ddf5 e5f5 e5f5 e5f5 e5f5 e635 ee36 ee36 ee36 ee36 ee36 ee36 ee76 ee76 ee77 eeb8 e677 de78 eefa ffbd ffff ffff ffff ffff ffff ffff ffff ffff ffff ffff ffff f7ff ffff ffff ad76 10c4 2106 3189 39ca 420a 3189 2947 5ace b5f9 8cb5 8474 6350 7c32 c67b df7e e77e ffff e77d efbe f7ff ffff f7ff e77f 73d1 31c9 a578 9d78 8cf6 9d38 530f 1907 1908 1907 18c7 2148 2108 2948 2948 2948 2989 298a 318a 31ca 31cb 318a 3a0c 3a0b 3a0b 3a0b 31c9 adb9 d73e c6fd c6fd cf3e cefe c6bd cefe e7bf 7433 320b 31ca 3a0c 318a 318a 3a0b 39cb 39cb 39cb 3a0b 3a0c 3a0c 3a0c 3a0c 3a0c 3a0c 424d 3a0c 31cb 29ca 29ca c67c cebd cefe c6bd d73f c6be cefe df7f 6b92 2989 2148 2148 2988 2147 2147 2948 2948 2147 2147 
6477 6477 6477 6477 64b7 64b7 64b7 64b7 64b7 6cb8 6cb8 6cb8 6cb8 6cb8 6cb8 6cb8 6cb8 74f8 6cb8 6cb7 5392 1107 10c4 2904 2903 2903 18c3 1083 1083 1082 1882 1882 18c3 18c3 1082 2104 18c3 2104 0841 0000 0841 1082 2104 18c3 1082 1082 2104 20c3 0800 0800 0000 0000 0000 0000 0000 0800 0800 1040 28c2 4185 72ca 834b 938c 9bcd ac2e a3cd b46e b4af bcb0 c4f1 c4f0 c4f0 bcf0 c4f1 cd32 d572 d572 cd72 d572 d572 cd72 d573 ddb4 ddb4 ddb4 ddb4 ddf4 e5f5 e5f5 ddf4 ddf4 ddb4 d5b3 d573 c4f1 ac6f 938d 7b0a 830a 8b4b abce c4b0 ccf1 ccf1 ccf0 ccf0 c4f0 c4f0 ddb3 d573 cd31 d572 ddb4 ddb4 e5f5 e5f5 e636 e636 ee37 ee77 ee77 ee77 ee77 ee77 ee77 ee77 ee77 ee77 ee36 ee36 e635 e5f5 e5f5 e5f5 e5f4 e5f4 e5f5 ddb4 ddb4 ddb4 e5f5 ee36 ee37 ee37 ee76 e677 ee77 ee76 ee36 e636 e5f5 e5f5 e5b4 e5b4 abcd 930a c470 d4f2 dd73 e5b4 ddb4 ddf4 ddf4 ddf4 e5f4 e5f5 e635 e635 e636 ee76 ee36 e636 e636 e636 e635 ddf5 ddf4 ddf4 d5b4 cd73 cd72 d5b3 ddf4 ddf4 ddf5 e5f5 e5f5 e5f5 e5f5 e635 e635 ee36 ee36 ee36 ee36 ee36 ee76 ee77 ee77 ee77 e677 de77 eeb9 ffbc ffff ffff ffff ffff ffff ffff ffff ffff ffff ffff ffff ffff ffff f7ff f7bf ffff a535 0843 1084 18c6 1906 39c9 7c31 ad77 8473 630e 4a8c 5b4e 7c31 adb8 df3d efbf f7ff f7ff ffff ffff f7bf efbf f7ff ffff cebb 5b0e 84b4 9d78 9d38 9d78 9d38 31ca 2149 2148 1908 2989 2948 2948 2948 2148 2948 2949 2989 298a 3a0b 31ca 3a0b 31ca 39ca 3a0a 2989 9d36 d73e cefd c6fd c6fd d73f bebc d73f df7f 7c74 31ca 29ca 420c 31cb 39cb 420c 39cb 39cb 39cb 39cc 39cc 39cb 39cc 39cc 3a0c 420c 31cb 31cb 31cb 31cb 31ca c63c d73f c6bd cefe c6bd be7c be7d cefe 6391 1907 2148 2188 2148 1906 1906 2146 2106 2106 
6477 6477 6477 6477 64b7 64b7 64b7 64b7 64b7 6cb8 6cb8 6cb8 6cb8 6cb8 6cb8 6cb8 6cb8 74f8 6cb8 6cb7 5392 1107 10c4 2904 2903 3104 18c3 1083 1083 1082 1883 20c3 2104 18c3 18c3 2104 2104 18c3 1082 0000 0841 1082 2945 2104 18c3 1082 2104 2104 0841 0000 0000 0000 0000 0000 0000 0801 0000 0800 1881 3103 5a48 730a 8b8c 93cd a3cd 9b8c a42d ac2e ac2e b46f ac6e b46f bcb0 bcf0 c531 cd32 cd31 c531 cd31 cd32 cd32 cd72 d573 d5b3 ddb4 ddb4 ddb4 ddf4 e5f5 ddf4 ddf4 ddb4 d573 cd72 bcf0 a42e 8b4c 7289 7aca 934b ac2e c4b0 ccf1 ccf1 ccf1 c4f0 cd32 cd31 bcb0 9b8b ac2e cd32 ddb4 ddb4 e5f5 e5f5 e636 e636 ee77 ee78 ee78 ee78 ee78 ee78 ee78 ee77 ee77 ee77 ee76 ee36 e635 e5f5 e5f5 ddf4 ddf4 ddb4 ddf4 e5f5 e5f5 e635 e636 e636 ee36 ee37 ee77 e677 ee77 ee76 ee36 e636 e5f5 e5f5 ddb4 dd73 9b4c 9b4b ccf1 dd73 e5b4 e5b4 e5b4 ddf4 e5f4 e5f4 e5f5 e635 e635 e635 e636 e636 e636 e636 e635 e635 de35 ddf5 ddf4 ddf4 d5b4 cd73 d5b3 d5b4 ddf4 ddf5 ddf5 e5f5 e5f5 e5f5 e635 e635 ee36 ee36 ee36 ee36 ee36 ee36 ee77 ee77 ee77 e677 de36 eef9 ffbd fffe ffff ffff ffff ffff ffff ffff ffff ffff ffff ffff ffff ffff ffff ffff ffff f7bf ffff 94b4 1084 2987 5acc 738f 7bd0 630e 528c 5acd 5b0e 634e 8472 a576 cebb efbf ef7e ffff ffff f7be f7be ffff e73d ef7e f7ff f7ff adb8 b5f9 adb9 9d37 9d38 c67d 6b92 2108 31cb 1907 2948 2948 2147 2107 2107 2148 2949 2949 298a 31ca 3a0b 2989 2989 3a0b 31c9 31ca 8cf5 df7f cebd cefe d77f c6fd be7c d73f d73f 7c74 320b 3a0c 3a0b 318a 420c 39cb 39cb 39cb 39cc 39cc 39cb 39cb 39cc 39cc 3a0c 31cb 3a0b 31ca 31ca 31cb 298a adba df3f be7c c6bd cefe be7c b63c c6be 4ace 1108 10c6 1907 1906 10c5 1905 18c5 1905 
6477 6477 6477 6477 64b7 64b7 64b7 64b7 64b7 6cb8 6cb8 6cb8 6cb8 6cb8 6cb8 6cb8 6cb8 74f8 6cb8 74b7 5b93 1107 10c4 2904 2903 3145 20c4 18c3 18c4 1083 20c3 2904 2104 18c3 18c3 18c3 2104 18c3 1082 0841 0841 1082 2945 2945 18c3 1082 2104 2945 0841 0801 0000 0000 0000 0000 0001 0801 0800 1041 1882 20c2 49c6 6289 7b0b 834b 8b4b 8b0a 9b8c 9bcd 9bcd 9bcd a3cd ac2e b4af b4af b4b0 b4b0 b4b0 b4b0 bcf0 bcf1 c4f1 c532 cd72 d573 d573 d573 d5b3 ddb4 ddb4 ddb4 ddb4 ddb4 d573 cd72 b4b0 9bcd 72ca 6248 7aca 934c b46f c4b0 ccf1 ccf1 cd31 bcb0 cd32 a42d 8309 7247 ac2e c4f1 d573 d5b3 ddf5 e5f5 e636 e637 ee77 ee78 ee78 eeb8 eeb8 eeb8 eeb8 ee78 ee78 ee77 ee77 ee76 ee36 e635 e5f5 ddf4 ddf4 ddb4 ddf4 e5f5 e635 e636 e636 e636 e636 e636 ee77 ee77 ee77 ee76 ee36 e5f5 ddf5 ddf4 d573 bcb0 7a47 8b0a cd32 dd73 e5b4 ddb4 ddf4 e5f4 e5f4 e5f5 e5f5 e5f5 e635 e635 e635 e635 e635 e635 e635 e635 ddf5 ddf5 ddf4 d5b4 d5b3 d5b3 d5b4 ddf4 e5f5 e5f5 e5f5 e5f5 e635 e635 e635 e635 ee36 ee36 ee36 ee36 ee36 ee36 ee77 ee77 e677 e678 e6b9 ff7c fffe ffff ffff ffff ffff ffff ffff ffff ffff ffff ffff ffff ffff ffff ffff f7be ffff ffff ffff ffff b5b7 7bd0 8431 738f 7bd0 8432 7bd0 630e 7390 634e 8c73 adb7 c67a e73d f7bf ffff ffff ffff ffff ffff ffff ffff ef7e ef7e f7ff e77f efbf c67c b5b9 be3b b5ba a578 31ca 2989 2948 2988 2948 2947 2148 2148 2949 2949 2949 298a 31cb 318a 39cb 318a 2989 3a0b 31c9 8474 df3f c6bd c6bd cefe cefe c6fd cefe e7bf 8475 29ca 39cb 39cb 318a 39cb 39cb 39cb 3a0c 39cc 39cc 39cb 39cc 3a0c 3a0c 3a0c 31ca 298a 31ca 2949 318a 3a0b adb9 d73f be3c b63b b63c a5ba 9d79 a5ba 3a4d 08c6 08c6 1906 10c5 10c4 1084 18c4 
6477 6477 6477 6477 64b7 64b7 64b7 64b7 64b7 6cb8 6cb8 6cb8 6cb8 6cb8 6cb8 6cb8 6cb8 74f8 6cf8 74b8 5bd3 1148 10c4 2905 2904 3145 2104 18c3 18c4 1883 20c3 3145 2104 18c3 18c3 18c3 2945 18c3 18c3 1082 0841 18c3 3186 3186 2104 0841 18c3 2945 0841 0841 0000 0000 0000 0000 0000 0001 0841 1882 20c3 20c2 3985 5207 6288 6288 72c9 72c9 8b8c 93cd 938d 9bcd 9c2e ac6f ac6f a42f a42e 9bce a42e a42e ac6f ac6f bcb1 c4f1 c532 cd72 cd32 cd72 d573 d573 ddb3 d5b3 ddb4 d5b4 d573 cd32 b46f 8b8c 5a07 51c6 6a88 8b4b b46f c4b0 ccf1 cd31 cd32 c4f1 ac2e 61c5 7247 8309 bcb0 cd32 cd32 d573 ddb4 ddf5 e5f6 e636 e637 ee77 eeb8 eeb8 eeb8 eeb8 eeb8 eeb8 ee78 ee78 ee77 ee77 ee77 ee36 e635 e5f5 e5f5 ddf4 e5f5 ddf4 ddf4 e5f5 e636 e636 ee37 ee37 ee77 ee77 ee77 ee76 ee36 e5f5 ddf5 ddf4 d573 a42d 5143 82c9 cd32 d573 e5b4 ddb4 ddf4 e5f4 e5f4 e5f4 e5f4 e5f4 e5f5 e635 e635 e635 e635 ddf5 e5f5 e635 ddf5 ddf5 ddf4 d5b4 d5b3 d5b3 ddb4 ddf4 e5f5 e5f5 e5f5 e5f5 e635 e635 e635 e636 ee36 ee36 ee36 ee36 ee36 ee77 ee77 e677 e678 e678 ffbd ffbe ffff ffff ffff ffff ffff ffff ffff ffff ffff ffff ffff ffff ffff ffff ffff ffff ef7e ffff ffff f7bf f7bf c639 7bd1 8c73 8c73 8431 7bd0 7390 6b8f 8432 94b4 b5b7 c639 df3d f7bf f7bf ffff ffff ffff ffff ffff f7be ffff f7bf f7bf efbf efbf f7bf efbf c67c c67c cebc be3b 4a8d 2988 3189 3189 2988 2949 2989 298a 298a 39cb 318a 2949 31cb 318a 318a 3a0b 3a0b 3a0b 31ca 73d2 df7f cefd c6bd cf3e c6fd c6fe c6fe d73f 94f7 3a0b 31ca 420c 39cb 31cb 39cb 39cc 39cc 31cb 31cb 39cb 39cb 39cb 318a 31ca 318a 2989 31ca 3189 2989 3189 b5fa c67c 9d38 a5b9 84b7 6c34 6bd3 84b6 218a 0085 08c5 0884 1084 1083 1083 
6477 6477 6477 64b7 64b7 64b7 64b7 64b7 6cb8 6cb8 6cb8 6cb8 6cb8 6cb8 6cb8 6cb8 6cb8 74f8 6cb8 74f8 6434 1948 18c5 2104 20c3 3145 18c3 18c4 2946 2104 28c4 2904 2104 18c3 2104 2945 2945 2104 20c3 20c3 0841 1041 3186 3186 2104 18c3 1882 3186 18c3 1082 0841 0001 0000 0000 0000 0000 0000 1042 20c3 2903 3104 4185 5208 6a89 6ac9 6ac9 6a89 6a89 6a89 72ca 7b0a 72ca 7aca 7b0a 834c 8b8d 93cd 93cd 93cd 93cd a42e 938c 9bcd 9b8c a3cd b46f b46f c4f1 cd32 c4f1 bcb0 b4b0 c4f1 bcf1 a3ce 7b0a 51c6 51c6 6a48 9bcd bcb0 c4f1 d532 cd32 bcf0 bcf1 6a47 6a48 7288 8b0a bcb0 c4b0 cd32 d573 ddb4 ddb4 e5f6 e636 e637 e677 ee78 ee78 eeb8 eeb8 eeb8 ee78 ee78 eeb8 ee77 ee77 ee77 ee76 ee36 e636 e635 e635 ddf5 ddf5 ddf5 e5f5 e5f5 e636 e636 ee77 ee77 ee77 ee77 ee76 ee36 e635 ddf4 ddb4 cd73 a3cd 8309 9b8c bcb0 d572 d5b3 ddb4 e5f4 ddf4 e5f4 e5f5 e5f5 e5f5 e5f5 e5f5 e5f5 e635 e635 e635 e635 e635 ddf5 ddf4 ddb4 d5b3 d5b3 d5b3 ddf4 e5f5 e5f5 ddf5 e635 e635 e635 ee36 e636 e636 e636 e636 ee77 ee36 e637 ee77 e677 e677 eef9 ff7c fffe ffff ffff ffff ffff ffff ffff ffff ffff ffff ffff ffff ffff ffff ffff ffff ffff ffff ffff ffff ffff ffff ffff ffff d6bb a4f5 8c72 8c73 8c72 7bd1 8472 94b4 ad77 b5b7 c639 d6bc ef7e f7bf ffff ffff ffff ffff ffff ffff f7bf f7ff f7ff f7ff f7ff f7ff f7ff f7ff efbf e77f d6fd ce7b 5b0e 420b 3189 3189 3189 3189 318a 318a 31cb 318a 318a 31cb 39cb 31cb 31cb 31cb 31ca 420c 3a0b 5b50 d6fe cefe c6bd cf3e c6fe cefe c6bd d73f 9d38 3a0c 39cb 39cb 39cb 318a 318a 39cb 3a0c 39cb 31cb 39cb 39cb 31ca 318a 2989 2989 2989 2988 2948 2948 2948 9d37 a5b9 73d3 6392 5b52 4b10 5310 7433 1108 0085 10c5 10c4 0842 18c4 
6477 6477 6477 64b7 64b7 64b7 64b7 64b7 6cb8 6cb8 6cb8 6cb8 6cb8 6cb8 6cb8 6cb8 6cb8 74f8 6cb8 6cb8 6435 29ca 18c5 20c4 20c3 3145 2104 2104 2946 2104 20c3 3104 2904 2104 2104 2904 2945 2104 2104 20c4 0841 0841 3186 3186 2104 18c3 1082 2904 18c3 18c3 1082 0000 0000 0000 0000 0001 0000 0801 1041 1882 20c2 2903 3144 3985 4986 49c6 5207 5207 5a48 6289 6289 6289 6249 6289 6a8a 6a89 6248 5a07 5a07 5a07 6207 6a47 7ac9 7ac9 830a 8b4b 934b 9b8c 934b a3cd ac6f a42e 938c 830a 7289 6247 4985 49c6 6a48 9bcd bcb0 ccf1 d572 cd32 cd72 830a 5a06 8b8c ac6f b4b0 bcb0 ccf1 cd32 d573 ddb4 ddb4 e5f5 e636 e637 e677 ee78 ee78 eeb8 eeb8 eeb8 eeb8 eeb8 eeb8 eeb8 ee77 ee77 ee77 ee37 ee36 e636 e636 e5f5 e5f5 e5f5 e5f5 e636 e636 e637 ee77 ee77 ee77 ee77 ee76 ee36 e635 ddf5 ddb4 ddb4 bcb0 a42d b46f c531 d573 ddb4 ddf4 ddf4 ddf4 e5f4 e5f5 e5f5 e5f5 e5f5 e5f5 e635 e635 e635 e635 ddf5 e635 ddf5 ddf4 d5b3 d5b3 d5b3 ddb4 ddf4 e5f5 e5f5 e5f5 e635 e635 e635 e636 e636 e636 e636 e636 e676 e677 ee77 e677 e678 eeb9 f73c fffe ffff ffff ffff ffff ffff ffff ffff ffff ffff ffff ffff ffff ffff ffff ffff ffff ffff ffff ffff ffff ffff ffff ffff ffff ffff defc 9cf4 7bd0 8431 8c72 8472 94f4 a536 ad77 bdf8 ce7a defc e73d ef7e ef7e ef7e f7be f7bf f7bf f7bf f7bf f7bf f7bf f7ff f7bf efbf efbf ef7f e77f e77e e73e df3e 9cf6 528d 3189 3189 39ca 39ca 3189 31cb 31ca 31cb 39cb 31cb 31ca 39cb 420c 420b 3a0b 31ca 420c 4ace df7f c6bd bebd cefe c6bd cebe d73f e77f a538 39cc 39cb 2949 420c 420c 318a 318a 3a0b 39cb 39cb 318a 3189 2989 2989 2988 2148 2107 1906 10c5 2107 1907 7c34 7433 5310 428e 428f 52d0 4acf 7c33 0885 0043 0042 1884 1083 
6477 6477 6477 64b7 64b7 64b7 64b7 64b7 6cb8 6cb8 6cb8 6cb8 6cb8 6cb8 6cb8 6cb8 6cb8 6cb8 74f9 6cb7 6c75 3a8d 10c5 18c4 20c3 2904 2905 2104 2945 2104 20c2 2904 3145 2945 2104 2104 2104 2945 2904 2104 18c3 1082 2945 3186 2104 18c3 1082 2104 1882 2104 18c3 0841 0001 0000 0000 0841 0841 0841 1041 1882 20c3 3144 3986 49c7 49c7 5207 5208 5a48 5a49 5a49 5a48 5a08 6249 5a48 5a08 5a48 6248 5a48 5a08 5a07 6248 6a48 7289 7289 7a89 830a 8b4b 938c a3cd a3cd 9b8d 938c 9bce a42f 938d 7acb 4185 51c7 7289 a42e c4f1 d532 ddb3 d573 b4b0 51c5 7b0b b4f2 cdb5 cd74 bcb0 ccf2 ccf1 d573 d5b3 ddb4 e5f5 e636 e636 e677 ee77 ee78 ee78 eeb8 eeb8 eeb8 eeb8 eeb8 eeb8 eeb8 ee78 ee77 ee77 ee77 ee76 ee36 e636 e636 e636 e636 e636 e636 e637 ee77 ee77 ee76 ee76 ee36 ee36 e635 e5f5 ddf4 ddf4 cd72 c531 cd32 cd72 d573 d5b4 ddf4 ddf5 ddf5 e5f5 e5f5 e5f5 e5f5 e5f5 e5f5 e635 e635 e635 e5f5 e5f5 e5f5 ddf4 ddb4 d573 d5b3 ddb4 ddf4 e5f5 e5f5 e5f5 e5f5 e635 e635 e635 e636 e636 e636 ee76 e676 e677 e677 e677 e678 eeb9 f77c fffe ffff ffff ffff ffff ffff ffff ffff ffff ffff ffff ffff ffff ffff ffff ffff ffff ffff ffff ffff f7ff f7ff f7ff ffff ffff ffff ffff ffff ef7e bdf9 9cf4 9cf4 ad77 bdf8 b5b8 bdf9 c63a ce7a d6bb d6bc defd e73e ef7e ef7f f7bf f7bf f7bf f7bf f7bf f7bf f7bf efbf ef7e e77e df3d d6fc cebb ce7b c67b c63b c63b ad78 8432 5ace 420b 31ca 31ca 318a 318a 39ca 31cb 31cb 39cb 39cb 31ca 39ca 424c 31ca 3a0b 424c cefd cefe c6bd c6bd cefe cebe c67c d6ff b5fa 31cb 424c 2949 318a 3a0b 298a 2989 39cb 2989 31ca 3189 2948 2106 18c5 18c5 18c5 18c5 1906 0844 0884 10c6 6350 4a8e 428e 3a4d 428e 424d 52ce 6b90 18c5 18c4 0802 1883 
6477 6477 6477 64b7 64b7 64b7 64b7 64b7 6cb8 6cb8 6cb8 6cb8 6cb8 6cb8 6cb8 6cb8 6cb8 6cb8 74f9 6cb8 74b6 4b0f 10c5 18c4 2104 2104 2105 18c4 2105 2104 1882 28c3 3145 2945 2905 2104 2104 2945 2945 2104 2104 1882 2104 2945 20c4 1882 1082 18c3 1082 20c3 2104 18c3 0841 0000 0000 0000 0001 0841 0841 1041 1041 1882 20c3 3104 3986 41c7 4a07 5a48 5a89 628a 628a 628a 6289 5a49 5a48 6249 6289 6289 6289 6248 6248 6248 6207 6207 6a48 830a 934c 938c 9bcd ac2f b470 b4b0 bcf2 b4f2 938d 6248 4186 5207 7aca ac6f cd32 dd73 ddb4 cd73 a42f 28c2 4185 5a48 9c2f cdb5 d574 c4b1 ccf1 d573 d573 ddb4 e5f5 e636 e636 e637 ee77 ee78 ee78 eeb8 eeb8 eeb8 eeb8 eeb8 eeb8 eeb8 ee78 ee78 ee77 ee77 ee77 ee77 ee76 ee36 e636 e636 e636 e636 e677 e676 ee76 ee76 ee36 ee36 ee36 e636 e5f5 ddf5 ddb4 d5b3 d5b3 d5b3 d5b3 d5b3 ddb4 ddf4 ddf5 ddf5 e5f5 e5f5 e5f5 e5f5 e5f5 e5f5 e635 e635 e5f5 e5f5 e5f5 ddf4 ddb4 d5b3 d573 d5b3 ddf4 ddf5 e5f5 e5f5 e5f5 e635 e635 e635 e635 e635 e636 e636 ee76 ee76 e677 e677 e678 eeb9 f77c fffe ffff ffff ffff ffff ffff ffff ffff ffff ffff ffff ffff ffff ffff ffff ffff ffff ffff f7ff f7bf f7bf f7bf f7bf f7bf f7ff ffff ffff ffff f7bf ffff ffff d6bb c639 c639 bdf8 ce7a ce7b d6bb d6bb d6bc d6bc defd defd ef7f f7bf f7bf f7bf f7bf f7bf f7bf f7bf ef7e ef7e efbe efbe ef7e e73d d6fc d6bb ce7b c63a bdfa bdf9 b5b9 b5b8 a577 94b5 7bd2 6350 4a4c 3a0b 39ca 39ca 31ca 3189 3189 39ca 31ca 31ca 3a0b 320a 3a0b be3b df3f c67c be7c cebd c6bd cebd cebe c63c 3a0b 3a0b 39cb 39cb 39cb 31ca 3189 3189 2107 2107 2106 18c5 10c5 1084 1084 0883 1084 0843 1084 0044 0885 6350 424c 424c 3a0c 3a0b 1906 1906 1905 0002 2946 20c4 
6477 6477 6477 64b7 64b7 64b7 64b7 64b7 6cb8 6cb8 6cb8 6cb8 6cb8 6cb8 6cb8 6cb8 6cb8 64b7 74f9 6cf8 74b7 5351 1106 18c4 2104 20c3 1904 1083 18c4 2104 1882 20c3 2904 2945 2905 2104 2104 2945 2945 2104 2104 1883 18c3 2104 18c3 1082 1042 1082 18c3 1081 2103 2944 1041 0000 0841 0000 0000 0841 1082 1082 1882 1882 18c3 20c3 2903 3104 3945 4186 49c7 5208 5a48 5a49 6249 628a 6aca 72cb 6aca 6aca 72cb 730b 6a89 72ca 72ca 72ca 830a 8b4c 934c 8b4b b470 c4f2 cd33 c532 bcf2 b4f2 9bcf 72cb 3985 5207 7b0a ac6f d573 ddb4 ddf4 cd73 6ac9 28c2 2904 28c3 3945 6a89 c4f2 d574 cd32 d572 d573 ddb4 e5f5 e636 e636 e637 ee77 ee78 ee78 ee78 ee78 eeb8 eeb8 f6b8 eeb8 eeb8 eeb8 eeb8 ee77 ee77 ee77 ee77 ee77 ee77 ee77 ee77 ee77 e677 e677 e676 ee76 ee36 e636 e636 ee36 e636 e635 e5f5 ddf4 ddf4 ddb4 d5b4 ddb4 ddf4 ddf4 ddf4 ddf5 ddf5 ddf5 ddf5 e5f5 e5f5 e5f5 e5f5 e635 e5f5 e5f5 e635 e5f5 ddf4 d5b3 cd72 ddb4 ddb4 ddf4 e5f5 ddf5 e5f5 e635 e635 e635 e635 e635 e636 e636 ee76 ee76 e677 e677 de78 e6b9 f77c fffe ffff ffff ffff ffff ffff ffff ffff ffff ffff ffff ffff ffff ffff ffff f7ff f7ff f7ff f7ff f7bf f7bf f7bf f7bf f7bf f7bf f7ff f7ff ffff f7ff ffff f7bf f7bf ffff ef7e d6bb ce7a ce7b d6bb d6bb d6bb ce7b cebb d6bc defd ef7e efbf f7bf f7bf f7bf f7bf efbf efbf f7bf efbf efbf ef7f ef7f efbe efbf efbf ef7e e73e df3e d6fd cebc d6bc d6bc ce7b ce7b ce7b ce7c d6bd df3e defe d6bc c63b b5b8 9d36 8433 7bd2 5b0f 424c 3a0b 2989 8cb5 cebd adb9 adb9 be7b adb9 be7c be3b be3b 4a8d 18c6 2948 1907 10c5 1906 18c6 1085 1084 0843 0843 0842 0842 0842 0842 0042 0001 0883 0002 0043 10c5 2147 1085 0844 1906 1906 0883 18c4 2105 18c4 1083 
6477 6477 6477 64b7 64b7 64b7 64b7 64b7 6cb8 6cb8 6cb8 6cb8 6cb8 6cb8 6cb8 6cb8 6cb8 64b7 6cf9 74f8 74b7 63d3 2188 18c4 2104 18c3 10c3 1083 18c4 2104 20c2 20c3 2103 2104 2104 20c3 20c3 2104 2104 2104 2104 18c3 18c3 2104 18c3 1882 1082 0841 20c3 0841 18c3 2904 1082 0840 0841 0841 0000 0000 0000 0000 1082 20c3 2904 2904 3145 3944 3945 3985 4186 4186 49c6 49c7 4186 4986 51c7 5207 5208 5a08 5a48 6249 6249 72cb 7b0b 834c 830b 830b 8b0b 830a 82ca 8b4c 938d 9bce 9c2f 9bcf 7b0b 5207 3945 49c7 72ca b4b0 d5b3 e5f4 e5f5 cdb4 5a48 28c3 20c2 2904 3104 30c3 8b4d bcf1 cd32 dd73 dd73 ddb3 e5f5 e636 e636 e637 ee77 ee78 ee78 ee78 ee78 eeb8 eeb8 f6b8 eeb8 eeb8 eeb8 ee78 ee78 ee78 ee77 ee77 ee77 ee77 ee77 ee77 ee77 e677 e677 e677 ee77 ee36 e636 e636 ee36 e636 e635 e635 e5f5 ddf4 ddf4 ddb4 ddf4 e5f5 e5f4 ddf4 ddf5 ddf5 ddf5 ddf5 e5f5 e5f5 e5f5 e5f5 e5f5 e5f5 e5f5 e5f5 ddf4 ddb3 d5b3 d573 ddb4 ddf4 e5f5 e5f5 ddf5 e5f5 e635 e635 e635 e635 e636 e636 e636 ee76 ee76 e677 de77 e6b9 f77c fffe ffff ffff ffff ffff ffff ffff ffff ffff ffff ffff ffff ffff ffff ffff f7ff f7ff f7ff f7ff f7bf f7be f7bf f7bf f7bf f7ff f7bf f7ff ffff f7ff f7ff ffff ffff ffff ffff ffff f7be efbe d6bb d6bb d6bb d6bb cebb d6bc defc defd e73e ef7e efbf efbf efbf efbf efbf efbf f7bf efbf ef7f ef7f ef7e ef7f ef7f ef7f ef7f ef7e ef7f ef7f ef7f f7bf f7bf ef7e efbf f7bf efbf ef7f ef7f ef7f f7bf f7ff ef7f ffff f7bf ef7f efbf efbf e73e d6fd d6fd c67b cebd b5f9 adf9 be7b a5b9 adf9 9d36 8c74 6b90 5b0e 5ace 5ace 52cd 52cd 528c 4a8b 4a4b 424a 420a 4209 39c8 31c7 2105 2105 1083 18c4 2105 1083 10c4 1084 1905 0883 2106 2105 18c4 2105 18c4 2945 
6477 6477 6477 64b7 64b7 64b7 64b7 64b7 6cb8 6cb8 6cb8 6cb8 6cb8 6cb8 6cb8 6cb8 6cf8 6cb8 6cf9 6cf8 6cb7 7475 3a4b 10c4 18c3 18c3 1083 10c3 18c3 18c3 20c3 20c2 20c3 2104 2104 20c3 18c3 20c3 20c4 2104 20c3 20c3 20c3 20c4 18c3 18c3 18c3 1041 1882 1081 1081 18c3 18c3 1081 0841 1081 18c3 1883 1042 0841 0841 1082 2103 3144 3985 4185 4186 49c7 5207 5207 5207 5207 51c7 4985 4145 4185 4985 4985 4145 4144 3903 4145 4985 59c7 59c6 59c6 6a47 6a47 6207 7288 7a89 6a89 6248 6249 6248 5a08 4186 4a07 72ca b4b0 ddb4 e5f5 e635 d5b5 51c6 1882 1041 1042 2904 2883 6a49 c533 d532 dd73 dd73 ddb4 e5f5 e636 e636 e636 ee77 ee77 ee78 ee78 ee78 eeb8 eeb8 eeb8 eeb8 eeb8 eeb8 eeb8 f6b8 ee78 eeb7 eeb7 ee77 ee77 ee77 ee77 ee77 ee77 e677 ee77 ee77 ee76 e636 e636 ee36 e636 e635 e635 e5f5 e5f5 ddf4 ddf4 ddf4 ddf4 e5f4 ddf4 ddf5 ddf5 ddf5 ddf5 ddf5 ddf5 e5f5 e5f5 e5f5 ddf5 ddf4 ddf4 ddf4 d5b3 d5b3 ddb4 ddf4 ddf4 e5f5 e5f5 e5f5 e5f5 e635 e635 e635 e636 e636 ee76 ee76 ee76 ee76 e676 e6b8 f73b fffd fffe ffff ffff ffff ffff ffff ffff ffff ffff ffff ffff ffff ffff ffff f7ff f7ff f7ff f7ff f7ff f7bf f7bf f7bf f7bf f7bf f7bf f7ff f7ff f7ff f7ff ffff efbe f7ff ffff f7be ffff ffff f7be ef7e e73d defc d6bc d6fc defd df3d df3d e73d e77e efbf efbf efbf efbf f7bf f7bf ef7f ef7f f7bf f7bf f7bf f7bf f7bf f7bf f7bf f7bf ffff ffff f7ff f7bf f7bf efbe f7ff ffff ffff efbf e77e e77e ef7e efbf f7bf df3d efbf ef7f efbf ef7f e77e e77f e73e e73e d6fd cebc c6bc adf9 9536 7c73 73d1 634f 6b50 6b90 630e 52cd 52cd 528c 4a4b 4a4b 4a4a 424a 4209 3187 2105 10c3 18c3 10c3 1082 0882 18c3 2945 18c3 2145 2105 2104 18c4 2905 1083 2104 2945 18c3 
6477 6477 6477 64b7 64b7 64b7 64b7 64b7 6cb8 6cb8 6cb8 6cb8 6cb8 6cb8 6cb8 6cb8 6cb8 6cf8 6cb8 6cf8 6cb6 7cf7 4ace 10c4 18c3 18c3 1082 18c3 10c3 1082 18c2 1882 20c3 2104 2104 20c3 18c3 18c3 20c3 2104 20c3 20c3 18c3 18c3 1882 18c3 20c3 1082 0841 1882 1041 1082 2104 18c2 0000 0841 18c3 2104 2104 18c3 0841 0801 1882 2904 3986 4186 41c6 4a07 5207 51c7 49c7 51c6 5207 51c6 4986 4986 4985 4985 4985 4985 4145 4985 4144 5185 51c6 5184 5185 5144 59c5 6a48 82ca 834c 834c 7b0c 6a8a 5a48 49c7 5207 72ca b4b0 ddb4 e5f5 e5f5 d5b5 4185 20c3 2904 0801 1882 28c3 59c7 d5b4 cd72 dd73 ddb3 ddb4 e5f5 e636 e636 e637 ee77 ee78 ee78 ee78 ee78 ee78 eeb8 eeb8 f6b9 eeb8 eeb8 eeb8 f6b8 f6b8 ee78 ee78 ee77 ee77 ee77 ee77 ee77 ee77 e677 ee77 ee77 ee76 e636 e636 e636 e636 e635 e635 e5f5 e5f5 e5f5 e635 e5f4 ddf4 e5f4 e635 ddf4 ddf5 ddf5 ddf5 ddf5 ddf5 e5f5 e5f5 e5f5 ddf4 ddf4 ddf4 ddb3 d5b3 ddb4 e5f4 ddf4 ddf4 e5f5 e5f5 e635 e635 e635 e635 e635 e635 e636 ee76 ee76 e676 e676 de77 f73b ffbd fffe fffe ffff ffff ffff f7ff ffff ffff ffff ffff ffff ffff ffff ffff f7bf f7ff f7bf f7bf f7ff f7ff f7bf f7bf f7bf f7bf f7bf f7ff f7ff f7ff f7ff ffff f7be ffff ffff f7ff ffff ffff f7bf ffff ffff f7bf e73d d6fc d6fc defc defc defc e73d e77e efbe efbe ef7e efbf efbf efbf f7bf f7bf f7bf f7bf f7bf f7bf f7bf f7bf ffff f7be f7be f7bf f7bf f7bf f7ff f7ff f7bf f7bf efbe e77e e73d e77e ef7e ef7f e77e ef7f ef7f ef7f defd defd defd cebb c67a be3a a577 9d35 7c72 6bd1 7432 5b4e 634f 7390 73d1 7390 6b8f 630e 5acd 5acd 52cc 420a 2946 10c4 1083 1083 18c3 18c3 18c3 18c3 2945 2104 18c3 2104 2104 2104 2104 2104 2104 2104 2945 2104 2104 2104 
6477 6477 6477 6477 6477 64b7 6cb7 6cb7 6cb8 6cb8 6cb8 6cb8 6cb8 6cb8 6cb8 6cb8 6cb7 74f8 6cb7 6cf8 6cb8 74b7 6c33 1947 18c4 18c3 18c2 1881 1082 1082 1082 1082 18c3 18c3 2104 2104 18c3 1882 18c3 1883 2104 18c3 1082 1082 18c3 18c3 1882 1882 1041 1082 1082 1082 1882 18c3 18c3 1082 0000 1041 2104 2945 2104 1082 1082 20c3 2904 3145 4186 49c7 49c7 49c7 5208 5a49 51c7 51c7 5207 5207 5a07 5a07 5a07 5a07 6a89 6a49 6a89 7aca 830b 830a 830a 830a 8b4b 830a 8b4b 938d 93ce 93ce 8b4d 6a8a 5208 5207 72ca c532 ddb4 e635 e636 d5f5 4985 1881 2083 3145 3145 2882 8b8d c574 cd73 ddf4 ddf4 ddf5 e5f6 e5f6 e637 e637 ee77 ee78 ee78 ee78 ee78 f6b8 f6b8 eeb8 eeb8 eeb8 eeb8 eeb8 ee78 ee78 ee78 ee78 ee78 ee77 ee78 ee78 ee77 ee77 ee77 ee77 e676 e676 e676 e636 e636 e635 ee35 e635 edf5 e5f5 e5f5 e5f4 e634 e5f4 e634 e5f4 ddf4 ddf4 e635 e635 e5f5 e5f5 e5f5 ddf4 e5f5 ddf4 ddb4 ddb4 d5b3 ddb3 ddf4 e634 ddf4 ddf4 e5f5 e5f4 e5f5 edf5 ee35 ee35 ee35 e635 ee35 ee77 e677 de76 e677 e6f9 fffe ffff ffff ffff ffff ffff ffff ffff ffff ffff ffff ffff ffbf f7bf f7bf f7be f7bf f7bf f7bf f7bf f7bf f7bf f7bf f7bf f7bf f7ff ffff ffff ffff ffff ffff ffff ffff ffff ffff ffff ffff ffff ffff ffff ffff ffff ffff ef7e defc defc defc df3d e77d f7ff ef7e ef7e ffff efbe efbe f7bf f7bf f7bf f7bf ffff ffff ffff f7bf f7bf ffff f7ff f7ff f7ff f7ff f7ff f7ff f7bf f7ff f7bf efbf ef7e e73e e73e e73e e73e e77e df3e defd d6fc cebc be3a b5b8 a576 9d36 94f4 8473 7c32 7c32 7c31 73d1 73d0 8431 8cb3 9cf5 a535 9d35 8c73 630d 39c8 18c4 18c3 18c3 18c4 18c4 18c4 2104 2104 2104 2104 2104 2104 2104 2104 2104 2105 2105 2105 2105 2105 2105 2105 2105 2105 
6477 6477 6477 6477 6477 64b7 64b7 6cb7 6cb8 6cb8 6cb8 6cb8 6cb8 6cb8 6cb8 6cb8 6cb7 74f8 6cb7 6cf8 6cb8 74f8 6c75 320b 10c5 18c3 2082 1881 1882 18c2 1082 1083 18c3 18c3 20c3 18c3 1082 1082 1882 1082 20c4 18c3 1882 1883 18c3 18c3 18c3 18c3 1082 1082 1882 1082 1082 20c3 2104 18c3 18c3 1082 0841 1082 2104 2945 2104 20c3 2083 1882 2082 2904 3986 49c7 49c7 4186 51c7 51c7 5207 5207 5a07 5a48 5a48 6248 6248 6a89 72ca 830b 8b4b 8b4b 9b8d ac2e a42e a42e b470 b4b1 a470 9bcf 8b8d 72ca 6249 5a08 7b0b bcf1 ddf4 e5f4 e635 d5b4 49c6 5208 41c7 3105 2904 49c7 bd34 c533 d573 e5f5 ddf5 ddf5 e5f6 e636 e637 e637 ee78 ee78 ee78 ee78 ee78 f6b8 f6b8 f6b8 eeb8 eeb8 eeb8 ee78 ee78 ee78 ee78 ee78 ee78 ee78 ee77 ee77 ee77 ee77 ee77 ee77 e676 e676 e676 e636 e636 e635 ee35 e635 edf5 edf5 e5f5 e634 e634 e634 e634 de34 de34 de35 ddf5 ddf5 ddf5 e5f5 e5f5 e5f5 e5f5 ddf4 ddb4 d5b3 ddb4 ddb4 ddf4 e5f4 ddf4 ddf4 e5f4 e5f4 e634 ee35 ee35 ee35 f675 ee35 e636 e676 de36 de36 eef9 ffbd ffff ffff ffff ffff ffff ffff ffff ffff ffff ffff ffff ffff ffff f7ff f7bf f7bf f7bf f7bf f7bf f7bf f7bf f7bf f7bf f7bf f7bf f7ff ffff ffff ffff ffff ffff ffff ffff ffff ffff ffff ffff ffff ffff ffff ffff ffff ffff f7ff ef7e e73d defc d6fb e73d f7be ffff ffff f7bf ffff ffff f7bf ffff ffff f7bf f7bf f7bf ffff ffff ffff f7ff f7ff f7ff f7ff f7ff f7ff f7bf f7bf ffff f7ff f7bf ef7f e77e e73e e73e e73e defd d6fd cebc c67b be3a b5b8 a577 a576 94f5 94f5 94f4 8c73 7c32 8432 8cb4 9d35 b5b7 b5b7 9cf4 738f 4209 2105 10c3 18c3 18c4 18c4 18c4 2104 2104 2105 2104 2104 2104 2104 2104 2104 2104 2104 2105 2105 2105 2105 2105 2105 2105 2105 2105 2105 
6477 6477 6477 6477 6477 64b7 64b7 64b7 6cb8 6cb8 6cb8 6cb8 6cb8 6cb8 6cb8 6cb8 6cb7 74b8 6cb7 6cf8 6cb8 74f8 7cb7 530f 1105 18c4 20c3 1881 1882 18c3 1082 1082 1082 1082 18c3 18c3 1082 1082 1082 1082 1883 18c3 18c3 18c3 18c3 18c3 18c3 18c3 18c3 18c3 18c3 1082 0841 18c3 2905 18c3 1882 18c3 1882 1082 1082 18c3 2904 2945 3145 2904 28c3 20c3 20c3 28c3 3104 3104 4186 41c6 49c6 5207 5207 5a48 6249 6a89 7b0b 72ca 72ca 7b0a 7b0a 830a 830b 8b4c 9bcd a42e b4b1 b4f1 a470 93ce 7b0b 6249 628a 5a48 7b0b b4b1 e5f5 e5f5 e636 d5b4 6248 2081 28c3 1882 5a49 b4f3 cdb5 c533 ddb4 e5f5 ddf5 ddf5 e5f6 e636 ee77 e637 ee78 ee78 ee78 ee78 ee78 f6b8 f6b8 f6b8 eeb8 eeb8 eeb8 ee78 ee78 ee78 ee78 ee78 ee77 ee77 ee77 ee77 ee77 ee77 e677 e677 ee76 e676 e676 e635 e636 e635 e635 e635 e635 e635 e635 e635 e635 e635 de35 de35 e635 de35 ddf5 ddf5 ddf5 ddf5 ddf5 ddf5 ddf5 ddb4 d5b4 d5b3 ddb4 ddf4 ddf5 ddf4 e5f5 e5f4 e634 e634 e634 ee35 ee35 ee35 e635 ee36 e676 de36 de37 e6b8 ff7c fffe ffff ffff ffff ffff ffff ffff ffff ffff ffff f7ff f7ff f7bf f7bf f7bf f7bf f7bf f7bf f7bf f7bf f7bf f7bf f7bf f7bf f7bf f7bf f7bf f7ff ffff ffff ffff ffff ffff ffff ffff ffff ffff ffff ffff ffff ffff ffff ffff ffff ffff ffff f7be e73d defb ef7e ffff f7bf f7ff ffff f7bf f7bf f7bf ffff ffff ffff ffff ffff ffff f7bf f7be ffff f7ff f7bf f7bf f7bf f7ff ffff ffff f7bf f7bf f7bf ef7f e73e defd d6bc ce7b cebc cebb ce7b c63a bdf9 b5f9 b5b8 b5b8 adb7 9d35 94f4 9d35 ad77 a576 8c73 7390 4a4a 2946 1083 0842 18c4 1904 18c4 18c4 2104 2104 2105 2105 2105 2105 2105 2104 2104 2104 2104 2104 2104 2104 2105 2105 2105 2105 2105 2105 2105 2105 2105 2105 
6477 6477 6477 6477 6477 64b7 64b7 64b7 6cb8 6cb8 6cb8 6cb8 6cb8 6cb8 6cb8 6cb8 6cb8 6cb7 6cb8 6cf8 6cb8 6cf8 7cf7 6bd3 2147 18c4 20c3 1882 1882 18c3 0842 0842 1082 1082 18c3 18c3 1082 1082 1082 1082 1042 1882 18c3 18c3 1882 18c3 18c3 18c3 20c4 18c3 20c3 1883 0841 1082 2104 20c4 18c3 1883 1082 1082 1882 18c3 18c3 18c3 1882 2904 3145 3946 3105 2903 2904 3104 3945 3945 3985 4185 4185 49c6 51c7 5207 6a8a 6a89 728a 7aca 830b 830b 830b 830b 9bce a42e ac2f ac70 a42f 938e 7b0b 6a89 5a49 5a08 72ca b4b0 e5f5 e5f5 e636 d5b5 834c 49c6 6acb 9c71 b534 bd34 c534 cd74 ddf5 e635 ddf5 ddf5 e636 e636 ee77 ee77 ee78 ee78 ee78 ee78 ee78 f6b8 f6b8 f6b8 eeb8 eeb8 eeb8 eeb8 ee78 ee78 ee78 ee78 ee77 ee77 ee77 ee77 ee77 e677 e677 ee76 ee76 ee36 ee36 ee35 e636 e635 e635 e635 e635 e635 e635 e635 de35 de35 de35 de35 e635 e635 ddf5 ddf5 ddf5 ddf5 ddf5 ddf5 ddb4 d5b4 d5b4 ddb4 ddf4 ddf5 e5f5 ddf4 e634 e5f4 e634 e634 e634 ee35 ee35 ee35 e635 ee36 e637 de36 e6b9 ff7d fffe f7bd ffff ffff f7ff f7ff f7ff f7bf f7bf f7bf f7bf f7bf f7bf f7bf f7bf f7bf f7bf f7bf f7bf f7bf f7bf f7bf f7bf f7bf f7bf f7bf f7bf f7bf f7ff ffff ffff ffff ffff ffff ffff ffff ffff ffff ffff ffff ffff ffff ffff ffff ffff ffff ffff ffff f7be ef7d d6bb ffff ffff efbe ffff ffff ffff ffff ffff f7bf f7bf f7bf f7bf ffff ffff ffff f7bf f7bf f7ff ffff ffff f7ff f7bf f7bf f7bf efbf e77e df3d defc d6bb ce7b ce7a cebb ce7b c67b c63a be3a bdf9 b5f8 b5f8 a576 9cf5 8432 5acd 31c8 1905 10c4 18c4 18c4 18c4 18c4 2105 2105 18c4 2104 2946 2104 2105 2105 2105 2105 2105 2104 2104 2104 2104 2104 2104 2104 2104 2105 2104 2104 2105 2105 2105 2105 2105 2105 2105 
6477 6477 6477 6477 6477 6477 64b7 64b7 64b7 64b7 6cb8 6cb8 6cb8 6cb8 6cb8 6cb8 6cb8 6cb7 6cb8 6cf9 6cb8 6cb8 7cf7 7475 320a 1905 20c4 1882 1882 18c3 0842 0842 1042 1082 18c3 18c3 1082 1082 1082 1082 0841 1082 18c3 18c3 18c3 18c3 18c3 20c3 2104 18c3 20c4 20c3 1082 1041 18c3 2104 18c3 18c3 18c3 18c3 1883 1082 1082 18c3 1042 1882 20c3 2904 3145 3945 3945 3945 2082 20c2 28c3 3103 3104 3944 4185 49c6 4185 51c6 6248 6a89 72ca 7b0a 834b 938c 938d 93cd 93cd 938d 8b8d 7b0c 72ca 6289 51c7 51c7 6a49 ac70 d5b4 e5f5 ddf5 d5b4 938d 51c7 72cb a4b2 c575 c574 c533 cd73 ddf5 e5f5 ddb4 ddf5 e636 e636 ee77 ee77 ee78 ee78 ee78 ee78 ee78 f6b8 f6b8 f6b8 eeb8 eeb8 eeb8 eeb8 eeb8 eeb8 ee78 ee78 ee78 ee78 ee77 ee77 ee77 e677 e677 ee76 ee36 ee36 ee36 ee35 e636 e636 e636 e636 e636 e636 de36 de36 de36 de36 de36 e636 e635 e635 ddf5 ddf5 ddf5 ddf5 ddf4 d5b4 d5b4 d5b4 ddb4 ddf4 ddf5 ddf5 e5f5 e5f5 e5f4 e634 e634 e634 e635 e635 ee35 e635 ee77 e677 de37 de78 f73b ffff ffff ffbe ffbf f7ff f7bf f7bf f7bf f7bf f7bf f7bf f7bf f7bf f7bf f7bf f7bf f7bf f7bf f7bf f7bf f7bf f7bf f7bf f7bf f7bf f7bf f7bf f7bf f7bf f7ff ffff ffff ffff ffff ffff ffff ffff ffff ffff ffff ffff ffff ffff ffff ffff ffff ffff ffff ffff ffff ffff df3c d6bb ef7e ffff ffff f7bf f7bf ffff ffff ffff ffff ffff ffff f7bf f7bf f7be f7bf f7bf efbe ef7e ef7e e73d e73d df3c d6fc d6bb ce7a c639 be39 be39 c639 c639 c63a bdf9 adb7 9cf5 8432 5b0d 39c9 2946 18c5 18c4 1084 10c4 18c5 1905 18c4 10c4 2105 2104 2105 2105 2145 2105 1904 18c4 2105 2105 2105 2104 2104 2104 2105 2105 2104 2104 2104 2104 2104 2104 2104 2104 2104 2104 2104 2105 2105 2105 2105 2105 
6477 6477 6477 6477 6477 6477 6477 64b7 64b7 64b7 64b7 6cb8 6cb8 6cb8 6cb8 6cb8 6cb8 6cb8 6cf9 6cf9 6cf8 6cb8 74f7 7cb6 4ace 2146 2105 18c3 1882 20c3 1042 1082 1041 1082 1883 18c3 1082 1082 1082 1042 1082 1082 18c3 20c3 20c3 18c3 20c4 2104 2104 18c3 18c3 2104 18c3 0841 1082 2104 2945 18c3 1082 1082 18c3 20c3 18c3 1082 2104 20c3 1882 1082 1883 2904 3145 3145 3985 3945 3145 3104 28c3 20c2 2082 2082 3103 3944 4145 49c6 5a07 6248 6a89 7289 7b0b 8b8d 9bce 93ce 8b8e 7b4c 72ca 6aca 49c7 51c7 6248 a42f cd33 ddf5 d5b4 d5b4 acb0 6a89 6a8a 7b0b 9bcf b4b1 ac6f cd73 ddb4 e5f5 ddb4 ddf5 e636 e636 ee77 ee77 ee78 ee78 ee78 ee78 ee78 f6b8 f6b8 f6b8 eeb8 eeb8 eeb8 eeb8 eeb8 eeb8 ee78 ee78 ee78 ee78 ee77 ee77 ee77 e677 e677 ee76 ee36 ee36 ee36 ee36 e636 e636 e636 e636 de35 de36 de36 de36 de36 de36 e636 e636 ddf5 e5f5 e5f5 e5f5 ddf5 ddf4 ddb4 d5b4 d5b4 ddb4 ddf5 e5f5 e5f5 e5f5 e5f5 e635 e5f5 e634 e634 e635 e635 e635 e636 e636 e636 de37 e679 f73c ffbe ffbf ffbf ffff f7bf f7bf f7bf f7bf f7bf f7bf f7bf f7bf f7bf f7bf f7bf f7bf f7bf f7bf f7bf f7bf f7bf f7bf f7bf f7bf f7bf f7bf f7bf f7bf f7bf f7ff ffff ffff ffff ffff ffff ffff ffff ffff ffff ffff ffff ffff ffff ffff ffff ffff ffff ffff ffff ffff ffff ffff ffff d6bb ce7a e73d ffff ffff ef7e ffff f7bf f7bf ef7e ef7e ef7e e73d e73d defc df3c defc d6fb d6bb cebb ce7a c67a c639 be39 c639 c639 bdf8 ad76 8c72 6b4e 52cc 39c8 2947 18c5 1083 1083 10c4 18c5 1905 18c4 18c4 2105 1905 2105 2105 2105 2946 2104 2105 2105 2104 2104 2105 2145 2105 2105 2105 2105 2104 2104 2104 2105 2105 2104 2104 2104 2104 2104 2104 2104 2104 2104 2104 2104 2104 2105 2105 2105 2104 
6477 6477 6477 6477 6477 6477 6477 6477 64b7 64b7 64b7 6cb8 6cb8 6cb8 6cb8 6cb8 6cb8 6cb8 6cf9 6cf9 6cf9 6cf8 74f7 7cf7 6bd2 2988 2106 18c4 18c3 20c3 1042 18c3 1082 1082 1883 18c3 1082 1082 1082 0841 1082 1082 1082 20c3 2104 18c3 20c3 2104 2904 2904 20c3 20c3 2104 1082 0841 20c3 18c3 2104 2104 18c3 1082 0841 1882 20c4 1083 1883 18c3 18c3 18c3 18c3 20c3 2904 20c3 28c3 2904 2904 3104 3104 3104 3104 2903 28c3 28c2 3103 4185 49c6 51c6 4985 4945 6208 728a 72ca 72cb 6a89 5a08 5a48 51c7 5207 6248 93ce c532 d573 d573 d574 ac70 938d 5185 728a 9bce 938d b470 bcb0 d573 ddb4 d5b4 ddf5 e636 e636 ee77 ee77 ee78 ee78 ee78 ee78 ee78 ee78 f6b8 f6b8 f6b8 ee78 ee78 ee78 ee78 ee78 ee78 ee78 ee77 ee77 ee77 ee77 ee77 ee77 e637 ee36 ee36 ee36 ee36 ee36 e636 e636 e636 e636 de35 de35 de35 e635 e636 e636 e636 e635 e5f5 e5f5 e635 e5f4 ddf4 ddb4 ddb4 ddb4 ddb4 ddf4 e5f5 e5f5 e5f5 e5f5 e5f5 e5f5 e635 e635 e635 e635 e635 e636 e636 e637 de37 e6b9 f73c ffff ffff f7bf f7bf f7bf f7bf f7bf f7bf f7bf f7bf f7bf f7bf f7bf efbf efbf efbf efbf efbf f7bf f7bf f7bf f7bf f7bf f7bf f7bf f7bf f7bf f7bf f7bf f7ff ffff ffff ffff ffff ffff ffff ffff ffff ffff ffff ffff ffff ffff ffff ffff ffff ffff ffff ffff ffff ffff ffff ffff f7bf ffff defc ad76 ce7a f7bf ef7e e73d e73d e73d defc d6bb d6bb d6bb d6bb d6bb d6bb ce7a c639 b5b7 a535 8c72 738f 630d 5acb 4a49 3186 18c4 1083 1083 18c4 2105 18c4 18c4 18c4 2105 2106 2105 2105 18c4 2105 2105 2105 2105 2105 18c4 20c4 2104 2105 2105 2104 2104 2105 2945 2145 2105 2105 2105 2105 2105 2105 2104 2104 2104 2104 2104 2104 2104 2104 2104 2104 2104 2104 2104 2104 2104 2105 2105 2104 2104 
6477 6477 6477 6477 6477 6477 6477 6477 64b7 64b7 64b7 6cb8 6cb8 6cb8 6cb8 6cb8 6cb8 64b7 6cb9 64b8 6cb8 6cf8 74f8 7cf7 7cb6 320a 2147 1905 18c3 20c3 1041 18c3 1082 1082 18c3 18c3 18c3 1882 1082 0841 1082 0841 1041 18c3 2104 18c3 18c3 2104 2945 3186 2104 18c3 2104 1882 0841 1082 1082 20c4 2104 18c3 1082 1082 1082 1041 18c3 18c3 18c3 1883 1883 1883 18c3 20c3 20c3 20c3 20c3 2903 2904 2904 28c3 20c3 20c2 20c2 28c2 28c2 28c2 30c2 30c2 30c2 3903 4145 4945 4985 51c7 5a07 51c7 5207 51c7 51c7 6248 8b4c bcf2 c532 d573 cd73 c532 ac6f 6207 6206 7aca 8b0b ac2e c4f1 cd73 ddb4 d5b4 ddf5 e636 e636 ee77 ee77 ee78 ee78 ee78 ee78 ee78 ee78 ee78 ee78 ee78 ee78 ee78 ee78 ee78 ee77 ee77 ee77 ee77 ee77 ee77 ee77 ee77 e637 e636 e636 ee36 ee36 ee36 ee36 e636 e636 e636 e636 de35 de35 e635 e635 e635 e635 e635 e635 e5f5 e5f5 e5f5 e5f4 ddb4 d5b3 ddb4 ddb4 e5f5 ddf4 e5f4 e5f5 e635 ee35 edf5 e5f4 e635 e635 e635 e635 e636 e636 e637 de37 e6b9 ff7c ffff ffbf f7bf f7bf f7ff f7bf f7bf f7bf f7bf f7bf f7bf f7bf f7bf f7bf f7bf f7bf f7bf f7bf f7bf f7bf f7bf f7bf efbf efbf f7bf f7bf f7bf f7ff ffff ffff ffff ffff ffff ffff ffff ffff ffff ffff ffff ffff ffff ffff ffff ffff ffff ffff ffff ffff ffff ffff ffff ffff ffff ffff ffff ffff f7bf bdf8 94b3 9cf4 a535 ad76 a535 ad76 b5b7 bdf8 ad76 8c72 6b4e 5acc 39c8 3187 18c4 1083 1083 18c4 18c4 18c4 1904 18c4 18c4 18c4 2104 2105 2104 1904 2105 2105 2105 2105 2105 2105 2105 2105 2105 2105 2105 2105 2945 2945 2105 2105 2105 2145 2145 2105 2104 1904 2104 2105 2104 2105 2105 2105 2105 2105 2104 2104 2104 2104 2104 2104 2104 2104 2104 2104 2104 2104 2104 2104 2105 2104 2104 2104 
6477 6477 6477 6477 6477 6477 64b7 64b7 64b7 64b7 64b7 6cb8 6cb8 6cb8 6cb8 6cb8 6cb8 6cb8 6cb9 6cb9 6cf9 6cf9 6cf8 74b7 7cb6 5b91 1907 2147 18c4 1883 1082 1041 1082 1082 1082 1883 18c3 1082 0841 1082 1041 18c3 1082 18c3 2904 2104 2104 18c3 2945 3145 2945 18c3 2104 18c3 1082 0841 1082 1082 18c3 2104 2104 18c3 1082 1041 0842 1082 18c3 20c4 18c3 18c3 18c3 18c3 18c3 20c3 20c3 20c3 20c3 20c3 2903 2904 2903 2903 28c3 28c2 2082 2041 1840 1840 30c2 3944 4985 51c7 5a07 51c6 4986 4145 4985 4985 51c6 72ca b4b0 c532 cd73 d573 cd73 ac6f 9bce 61c6 7a88 934c ac2e c4f1 cd32 d573 ddb4 e5f5 e636 ee37 ee77 ee77 ee78 ee78 ee78 ee78 ee78 ee78 ee78 ee78 ee77 ee77 ee77 ee77 ee77 ee77 ee77 ee77 ee77 ee77 ee77 ee77 ee77 e637 e676 e637 ee37 ee37 ee36 e636 e635 e635 e635 e635 de34 e635 ee35 e635 e5f4 e5f5 edf5 edf5 ee35 e5f4 ddf4 ddb3 d5b3 d5b3 ddb4 ddf4 ddf4 ddf5 e5f5 e635 e635 e635 e5f4 e5f4 ddf5 e636 e636 ddf5 e677 de36 d637 eefa ffbe ffbe ffbf f7bf f7bf efbf efbf efbf efbf f7bf f7bf f7bf f7bf f7bf f7bf f7bf f7bf f7bf f7bf f7bf efbf efbf efbf f7bf f7bf f7bf f7ff f7bf f7bf f7bf f7bf ffff ffff ffff ffff ffff ffff ffff ffff ffff ffff ffff ffff ffff f7bf f7bf f7bf f7bf f7be ef7e e73d e73d e73c defc d6bb ce7a bdf8 9cf4 7bd0 738f 8431 8c72 7bd0 738f 528b 4a4a 3187 2105 18c4 18c4 2105 2105 2105 2105 2105 2105 2104 2104 2104 2104 2105 2105 2105 2105 2105 2105 2105 2105 2105 2105 2105 2105 2105 2105 2105 2105 2105 2105 2105 2104 2105 2105 2104 2104 2104 2104 2104 2104 2104 2104 2104 2104 2104 2104 2104 2104 2104 2104 2104 2104 2104 2104 2104 2104 2104 2104 2104 2104 2104 2104 2104 2104 2105 2105 2105 2105 
6477 6477 6477 6477 6477 6477 64b7 64b7 64b7 64b7 64b7 6cb8 6cb8 6cb8 6cb8 6cb8 6cb8 6cb8 6cb8 6cb9 6cf9 6cf9 6cf8 74f7 7cf7 7474 29ca 2988 1905 2105 1042 1882 1882 1082 1082 18c3 18c3 1082 1082 1883 1082 18c3 1082 1882 2104 2104 2905 18c3 2104 3186 2104 2904 1883 2104 1082 1082 1082 1082 1082 18c3 20c4 18c3 18c3 1082 0841 0841 1042 1082 18c3 18c3 20c4 2104 20c3 20c3 20c3 18c3 1882 1882 1882 1882 1882 1881 1841 20c2 3104 3944 3945 3944 3103 3944 4144 4985 4986 4985 4985 4145 3903 4145 5a07 7289 a42f b4b1 c532 d5b4 d573 c4f1 ac2e 82c9 7a89 9b8c ac2e bcb0 cd72 d573 ddf4 e5f5 e636 ee77 ee77 ee77 ee78 ee78 ee78 ee78 ee78 ee78 ee78 ee77 ee77 ee77 ee77 ee77 ee77 ee77 ee77 ee77 ee77 ee77 ee77 ee77 e637 e636 e636 e636 e637 e637 e636 e636 e636 e635 e635 e635 e635 e635 e635 e635 e635 ee35 edf5 e5f4 ddf4 ddf4 ddb4 d5b4 d5b4 d5f4 ddf5 de35 ddf5 ddf5 ddf4 ddf4 ddf4 ddf5 e635 e635 e677 d5f5 d5f6 de36 d5f6 eeb9 ffbe ff7d ffbe ffbf f7bf f7bf efbf efbf efbf efbf efbf efbf efbf efbf f7bf f7bf f7bf f7bf ef7f ef7f efbf f7bf f7bf f7bf f7bf f7bf ef7f f7bf f7bf f7ff f7ff ffff ffff ffff ffff ffff ffff ffff ffff ffff f7bf f7bf ef7e e73d defc d6bb d6bb ce7a c639 c639 c639 c638 bdf7 ad76 94f3 7bd0 630c 4a4a 4209 39c8 3187 3187 3187 2946 2105 18c4 2105 2105 18c4 18c4 18c4 2105 2105 2105 2105 2105 2105 2105 2105 2105 2105 2105 2105 2105 2105 2105 2105 2105 2105 2105 2105 2105 2105 2105 2105 2105 2105 2105 2105 2104 2104 2104 2104 2104 2104 2104 2104 2104 2104 2104 2104 2104 2104 2104 2104 2104 2104 2104 2104 2104 2104 2104 2104 2104 2104 2104 2104 2104 2104 2104 2104 2104 2104 2104 2105 2105 2105 2105 
6477 6477 6477 6477 6477 6477 64b7 64b7 64b7 64b7 64b7 6cb8 6cb8 6cb8 6cb8 6cb8 6cb8 6cb8 6cb8 6cb8 6cf9 6cf9 6cf8 6cf8 74f7 7cf7 4b0f 2148 2147 2105 1082 1882 1882 1082 1883 18c3 1082 1883 18c3 18c3 18c3 2104 1082 1042 18c3 2904 2945 2104 18c3 2904 3145 2104 18c3 20c4 2104 1082 1082 1041 0841 1082 18c3 20c3 18c3 18c3 1082 1082 0841 0841 1042 1082 1883 18c3 18c3 20c3 20c3 20c3 18c2 1082 1041 1041 1882 1882 1882 20c2 20c2 20c2 28c2 28c2 3944 49c6 49c6 49c6 4986 4985 4144 30c3 4104 4144 4985 5a07 938c ac6f c532 d5b4 d573 cd72 b46f a42d 8b0a abce b470 c4f1 cd73 d5b3 ddf4 e5f5 e636 ee77 ee77 ee77 ee77 ee77 ee78 ee78 ee78 ee78 ee77 ee77 ee77 ee77 ee77 ee77 ee77 ee77 ee77 ee77 ee77 ee77 e637 e636 e636 e636 e636 e636 e637 e637 e636 e636 e636 e635 e635 e635 e635 e635 e635 e635 e635 e635 e635 ddf5 d5f5 d5f5 d5b5 d5b5 d5f5 d5f5 d5f5 d5f6 cdf5 d5f6 d636 d636 d5f6 d5f6 ddf5 d636 cdb5 cdb5 cdf6 eefa ff7d ff7d ffff ffbe f7be f7bf f7bf efbf efbf efbf efbf efbf f7bf f7bf efbf efbf f7bf f7bf efbf ef7f f7bf f7bf f7bf f7bf efbf efbf efbf f7bf f7bf f7bf f7bf f7bf f7bf f7bf f7bf f7bf ffff f7bf ef7e e73d e73c defb ce7a c639 bdf8 ad76 94b4 8431 7390 6b4e 5acc 528b 4209 39c8 3187 2946 2946 2946 2946 2946 2104 2105 2945 2105 2104 18c4 18c4 2105 2105 2105 2145 2945 2145 2105 2105 2105 2105 2105 2105 2105 2105 2105 2105 2105 2105 2105 2105 2105 2105 2105 2105 2105 2105 2105 2105 2105 2105 2105 2104 2104 2104 2104 2104 2104 2104 2104 2104 2104 2104 2104 2104 2104 2104 2104 2104 2104 2104 2104 2104 2104 2104 2104 2104 2104 2104 2104 2104 2104 2104 2104 2105 2105 2104 2104 2104 2105 2105 2105 2105 2105 
6477 6477 6477 6477 6477 6477 64b7 64b7 64b7 64b7 64b7 6cb8 6cb8 6cb8 6cb8 6cb8 6cb8 6cb8 6cb8 6cb8 6cf8 6cf9 6cf9 6cf8 74f8 7cf7 6c34 2189 2988 18c4 18c4 1882 1082 1082 18c3 18c3 1082 18c3 2104 18c3 20c4 2104 1883 1042 1882 2104 2945 2945 18c3 18c3 2945 18c3 20c3 18c3 2104 1082 1882 1042 0841 1042 18c3 18c3 18c3 18c3 18c4 18c3 1082 0841 0841 0841 0841 0841 18c2 18c3 20c3 2104 20c3 18c3 1882 1081 1081 1882 20c3 2904 2904 3104 3144 3985 4185 49c7 51c6 5207 5a08 6a89 6a8a 6248 6248 6a49 72ca 834b b4b1 c532 c532 c531 cd32 d573 c4f1 c4f1 a3cd b46f c4f2 cd32 d573 ddb4 ddf5 e5f5 e636 ee77 ee77 ee77 ee77 ee77 ee78 ee78 ee78 ee77 ee77 ee77 ee77 ee77 ee77 ee77 ee77 ee77 ee77 ee77 e637 e636 e636 e636 e636 e636 e636 e636 e636 e637 e636 e636 e636 e636 e636 e635 e635 e635 e635 e636 de36 de36 d5f5 d5f5 cdf5 cdf6 c5f6 c5f6 c5f6 c5f6 c5f6 c5f6 c5f7 ce37 ce37 c5f6 c5b5 bdb4 bd74 bd75 cdf7 f73c f77d ffbd ffbf f7be f7be ef7d f7bf f7bf efbf efbf efbf efbf efbf f7bf efbf f7bf f7bf f7bf f7ff f7ff f7bf f7bf f7bf f7bf f7bf f7bf f7bf f7bf f7bf f7bf efbf f7bf f7bf f7ff f7ff f7bf ef7e e73d d6ba ce7a c638 b5b7 a534 8431 630d 528a 39c8 3187 2946 2106 2946 2946 2946 2105 2946 2946 2105 2105 2105 2104 2105 2105 2104 2104 2104 2104 2105 2105 2945 2946 2105 2105 2945 2945 2105 2105 2105 2105 2105 2105 2105 2105 2105 2105 2105 2105 2105 2105 2105 2105 2105 2105 2104 2104 2105 2105 2105 2105 2105 2105 2104 2104 2104 2104 2104 2104 2104 2104 2104 2104 2104 2104 2104 2104 2104 2104 2104 2104 2104 2104 2104 2104 2104 2104 2104 2104 2104 2104 2104 2104 2104 2104 2105 2105 2104 2104 2105 2105 2105 2105 2105 2105 
6477 6477 6477 6477 6477 6477 64b7 64b7 64b7 64b7 64b7 6cb8 6cb8 6cb8 6cb8 6cb8 6cb8 6cb8 6cb8 6cb8 6cf8 6cf9 6cf9 6cf9 74f8 74f8 7cf7 42ce 2188 18c5 2105 18c3 1082 1082 1883 18c3 1082 18c3 20c4 18c3 2104 2104 18c3 1082 1082 18c3 2104 3186 2104 2104 18c3 2945 1082 20c3 18c3 18c3 1882 1082 0841 1041 1082 18c3 18c3 1082 18c3 18c3 1882 1082 1081 0841 0841 0841 1081 1082 18c3 20c3 2103 20c3 20c3 18c2 1081 1041 1040 1881 20c2 2903 2903 3103 4186 51c7 51c7 5207 6248 6a89 6a89 5a07 51c6 5a07 6247 6a88 93cd b4b0 cd73 ddb4 d573 ddb3 d532 cd32 b46f b46f cd33 cd32 d5b3 ddb4 e5f5 e635 e636 ee77 ee77 ee77 ee77 ee77 ee77 ee78 ee77 ee77 ee77 ee77 ee77 ee77 ee77 ee77 ee77 ee77 ee37 ee37 e636 e636 e636 e636 e636 e636 e636 e636 e636 e636 e636 e636 e636 e636 e636 e636 e636 e636 de37 de37 d5f6 cdf6 c5b6 c5b6 bdb6 bdb7 bdf7 bdf8 be38 be38 be39 be39 be79 c679 c679 ce7a d6bb df3c ef7e ffff ffff ffbf f77e f7bf f7be ef7e f7ff f7bf efbf efbf efbf efbf f7bf f7bf efbf efbf efbf f7bf f7bf efbf ef7f ef7e ef7f efbf ef7f ef7f efbf efbf f7bf efbf ef7f e77e f7bf ef7f df3d d6bb c67a b5f8 ad76 a535 8c72 7bd0 630c 4a49 39c7 3186 2946 2946 2946 2946 2105 2105 2105 2946 2946 2945 2105 2105 2945 2946 2946 2945 2105 2105 2105 2105 2105 2945 2946 2945 2105 2104 2105 2105 2105 2105 2104 2105 2105 2945 2105 2105 2105 2105 2105 2105 2105 2105 2105 2105 2105 2105 2105 2105 2105 2104 2104 2104 2104 2104 2104 2104 2104 2104 2104 2104 2104 2104 2104 2104 2104 2104 2104 2104 2104 2104 2104 2104 2104 2104 2104 2104 2104 2104 2104 2104 2104 2104 2104 2104 2104 2104 2104 2104 2105 2105 2104 2105 2105 2105 2105 2105 2105 2105 
6477 6477 6477 6477 6477 6477 64b7 64b7 64b7 64b7 64b7 6cb8 6cb8 6cb8 6cb8 6cb8 6cb8 6cb8 74b8 6cb8 6cf8 6cf9 6cf9 6cf9 6cf9 74f8 74b7 6433 29c9 2146 2105 20c3 18c3 1082 1082 18c3 18c3 1883 18c3 18c3 2104 2104 2104 18c3 1883 1082 18c3 3146 3146 2104 18c3 2104 18c3 18c3 18c3 18c3 1082 1082 1082 1041 1082 1882 18c3 1883 1082 1882 1883 1883 1082 1082 1041 0841 0841 0841 1082 1882 18c3 18c3 18c3 18c2 2944 2903 20c2 20c2 20c2 20c2 20c3 2903 3103 3944 3944 4985 5a07 6249 72ca 6a89 7289 830b 8b4c 938d bcf1 c573 cd74 d573 d573 ddb3 dd73 cd32 ccf1 bcb0 d573 d573 ddb4 ddf4 e635 e635 e636 ee77 ee77 ee77 ee77 ee77 ee77 ee77 ee77 ee77 ee77 ee77 ee37 ee37 ee77 ee37 e636 e636 e636 e636 e636 e636 e636 e636 e636 e636 e636 e636 de36 de36 e636 e636 e636 e636 e636 e636 de36 de37 d637 ce37 c5f7 bdb6 b5b7 b5f8 be39 be3a be3a be7b bebb bebc bebc bebc cefd c6fd c6fd c6fc c6fc cefd d73d df3d e73d e73d ef7e efbf efbf e77e e77e efbf efbf efbf efbf efbf f7bf f7bf f7bf efbf f7bf f7bf f7bf efbf efbf efbf f7bf f7bf efbf efbf efbf efbf ef7f e73d d6fc cebb a576 a536 9cf4 8cb3 7bd0 630d 4209 3187 2946 2946 2945 2105 2105 2105 2105 2905 2105 2105 2105 2145 2105 2145 2945 2945 2945 2945 2105 2104 2104 2104 2145 2945 2104 2105 2105 2945 2145 2105 2104 1904 2945 2945 2945 2945 2105 2105 2105 2104 2105 2105 2105 2104 2104 2104 2105 2105 2105 2105 2105 2104 2104 2104 2104 2104 2104 2104 2104 2104 2104 2104 2104 2104 2104 2104 2104 2104 2104 2104 2104 2104 2104 2104 2104 2104 2104 2104 2104 2104 2104 2104 2104 2104 2104 2104 2104 2104 2104 2104 2104 2104 2104 2104 2105 2105 2105 2105 2105 2105 2105 2105 2105 2105 
6477 6477 6477 6477 6477 6477 64b7 64b7 64b7 64b7 64b7 6cb8 6cb8 6cb8 6cb8 6cb8 6cb8 6cb7 74b8 6cb8 6cb8 6cf9 6cf9 6cf9 6cf8 74f8 74b7 7cb6 530e 2987 2105 2104 2104 18c3 1082 18c3 20c4 1883 1082 18c3 2104 2104 2945 2104 18c3 18c3 1082 2904 3186 2104 2104 1882 2104 1082 18c3 18c3 1883 18c3 1882 1042 0841 1082 18c3 18c3 18c2 1882 1082 1882 1882 1082 1082 1081 1081 1041 1041 1041 1081 1882 1882 1882 1882 18c2 20c2 20c2 2082 20c2 3104 4185 49c7 49c7 4185 4185 4985 5a07 72ca 7b0b 7aca 830b 830b 834b b4b1 c573 d5b4 d573 d573 ddb3 dd73 d572 d573 cd32 d5b4 ddb5 ddf4 e5f5 e635 e636 e636 ee76 ee77 ee77 e677 e677 ee77 ee77 ee77 ee77 e637 e636 e636 e636 e636 e636 e636 e636 e636 e636 e636 e636 e636 e636 e635 e635 e635 e636 e635 e635 e635 e635 e636 e636 e636 e636 de37 d5f7 cdf7 c638 be39 be39 b639 b67a bebc bebd bebd bebd befd befe befe befe b6fd b6fd befd befe befd bebd bebd bebc a577 c67b efbf e77e df3e efbf e77e e7bf e77e e77e efbf efbf efbf efbf f7bf f7bf efbf efbf efbf f7bf f7ff f7bf ef7f e77e f7bf e77e d6bb b5f8 9d35 8432 6b8f 5b0d 5acd 4a8b 39c8 2946 2105 2106 2946 2946 2946 2946 2105 2105 2105 2105 2945 2945 2945 2945 2945 2945 2105 2105 2105 2105 2104 2104 2105 2145 2945 2945 2145 2144 2145 2945 2145 2105 2105 2105 2945 2945 18c4 1904 2104 2104 2105 2105 2105 2105 2104 2104 2104 2104 2104 2104 2104 2104 2105 2105 2104 2104 2104 2104 2104 2104 2104 2104 2104 2104 2104 2104 2104 2104 2104 2104 2104 2104 2104 2104 2104 2104 2104 2104 2104 2104 2104 2104 2104 2104 2104 2104 2105 2105 2105 2105 2105 2105 2104 2104 2104 2104 2104 2104 2105 2105 2105 2105 2105 2105 2105 2105 2105 2105 
6477 6477 6477 6477 6477 6477 64b7 64b7 64b7 64b7 64b7 6cb8 6cb8 6cb8 6cb8 6cb8 6cb8 6cb7 74b8 6cb8 6cb8 6cf9 6cf9 6cf9 6cf9 6cf8 74f8 7cf7 7c74 29c9 2988 2987 2945 20c3 1082 18c3 2104 18c3 1082 20c4 2104 2945 3186 2104 18c3 20c4 1082 20c3 2945 3146 20c4 18c3 1882 18c3 1082 18c3 18c3 20c3 18c3 1082 0841 1041 1882 18c3 18c2 1082 1081 1082 18c2 18c3 18c2 1082 1882 1082 1041 1041 1041 1081 1882 1882 18c2 1882 1882 1882 20c2 20c2 20c2 20c2 28c3 4185 49c6 5a08 5a07 5a07 6248 6a89 7289 8b4c 9bce 9c2e bcf1 bd32 c532 cd32 ddb3 ddb4 ddb3 d573 ddb4 d5b4 d573 ddf5 ddf5 e5f5 e636 e636 e636 ee77 ee77 ee77 e677 e677 e677 e677 ee77 e637 e636 e636 e636 e636 e636 e636 e636 e636 e636 e636 e636 e635 e635 e5f5 e5f5 e5f5 e5f5 de35 e635 e635 e635 e636 de36 de36 de37 d637 d638 c5f8 bdf8 be39 be7b be7c bebd befd bebd b6bd b6be b6fe b6fe b6fe b6fe b6fe b6fe b6fe b6fe b6fe befe befe befe c6fe 7c73 1106 3209 7c32 9535 be39 cebb d6fc df7d e77d e77e ef7e efbe efbf f7bf f7bf f7bf efbe e77e e73d defc c679 ad76 94f4 6b4e 5b0d 4a8a 3a08 31c8 3187 2987 2987 2105 2105 2146 2946 2946 2946 2946 2105 2105 2105 2105 2145 2945 2945 2105 2104 2105 2105 2105 2105 2145 2945 2945 2945 2105 2104 2105 2144 2145 2945 2145 2144 2945 2105 2104 2105 2145 2105 2104 1904 2945 2105 2104 2104 2104 2104 2104 2104 2104 2104 2104 2104 2104 2104 2104 2104 2105 2105 2105 2104 2104 2104 2104 2104 2104 2104 2104 2104 2104 2104 2104 2104 2104 2104 1904 1904 2104 2104 2104 1904 2104 2104 2104 2104 2104 2104 2104 2104 2104 2104 2105 2105 2105 2105 2105 2105 2104 2104 2104 2104 2104 2104 2105 2105 2105 2105 2105 2105 2105 2105 2105 2105 
6477 6477 6477 6477 6477 6477 6477 6477 64b7 64b7 6cb7 6cb7 6cb8 6cb8 6cb8 6cb7 6cb7 6cb7 6cb8 6cb8 6cb8 6cf8 6cf9 6cf8 6cb8 74f8 7cf8 74b7 7cb6 5b91 1989 2188 2946 2904 20c3 18c3 20c4 18c3 1083 18c3 2105 2105 2945 2946 2945 2104 18c3 1041 2104 2904 2904 20c3 1882 1042 1082 1883 20c3 18c3 18c3 1883 1042 0841 1041 1883 18c3 1883 1082 1082 1041 0841 1082 1883 1082 1082 1882 1882 1082 1082 1082 18c2 20c3 18c3 18c2 18c2 20c2 20c3 20c2 20c2 28c2 28c2 28c2 3903 4985 51c6 5a07 6a89 6a48 7aca 834b 938c 9bce ac6f bcf1 cd72 d573 d573 ddb4 ddb4 ddb4 ddf5 ddf5 ddf5 ddf5 e5f5 e636 e636 e636 e637 ee77 e677 e637 e637 e637 e676 e636 e636 e636 e636 e636 e636 ee36 ee36 e5f6 e636 e636 de36 de36 de35 e5f5 e5f5 e5f5 ddf4 ddf4 e635 e635 e635 de35 de36 d636 ce37 ce37 c638 bdf9 b63a be7b bebd b6bd b6be b6be b6be b6bd b6bd b6be b6be b6fe b6fe b6fe b6fe b6fe b6fe b6fe befe befe befe befe befe c6fe 8d36 1988 0084 1906 2146 1905 2946 3186 3186 4a49 4a49 4209 4a8b 4a8a 4a8b 424a 4209 39c8 3187 2986 2946 2945 2945 2946 2946 2946 2945 2945 2945 2945 2945 2105 2145 2945 2945 2945 2945 2945 2145 2145 2145 2145 2145 2145 2945 2945 2945 2105 2105 2105 2105 2105 2105 2105 2145 2105 2105 2105 2105 2105 2105 2105 2105 2105 2105 2105 2105 2105 2105 2105 2105 2104 2104 2104 2104 2105 2105 2105 2105 2104 2104 2104 2104 2104 2104 2104 2104 2104 2104 2104 2104 2104 2104 2104 2104 2104 2104 2104 2104 2104 2104 2104 2104 2104 2104 2104 2104 2104 2104 2104 2104 2104 2104 2104 2104 2104 2104 2104 2104 2104 2104 2104 2104 2104 2104 2104 2104 2105 2105 2105 2104 2105 2105 2105 2145 2105 2104 2104 2104 2104 2104 2105 2105 
6477 6477 6477 6477 6477 6477 6477 6477 64b7 64b7 6cb7 6cb7 6cb8 6cb8 6cb8 6cb7 6cb7 6cb7 6cb8 6cb8 6cb8 6cf8 6cf8 6cf8 6cf8 6cb7 74f8 7cf7 7cf7 6c34 3a8e 1948 2987 3146 2104 20c4 18c4 18c3 18c3 0842 2104 2104 2104 2104 20c3 2104 2103 1081 1883 20c3 2904 2104 20c3 1882 1082 1082 18c3 18c3 20c3 20c3 1882 1082 1041 1082 1082 1082 1082 1082 1041 0841 1082 1883 1082 1082 1082 1082 1082 1082 1082 1082 1041 1882 18c3 1882 1882 1881 1882 20c2 3103 3985 4185 4185 4185 4985 4985 4985 5a07 6a48 6a88 7ac9 8b4b 9bcd b4b0 cd72 d573 d5b3 ddb4 ddf4 ddf5 ddf5 e5f5 ddf5 e5f5 e635 e636 e636 e637 e637 e637 e637 e637 e636 e636 e636 e636 e636 e635 e635 e635 e635 e5f6 edf5 e5f6 e5f5 ddf5 ddf5 ddf5 ddf5 e5f5 e5f5 e5f5 e5f5 de35 d5f4 de35 ddf5 ddf6 d636 ce37 c638 c639 be3a be7b b67c b6bd b6be b6be aebe aefe b6fe b6be b6bd b6be b6be b6fe b6fe b6fe b6fe befe befe befe befe befe befe befe befe b6bd c6fe ae3a 29c9 1946 1905 18c4 2945 2945 2104 18c3 18c3 2105 1904 1904 2105 2145 2145 2105 2105 2105 2105 2145 2945 2945 2945 2945 2905 2905 2905 2905 2105 2105 2105 2145 2145 2945 2945 2145 2145 2145 2145 2105 2105 2145 2145 2945 2945 2105 2105 2105 2105 2105 2105 2105 2105 2105 2105 2105 2105 2105 2105 2105 2105 2105 2105 2105 2105 2105 2105 2105 2105 2104 2104 2104 2104 2104 2104 2105 2105 2104 2104 2104 2104 2104 2104 2104 2104 2104 2104 2104 2104 2104 2104 2104 2104 2104 2104 2104 2104 2104 2104 2104 2104 2104 2104 2104 2104 2104 2104 2104 2104 2104 2104 2104 2104 2104 2104 2104 2104 2104 2104 2104 2104 2104 2104 2104 2104 2104 2104 2105 2105 2105 2104 2104 2104 2104 2104 2105 2105 2105 2104 2104 1904 
6477 6477 6477 6477 6477 6477 6477 6477 64b7 64b7 6cb7 6cb7 6cb8 6cb8 6cb8 6cb7 6cb7 6cb7 6cb8 6cb8 6cb8 6cf8 6cf8 6cf8 74f9 6cb7 74b8 7cf8 7cf7 7cb7 63d3 29cb 2146 2946 2945 2104 18c3 2104 2945 1082 18c3 2104 2104 18c3 18c3 2104 2104 18c3 1082 1883 20c4 2104 20c4 1883 1082 0841 1082 18c3 2104 20c4 18c3 1882 1082 1041 1042 1042 1082 1082 1041 0841 0841 1082 1082 1082 1082 1082 1082 1082 1082 1082 1081 1081 1041 1041 1881 1881 1881 1882 2082 28c2 28c2 3944 6248 730b 72ca 6288 6a48 6a88 72c9 834b 9bcd ac6e bcb0 cd72 d5b3 d5b3 ddb4 ddf4 ddf5 ddf5 e5f5 e635 e635 e635 e636 e636 ee36 e636 e637 e637 e636 e636 ee36 ee36 e636 e635 e635 e635 e635 e635 e5f6 e5f5 e5f5 e5f5 ddf5 ddf5 ddf5 ddf5 ddf5 ddf5 e5f5 e636 d635 cdf5 d5f6 cdf7 cdf7 c5f7 c638 c639 be7a be7b bebc bebd b6bd b6bd b6bd b6bd b6be b6fe b6bd b6bd b6be b6be b6fe b6fe b6fe b6fe befe befe befe befe befe befe befe befe c73e befd b67b c6fd 428b 1105 2146 2146 1083 2945 2105 2145 2105 1904 2946 18c4 1904 1904 1904 2104 2104 2105 2105 2105 2105 2105 2105 2105 2105 2104 2104 2104 2105 2105 2105 2105 2105 2105 2145 2145 2105 2105 2105 2105 2105 2105 2145 2145 2105 2105 2105 2145 2105 2105 2105 2105 2105 2105 2105 2105 2105 2105 2105 2105 2105 2105 2105 2105 2105 2105 2105 2105 2104 2104 2104 2104 2104 2104 2104 2104 2104 2104 2104 2104 2104 2104 2104 2104 2104 2104 2104 2104 2104 2104 2104 2104 2104 2104 2104 2104 2104 2104 2104 2104 2104 2104 2104 2104 2104 2104 2104 2104 2104 2104 2104 2104 2104 2104 2104 2104 2104 2104 2104 2104 2104 2104 2104 2104 2104 2104 2104 2104 2104 2104 2104 2104 2104 2104 2105 2105 2104 1904 18c3 18c3 
6477 6477 6477 6477 6477 6477 6477 6477 64b7 64b7 6cb7 6cb7 6cb8 6cb8 6cb8 6cb7 6cb7 6cb7 6cb8 6cb8 6cb8 6cf8 6cf8 6cf8 6cf8 74f8 74f8 7cf8 74b7 74f7 7cb7 5350 2988 2105 2946 2946 18c4 2104 2945 2904 1082 20c3 2904 2103 18c2 18c3 2104 18c3 1082 1082 18c3 18c3 18c3 1883 1082 1042 1082 18c3 2104 18c3 18c3 18c3 1082 1082 1082 1082 1082 1082 1042 0841 0841 0841 1082 1082 1082 1082 1082 1882 1082 1082 18c2 1082 1041 1041 1081 1882 1882 1881 20c2 20c2 28c2 3944 4185 4985 4985 5a07 72c9 7aca 830b 93cd ac6f b4af b4b0 c531 d5b3 ddb4 ddf4 ddf5 ddf5 e5f5 e635 e635 e635 e635 e636 e636 ee36 ee36 ee36 ee36 ee36 ee36 ee36 e636 e636 e635 e635 e635 de35 de35 e5f5 e5f5 e5f5 e5f5 ddf5 ddf5 ddf5 ddf5 ddf5 ddf5 ddf6 d5f6 ce36 ce37 c5f7 c5f8 be38 be39 be7a be7b bebc bebc b6bd b6bd b6bd b6bd b6bd b6bd b6bd b6fd b6bd b6bd b6be b6be b6fe b6fe b6fe b6fe befe befe befe befe befe befe befe befe befd befd cf3e b6bb c6bc 638f 1946 1104 2146 2145 10c3 1904 2105 18c4 18c4 2104 2105 2105 2105 2105 2105 2105 2105 2105 2104 2104 2104 2104 2104 2104 2104 2104 2105 2105 2105 2105 2105 2105 2105 2105 2105 2105 2105 2105 2105 2105 2105 2105 2105 2105 2145 2145 2145 2105 2105 2105 2105 2105 2105 2105 2105 2105 2105 2105 2105 2105 2105 2105 2105 2105 2105 2105 2105 2105 2105 2104 2104 2104 2104 2104 2105 2105 2105 2104 2104 2104 2104 2104 2105 2105 2105 2104 2104 2104 2104 2104 2104 2104 2104 2104 2104 2104 2104 2104 2104 2104 2104 2104 2104 2104 2104 2104 2104 2104 2104 2104 2104 2104 2104 2104 2104 2104 2104 2104 2104 2104 2104 2104 2104 2104 2104 2104 2104 2104 2105 2145 2105 2104 1904 18c3 18c3 18c3 18c3 18c3 
6477 6477 6477 6477 6477 6477 6477 6477 64b7 64b7 6cb7 6cb7 6cb8 6cb8 6cb8 6cb7 6cb7 6cb7 6cb8 6cb8 6cb8 6cf8 6cf8 6cf8 6cb8 7539 74f8 74f8 74f8 74b7 7cf8 74b5 4a8d 2146 2987 2146 18c4 2104 20c3 2944 1882 1882 20c3 20c3 18c2 18c3 18c3 1083 1882 1082 1082 1082 1883 1882 1082 1082 1041 18c3 2104 18c3 18c3 1883 1882 1082 1882 1082 1082 1042 1082 1082 0841 0841 0841 1082 1082 1883 1882 1082 1082 1082 1081 1082 1882 1882 1041 1041 1882 20c2 20c2 2903 3944 4185 4986 49c6 5a07 72ca 830b 834b 8b8c 9c2e b4b0 bd31 c532 d5b3 ddb4 ddf4 ddf4 e5f5 e635 e635 e635 e635 e5f5 e5f5 e635 e635 ee36 ee36 ee36 ee36 ee36 ee36 e636 e636 e636 e635 e5f5 ddf5 d5f5 ddf5 ddf5 ddb5 ddb4 ddb4 d5b4 d5f4 ddf4 d5f4 ddf5 ddf6 d5f6 cdb6 c5f7 c679 be39 b63a be7b be7b bebc bebd b6bd b6bd b6bd b6bd b6bd b6bd b6bd b6bd b6bd b6fd b6bd b6bd b6be b6be b6fe b6fe b6fe b6fe befe befe befe befe befe befe befe befe befd c6fe c73d c6fd befc c6fd 7432 2187 1105 2146 2146 1904 2145 2105 18c3 2946 2104 2104 2104 2104 2104 2104 2104 2104 2104 2104 2104 2104 2104 2104 2104 2104 2105 2105 2105 2105 2105 2105 2105 2105 2105 2105 2105 2105 2105 2105 2105 2105 2105 2105 2105 2145 2145 2105 2105 2105 2105 2105 2105 2105 2105 2105 2105 2105 2105 2105 2105 2105 2105 2105 2105 2105 2105 2105 2105 2105 2105 2104 2104 2104 2105 2105 2105 2105 2105 2104 2104 2104 2105 2105 2105 2105 2105 2104 2104 2104 2104 2104 2104 2104 2104 2104 2104 2104 2104 2104 2104 2104 2104 2104 2104 2104 2104 2104 2104 2104 2104 2104 2104 2104 2105 2105 2105 2105 2105 2105 2105 2105 2104 2104 2104 2104 2104 2104 2104 2104 1904 18c4 18c3 10c3 1083 18c3 18c3 18c4 
6477 6477 6477 6477 6477 6477 6477 6477 64b7 64b7 6cb7 6cb7 6cb8 6cb8 6cb8 6cb7 6cb7 6cb7 6cb8 6cb8 6cb8 6cf8 6cf8 6cf8 6cb8 7539 6cf8 74f8 7d39 74f8 74f8 7cf7 6bd2 320a 2187 1946 2105 2945 18c3 2904 2904 1882 1081 1882 18c2 18c3 18c3 1082 1082 1082 1082 1082 1882 1882 1082 1082 0841 1082 18c3 20c3 18c3 18c3 1882 1082 1082 1082 0841 0841 1082 1082 1082 0841 0841 1041 1082 1883 1082 1082 1082 1082 0841 1081 1082 1082 1882 1882 1882 1882 20c2 3144 4145 4185 49c6 5a07 6248 6248 6a88 72c9 830a 938c ac6f bcf1 cd72 d5b3 ddf4 ddf4 e5f4 e5f5 e5f5 e635 e635 e635 e5f5 e5f5 e5f5 e635 e635 e636 e636 ee36 e636 e636 e636 e5f5 e5f5 ddf5 ddf5 ddf5 d5f5 d5f5 ddf4 ddb4 ddb4 ddb4 ddb3 d5b3 d5b4 d5b4 ddb4 d5b5 cdb6 bdb6 be38 be7a b67b b67c b6bd b6bd b6bd b6bd aebd aebd aebd b6be b6fe b6fd b6bd b6bd b6bd b6bd b6bd b6bd b6be b6be b6fe b6fe b6fe b6fe befe befe befe befe befe befe befe befe befd befd b6bc c73e befd c73d cf3e 8cf5 2188 0083 1905 2146 18c4 2105 2105 18c4 2104 2104 2104 2104 2104 2104 2104 2104 2104 2104 2104 2104 2104 2104 2104 2104 2105 2105 2105 2105 2105 2105 2105 2105 2105 2105 2105 2105 2105 2105 2105 2105 2105 2105 2105 2105 2145 2105 2105 2105 2105 2105 2105 2105 2105 2105 2105 2105 2105 2105 2105 2105 2105 2105 2105 2105 2105 2105 2105 2105 2105 2105 2105 2105 2105 2105 2105 2105 2105 2105 2105 2105 2105 2105 2105 2105 2105 2105 2105 2105 2104 2104 2104 2104 2104 2104 2104 2104 2104 2104 2104 2104 2104 2104 2104 2104 2104 2104 2104 2104 2104 2104 2104 2104 2105 2105 2105 2105 2105 2105 2105 2105 2104 2104 2105 2105 2104 2104 18c4 18c3 10c3 18c3 18c3 18c3 18c4 1904 2104 2104 
6477 6477 6477 6477 6477 6477 6477 6477 64b7 64b7 6cb7 6cb7 6cb8 6cb8 6cb8 6cb7 6cb7 6cb7 6cb8 6cb8 6cb8 6cf8 6cf8 6cf8 6cf8 6cf9 74f9 6cf8 74f9 7539 74f8 7cf8 7cb6 5b50 2a0a 2147 2146 2105 2904 2903 3145 20c2 1881 1081 1082 18c3 18c3 1082 0841 1042 1082 1082 1082 1082 1082 1082 0841 1041 1082 18c3 20c3 18c3 1883 1882 1082 1082 0841 0841 0841 1082 1082 1082 1042 1082 1082 1082 1082 1082 1082 1082 1081 0841 0841 1041 1082 1882 1881 1041 1881 3144 49c6 49c6 5207 5a07 5a08 6248 6a88 7ac9 830a 8b8b a46e bcf1 cd72 d5b3 ddf4 ddf4 e5f4 e5f5 e5f5 e5f5 e5f5 e635 e635 e635 e635 e635 e5f5 e635 e636 e636 e5f5 e5f5 e5f5 ddf5 ddf5 ddf5 ddf5 d5f4 d5f5 d5f4 ddf4 ddb4 ddb4 ddb4 d5b3 d5b3 d5b3 ddb4 d5b4 cd74 c575 bdf8 be7a b67b b6bd b6bd b6be b6be b6be aebe aebe aebd aebe b6fe b6fe b6fd b6bd b6bd b6bd b6bd b6bd b6bd b6be b6be b6fe b6fe b6fe b6fe befe befe befe befe befe befe befe befe bf3e b6bc cf7f b6bc b6bc c73e c6fe c6fd ae3a 3a4b 10c5 2147 2105 1904 2105 20c3 2105 2104 2104 2104 2104 2104 2104 2104 2104 2104 2104 2104 2104 2104 2104 2104 2105 2105 2105 2105 2105 2105 2105 2105 2105 2105 2105 2105 2105 2105 2105 2105 2105 2105 2105 2105 2105 2145 2145 2145 2105 2105 2105 2105 2105 2105 2105 2105 2105 2105 2105 2105 2105 2105 2105 2105 2105 2105 2105 2105 2105 2105 2105 2105 2105 2105 2105 2105 2105 2105 2105 2105 2105 2105 2105 2105 2105 2105 2105 2105 2104 2104 2104 2104 2104 2104 2104 2104 2104 2104 2104 2104 2104 2104 2104 2104 2104 2104 2104 2104 2104 2104 2104 2105 2105 2105 2105 2104 2104 2104 2104 2104 2104 2104 2104 2104 18c4 18c3 18c3 18c3 18c3 18c3 18c4 2104 2104 2104 2104 2104 
6477 6477 6477 6477 6477 6477 6477 6477 64b7 64b7 6cb7 6cb7 6cb8 6cb8 6cb8 6cb7 6cb7 6cb7 6cb8 6cb8 6cb8 6cf8 6cf8 6cf8 6cf9 6cf8 7d3a 6cf8 6cb7 74f9 74f8 7cf8 8537 7cf6 42cd 21c9 1946 18c4 3186 2103 2903 2103 20c3 1081 0841 1082 1083 0842 0842 0841 0841 1042 1082 1082 1082 1082 1082 0841 0841 1082 18c3 18c3 18c3 18c3 1042 1082 0841 0801 0000 0841 1082 1883 1883 1882 1082 1082 1082 1882 1082 1082 1081 1081 1081 0841 0800 0840 1041 1882 1882 2082 28c3 49c6 628a 6a8a 6249 6248 7289 7ac9 72c9 7288 8b4b ac6e c531 d573 ddb4 ddf4 e5f5 e5f5 e5f5 e5f5 e635 e635 e635 e635 e635 e5f5 e5f5 e5f5 e5f5 e5f5 e5f5 ddf5 ddf5 ddf5 ddf5 d5f4 d5b4 d5f4 d5f4 cdf4 d5b4 ddb4 ddb4 d5b3 d5b3 d5b2 d5b2 ddf4 ddb4 c534 bd76 c63a bebc b6bc aebd aebe aebe aebe aebe aebe aebe aebe aebd aebd aebe b6bd b6bd b6bd b6fd b6fd b6bd b6bd b6be b6be b6fe b6fe b6fe b6fe befe befe befe befe befe befe befe befe b6fd bf3e b6fd bf3e c73e befe befd befe c73e b67b 4acd 08c4 1905 2105 18c4 2104 2104 2104 2104 2104 2104 2104 2104 2104 2104 2104 2104 2104 2104 2104 2104 2104 2104 2105 2105 2105 2105 2105 2105 2105 2105 2105 2105 2105 2105 2105 2105 2105 2105 2105 2105 2105 2105 2145 2945 2945 2105 2105 2105 2105 2105 2105 2105 2105 2105 2105 2105 2105 2105 2105 2105 2105 2105 2105 2105 2105 2105 2105 2105 2105 2105 2105 2105 2105 2105 2105 2105 2105 2105 2105 2105 2105 2105 2105 2105 2105 2104 2104 2104 2104 2104 2104 2104 2104 2104 2104 2104 2104 2104 2104 2104 2104 2104 2104 2104 2104 2104 2104 2105 2105 2104 2104 2104 2104 2104 2104 2104 2104 2105 2104 18c4 18c3 1083 10c3 18c3 18c3 2104 2104 2104 2104 2104 2104 2104 2104 
6477 6477 6477 6477 6477 6477 6477 6477 6477 64b7 64b7 6cb7 6cb7 6cb8 6cb8 6cb7 6cb7 6cb7 6cb7 6cb8 6cb8 6cf8 6cf8 6cf8 6cf8 6cf8 74f9 74f9 74f9 74f9 74f9 74f8 7cf7 8538 6c34 324c 1947 1906 2105 2104 2904 20c3 1882 1041 1081 1082 1082 1082 0841 1082 1082 0841 0841 1082 1082 1082 1082 1082 1082 1082 1082 1082 18c3 2104 18c3 1082 1042 1042 0841 0841 0841 1082 1082 1082 1082 1082 1082 1082 18c3 18c3 18c3 1082 1041 1081 1082 1041 1041 1881 1881 1841 1841 1881 28c2 3944 49c6 5a07 6207 6a48 72c9 830b 8b4c 938c a42e ac6f cd32 d5b4 e5f5 e5f5 e5f5 e5f5 e5f5 e635 e636 ddf5 ddf5 ddf5 ddf5 e636 ddf5 ddf5 d5b4 ddf5 ddf5 d5f4 d5b4 d5f4 d5f5 d5b4 cdb3 d5f4 cd33 d573 ddb4 d573 ddb3 ddb3 ddf4 ee35 ddf5 d5f6 b576 c67a b6bc aebd aebd aebd aebd aebe aebe aebe aebe aebe aebe aebd aebe b6bd b6bd b6bd b6bd b6bd b6be b6be b6be b6be b6fe b6fe b6fe b6fe befe befe befe b6fe b6fe befe befe befe befd befd befe befe befe befe befe befe befd c6fd c6bc 6390 1905 1905 1904 2145 18c4 2946 18c4 2105 2104 2104 18c4 2104 2104 2104 2104 2104 2104 2104 2104 2104 2105 2105 2105 2105 2105 2105 2105 2105 2105 2105 2105 2105 2105 2105 2105 2105 2105 2105 2105 2105 2105 2105 2105 2105 2105 2105 2105 2105 2105 2105 2105 2105 2105 2105 2105 2105 2105 2105 2105 2105 2105 2105 2105 2105 2105 2105 2105 2905 2105 2105 2105 2105 2105 2105 2105 2105 2105 2105 2105 2105 2105 2105 2105 2105 2104 2104 2104 2104 2104 2105 2105 2105 2104 2104 2104 2104 2104 2104 2104 2104 2104 2104 2104 2104 2105 2105 2105 2105 2104 2104 2104 2104 2104 2104 2104 2104 18c3 18c3 1083 1083 18c3 18c4 2104 2105 2104 2104 2104 2104 2104 2104 2104 2104 
6477 6477 6477 6477 6477 6477 6477 6477 6477 64b7 64b7 6cb7 6cb7 6cb8 6cb8 6cb7 6cb7 6cb7 6cb7 6cb8 6cb8 6cf8 6cf8 6cf8 6cf8 6cf8 74f9 74f9 74f9 74f9 74f9 74f9 7d39 74f7 7cf7 6c33 29ca 10c5 1906 2105 2104 20c3 18c3 1882 1082 1082 1082 1082 1082 1082 0841 0841 0841 0841 1082 1082 0841 0841 1082 1082 1082 1082 18c3 18c3 18c3 1082 1082 1082 1082 1041 1082 1882 1082 1082 1042 1082 1082 1883 1883 1882 18c3 18c3 1082 1082 1081 1082 1881 1041 1882 1881 1841 1841 1841 2081 28c2 3103 4144 4985 5a06 6247 6a48 7aca 9bcd b4b0 cd33 d573 d5b4 ddb4 ddf5 ddf5 e5f6 ddf6 de36 de36 e677 de36 d5f4 d5b4 ddf5 ddf5 de35 ddf4 d5b4 cdb3 d5b4 d5f5 cdb3 c532 bd31 c532 c532 ddb4 ddb4 ddb4 ddf4 ddf4 e5f4 ee35 e636 ddf7 bd76 be3a b67d aebe aebd b6bd b6bd b6bd b6bd b6bd b6be aebe b6bd aebd aebe aebe b6bd b6fd b6fd b6bd b6be b6be b6be b6be b6fe b6fe b6fe b6fe befe befe b6fe b6fe b6fe befe befe befe befd befe befe befe befe befe befe befe befe c6fe c6fd d73e 84b3 2146 2146 1905 2946 18c4 2945 2105 2104 2105 2104 2104 2104 2104 2104 2104 2104 2104 2104 2104 2105 2105 2105 2105 2105 2105 2105 2105 2105 2105 2105 2105 2105 2105 2105 2105 2105 2105 2105 2105 2105 2105 2105 2105 2105 2105 2105 2105 2105 2105 2105 2105 2105 2105 2105 2105 2105 2105 2105 2105 2105 2105 2105 2105 2105 2105 2105 2105 2105 2105 2105 2105 2105 2105 2105 2105 2105 2105 2105 2105 2105 2105 2105 2105 2104 2104 2104 2104 2104 2104 2104 2104 2104 2104 2104 2104 2104 2104 2104 2104 2105 2104 2104 2104 2104 2104 2104 2104 2104 2104 2104 2104 2104 2104 18c3 18c3 10c3 18c3 18c3 18c4 2104 2104 2104 2104 2104 2104 2104 2104 2104 2104 2104 2104 
6477 6477 6477 6477 6477 6477 6477 6477 6477 64b7 64b7 6cb7 6cb7 6cb8 6cb8 6cb7 6cb7 6cb7 6cb7 6cb8 6cb8 6cf8 6cf8 6cf8 6cf8 6cf8 74f9 74f9 74f9 74f9 74f9 74f9 74f8 74f8 8539 7cf7 5b91 29ca 1906 1906 1083 2105 2945 18c3 0841 0841 0842 0841 1082 1082 0841 1082 0841 0841 0841 1082 0841 0841 1082 1082 1082 1082 1082 1082 18c3 1882 1082 1882 1082 0841 0841 1082 1082 0841 0841 0841 1082 1883 1082 1082 1082 18c3 18c3 1882 1882 1882 1882 1882 1882 2082 2082 1881 1841 1841 1881 2081 2041 2081 30c2 4144 6207 830b a42f bcf2 d5b4 d5b5 ddf5 d5b5 d5b5 d5b5 d5b5 d5b5 c5b4 cdb4 cdf4 cdb4 d5b4 d5b4 d5b4 cd74 cd73 cd73 c532 c531 b4b1 acb0 acb0 b4b0 c572 cd73 ddb4 e5f6 ddb5 e5f6 e5f4 e5f4 e5f4 ee35 ee36 de37 c5b7 b63a ae7d aebe b6bd b6bd b6bd b6bd b6bd b6bd b6bd b6bd b6bd b6bd b6be b6be b6be b6be b6be b6fd b6bd b6be b6be b6be b6fe b6fe b6fe b6fe befe befe b6fe b6fe b6fe befe befe befe befe befe befe befe befe befe befe befe befe befd c6fe bebc d77e a5b8 2187 1105 1905 18c4 2946 2104 1904 2145 2105 1904 2104 2104 2104 2104 2104 2104 2104 2104 2105 2105 2105 2105 2105 2105 2105 2105 2105 2105 2105 2105 2105 2105 2105 2105 2105 2105 2105 2105 2105 2105 2105 2105 2105 2105 2105 2105 2105 2105 2105 2105 2905 2105 2105 2105 2105 2105 2105 2105 2105 2105 2105 2105 2105 2105 2105 2105 2105 2105 2105 2105 2105 2105 2105 2105 2105 2105 2105 2105 2105 2105 2105 2105 2105 2105 2105 2105 2105 2105 2105 2105 2105 2105 2105 2105 2105 2105 2105 2105 2104 2104 2104 2104 2104 2104 2104 2104 2105 2104 2104 2104 18c3 18c3 18c3 1083 18c3 18c4 2104 2104 2105 2104 2104 1904 2104 2104 2104 2104 2104 2104 2104 2104 
6477 6477 6477 6477 6477 6477 6477 6477 6477 64b7 64b7 6cb7 6cb7 6cb8 6cb8 6cb8 6cb7 6cb7 6cb7 6cb8 6cb8 6cb8 6cf8 6cf8 6cf8 6cf8 74f8 74f8 74f9 74f8 74f9 74f9 6cf8 7539 7cf8 7cf8 7cf7 63d2 320b 1106 2146 10c4 1083 2104 2104 1042 0000 0841 1082 1082 1082 1082 0841 0841 0841 1082 1082 1082 0841 0841 1082 1082 1082 1082 1082 1082 1082 1882 1082 1041 0841 1082 1082 0841 0841 0841 1042 1082 1082 1082 1042 1882 18c3 1882 1882 1882 20c2 1882 1882 20c2 20c3 20c3 2082 1882 2082 2082 28c3 28c2 30c3 4145 5a07 72ca 834c 93ce a470 b4b1 bcf2 b4f2 acb1 a470 acb1 acb1 b4f2 b532 acb1 acb0 ac70 a46f 9bcd 8b4b 8b4b 9b8c a42e ac6f a42e a42e b4b0 c532 d5b4 ddb4 ee36 ddb4 e5b6 ee36 ddf4 e5f4 e5f4 e5f4 ee36 ddf6 c5b7 b5f9 b6bd aebe aebd b6bc b6bd b6bd b6bd b6bd b6bd b6bd b6bd b6bd b6be b6be b6be b6be b6be b6be b6bd b6bd b6be b6be b6be b6fe b6fe b6fe b6fe b6fe b6fe b6fe befe befe befe befe befe befe befe befe befe befe befe befe befe befe b6bc cf3e bebd c6fd c6bc 428c 1905 2146 1905 2105 1904 2105 1904 2105 2104 2105 2105 2104 2104 2104 2104 2104 2105 2105 2105 2105 2105 2105 2105 2105 2105 2105 2105 2105 2105 2105 2105 2105 2105 2105 2105 2105 2105 2105 2105 2145 2105 2105 2105 2105 2105 2105 2105 2105 2905 2905 2105 2105 2105 2105 2105 2105 2105 2105 2105 2105 2105 2105 2105 2105 2105 2105 2105 2105 2105 2105 2105 2105 2105 2105 2105 2105 2105 2105 2105 2105 2105 2105 2105 2105 2105 2105 2105 2105 2105 2105 2105 2105 2105 2105 2105 2105 2104 2104 2104 2105 2105 2105 2105 2105 2104 18c4 18c3 18c3 18c3 18c3 18c3 18c4 2104 2104 2104 2104 2104 2104 2104 2104 2104 2104 2104 2104 2104 2104 2104 2104 
6477 6477 6477 6477 6477 6477 6477 6477 6477 64b7 64b7 6cb7 6cb7 6cb8 6cb8 6cb8 6cb7 6cb8 6cb8 6cb8 6cb8 6cf8 6cf8 6cf8 6cf8 74f8 74f8 74f8 74f8 74f8 74f9 74f9 7d3a 6cf9 74f9 7d39 7cf7 7cf7 63d2 21c9 1947 1906 1905 18c4 18c3 1083 1042 1041 0841 1082 1082 1082 0841 1082 1082 1082 1082 1082 0841 0841 0841 1082 1082 1082 0841 1041 1082 1882 1882 1882 1883 18c3 1082 1041 0841 0841 0841 1042 1082 1082 1041 1041 1082 1882 1882 1082 1082 1882 1882 1882 1882 1882 1881 1841 1841 1881 1841 1882 2082 20c2 28c2 28c2 3103 3944 49c6 5a48 6289 6a89 6289 6289 6289 6289 49c6 5a07 51c6 51c6 59c6 59c5 6206 6206 6a07 7247 7a88 8b0b a3ce bcb0 cd73 e5f5 ddb4 e5f5 edf6 c4b2 e5f6 ee37 e5f5 ee35 ee34 e5f4 e5f5 ddb6 c5b7 b5f9 b67c aebd aebd aebd b6bd b6bd b6bd b6bd b6bd b6bd b6bd b6bd b6bd b6bd b6be b6be b6be b6be b6bd b6bd b6bd b6be b6be b6be b6fe b6fe b6fe b6fe b6fe b6fe befe befe befe befe befe befe befe befe befe befe befe befe befe befe c73e befe bebd c6fe cf3e bebc 52cc 1905 1905 2105 2145 2105 2105 2145 2105 2105 2105 2105 2105 2105 2105 2105 2105 2105 2105 2105 2105 2105 2105 2105 2105 2105 2105 2105 2105 2105 2105 2105 2105 2105 2105 2105 2105 2105 2145 2145 2105 2105 2105 2105 2105 2105 2105 2105 2905 2905 2105 2105 2105 2105 2105 2105 2105 2105 2105 2105 2105 2105 2105 2105 2105 2105 2105 2105 2105 2105 2105 2105 2105 2105 2105 2105 2105 2105 2105 2105 2105 2105 2105 2105 2105 2105 2105 2105 2105 2105 2105 2105 2105 2105 2105 2105 2104 2104 2105 2105 2104 2104 2104 18c4 18c3 18c3 18c3 18c3 18c3 2104 2104 2104 2105 2104 2104 2104 2104 2104 2104 2104 2104 2104 2104 2104 2104 2104 2104 2104 
6477 6477 6477 6477 6477 6477 6477 6477 6477 64b7 64b7 6cb7 6cb7 6cb8 6cb8 6cb8 6cb7 6cb8 6cb8 6cb8 6cb8 6cf8 6cf8 6cf8 6cf8 74f8 74f8 74f8 74f8 74f8 74f9 74f9 74f9 74f9 7539 74f9 74f8 8539 7cf7 6bd3 2189 2989 2147 1084 1042 1883 1882 1042 0841 1082 18c3 1082 0841 1082 1082 0841 1082 0841 0841 0841 1082 1082 0841 0841 0841 1041 1042 1082 1082 1882 1883 1883 1082 1082 1082 1042 0841 1041 1082 1882 1082 1041 1042 1882 1882 1041 1041 1882 1881 1881 1881 1041 1041 1041 1041 1081 1041 1041 1041 1882 1882 1881 20c2 20c2 1881 2082 28c2 28c3 2903 2903 28c3 2082 28c2 3103 2881 38c2 4944 4103 5144 5985 61c5 7207 930b bc70 dd74 e5f5 e5b5 ddb4 f636 f677 edf6 ccf2 edf7 ee37 e636 ee36 ee35 ee35 e5f5 ddb5 c5b6 be3a b6bc aebd aebd aebd aebd aebd b6bd b6bd b6bd b6bd b6bd b6bd b6bd b6bd b6be b6be b6be b6be b6bd b6bd b6bd b6bd b6be b6be b6be b6fe b6fd b6fd b6fe befe befe befe b6fe b6fe befe befe befe befe befe befe befe befe befe befe b6bd b6bd bf3e befe b6fd c73e a5b7 10c4 2145 1905 2145 1905 2105 2105 2105 2105 2105 2105 2105 2105 2105 2105 2105 2105 2105 2105 2105 2105 2105 2105 2105 2105 2105 2105 2105 2105 2105 2105 2105 2105 2105 2105 2105 2145 2145 2145 2105 2105 2105 2105 2105 2105 2105 2105 2905 2105 2105 2105 2105 2105 2105 2105 2105 2105 2105 2105 2105 2105 2105 2105 2105 2105 2105 2105 2105 2105 2105 2105 2105 2105 2105 2105 2105 2105 2105 2105 2105 2105 2105 2105 2105 2105 2105 2905 2105 2105 2105 2105 2105 2105 2105 2105 2945 2105 2104 2104 18c4 18c3 1083 1082 1083 18c3 18c4 2104 2104 2104 2104 2104 2104 2104 2104 2104 2104 2104 2104 2104 2104 2104 2104 2104 2104 2104 2104 2104 
6477 6477 6477 6477 6477 6477 6477 6477 6477 64b7 64b7 6cb7 6cb7 6cb8 6cb8 6cb8 6cb8 6cb8 6cb8 6cb8 6cb8 6cf8 74b8 74b8 74f8 74f8 74f8 74f8 74f8 74f8 74f8 74f9 6cb9 753a 74fa 74f9 7d39 7d39 7cf8 8d78 7474 3a4c 1906 2106 2946 18c4 1041 1082 1042 1082 18c3 1082 1082 1082 1082 1082 1082 1082 0841 0841 0841 0841 0841 0841 1082 1041 0841 0841 0841 1042 1042 0841 1082 1082 1082 1082 1082 1042 1082 1082 1882 1882 1842 1882 1882 1882 1882 1882 1081 1081 1041 1081 1081 1882 1882 1882 18c3 1082 0841 1082 1082 1882 1081 1081 18c2 18c2 1882 1881 1882 20c3 2103 2903 30c3 4986 5186 7289 830b 7289 7a89 8289 9b4c a38d abce bc70 d533 edf6 fe78 feb8 f636 edf5 dd74 dd75 edf7 ee37 ee37 e635 ee35 ee35 e5b4 ddb5 c576 c67a b6bc aebd aebe aebe aebe aebe aebd aebd b6bd b6bd b6bd b6bd b6bd b6bd b6bd b6bd b6bd b6bd b6bd b6bd b6bd b6bd b6be b6be b6be b6be b6fd b6fd b6fe befe befe befe b6fe b6fe befe befe befe befe befe befe befe befe bebd c73f c73f befe befe bf3e bf3f b6bc cefc 4a8b 1945 1905 1905 1905 1905 2105 2105 2105 2105 2105 2105 2105 2905 2105 2105 2105 2105 2105 2105 2105 2105 2105 2105 2105 2105 2105 2105 2105 2105 2105 2105 2105 2105 2105 2105 2145 2145 2145 2105 2105 2105 2105 2105 2105 2105 2105 2105 2105 2105 2105 2105 2105 2105 2105 2105 2105 2105 2105 2105 2105 2105 2105 2105 2105 2105 2105 2105 2105 2105 2105 2105 2105 2105 2105 2105 2105 2105 2105 2105 2105 2105 2105 2105 2105 2105 2105 2105 2105 2105 2105 2105 2105 2105 2105 2104 2104 18c4 18c3 18c3 18c3 18c3 18c3 18c3 18c4 2104 2104 2104 2104 2104 2104 2104 2104 2104 2104 2104 2104 2104 2104 2104 2104 2104 2104 2104 2104 2104 2104 
6477 6477 6477 6477 6477 6477 6477 6477 6477 64b7 64b7 6cb7 6cb7 6cb8 6cb8 6cb8 6cb8 6cb8 6cb8 6cb8 6cb8 6cf8 74b8 74b8 74f8 74f8 74f8 74f8 74f8 74f8 74f9 74f9 7d3a 6cf9 753a 7d3a 74f8 74f9 8539 7cf7 8d78 7c75 530f 31c9 2146 2105 2105 18c3 1082 1082 18c3 18c3 1082 0841 0841 1081 18c2 1082 0841 0841 0841 0842 1082 1082 1042 0841 0840 0840 0841 1081 1041 0841 1041 1082 1082 1082 1082 1081 1041 0841 1041 1082 1042 1041 1041 1882 1882 1041 1081 1081 1041 1081 1082 1882 1882 1082 1082 1082 10c3 1083 1082 0841 1041 1882 1882 20c2 2903 20c2 20c2 3144 4a07 628a 7b0c ac71 c534 ee38 ee37 b470 a38d abcd b3ce b42f b42f bc2f c470 ccf2 d533 d4f2 d532 c4b0 b42f e5b6 ddb6 ee37 ee37 ddf5 e5f5 ee36 ddb5 ddf6 bd76 c67b b6bd aebd aebe aebe aebe aebe aebe aebd b6bd b6bd b6bd b6bd b6bd b6bd b6bd b6bd b6bd b6bd b6bd b6bd b6bd b6bd b6be b6be b6be b6be b6fd b6fd b6fe befe befe b6fe b6fe b6fd befe befe befe befe befe befe befe befe c73f ae7c bf3f bf3e b6bd bf3f b6fe bf3e bebc 9535 1105 2146 2145 2145 2105 2145 2105 2105 2105 2105 2105 2105 2105 2105 2105 2105 2105 2105 2105 2105 2105 2105 2105 2105 2105 2105 2105 2105 2105 2105 2105 2105 2105 2105 2145 2145 2145 2145 2105 2105 2105 2105 2105 2105 2105 2105 2105 2105 2105 2105 2105 2105 2105 2105 2905 2105 2105 2105 2105 2105 2105 2105 2105 2105 2105 2105 2105 2105 2105 2105 2105 2105 2105 2105 2105 2105 2105 2105 2105 2105 2105 2105 2105 2105 2105 2105 2105 2105 2105 2105 2105 2105 2105 2105 18c4 18c3 1083 1082 1083 18c3 2104 2105 2105 2104 2104 2104 2104 2104 2104 2104 2104 2104 2104 2104 2104 2104 2104 2104 2104 2104 2104 2104 2104 2104 2104 2104 
6477 6477 6477 6477 6477 6477 6477 6477 6477 6477 64b7 6cb7 6cb8 6cb8 6cb8 6cb8 6cb7 6cb8 6cb8 6cb8 6cb8 6cb8 6cb8 6cf8 6cf8 74f8 74f8 74f8 74f8 74f8 74f8 74f8 74f9 74f9 74f9 7539 7539 7539 7d39 7d39 7d38 8539 8538 6c33 3a8d 1989 1107 1946 1083 1082 1082 18c3 18c2 1081 1041 1081 0840 0841 1082 1082 0842 0041 0041 0841 1082 1041 0840 0840 1041 1041 0840 0800 1041 1041 1081 1081 1882 1082 1041 1041 0841 0842 1042 1042 1041 1041 1041 1041 1081 1081 1041 1882 1881 1041 1041 1081 1081 1081 1082 1082 1083 1083 1083 1882 20c2 2081 28c1 4184 730a acb1 c574 cd74 ddb5 d573 e5b4 f636 f636 d533 c46f bc2e c470 c470 c470 c470 c470 c470 c470 bc6f bbce bbce c4b1 ddb5 ee38 e637 de36 e637 e5f6 e637 ddf7 cdb7 bdf9 be7c b6be a6bd aebe aebd aebd aebd aebd b6bd b6bd b6bd b6bd b6bd b6be b6be b6be b6be b6be b6be b6bd b6bd b6bd b6bd b6be b6be b6fe b6fe b6fd b6fe b6fe b6fe befe befe befe befe befe befe befe befe befe befe befe befe befe befe befe befe befe befe befe befe befe befd 1987 2146 1905 2945 2945 2104 2105 2105 2105 2105 2105 2105 2105 2104 2105 2105 2105 2105 2105 2105 2105 2105 2105 2105 2105 2105 2105 2105 2105 2105 2105 2105 2145 2145 2105 2105 2105 2105 2105 2105 2105 2105 2105 2105 2105 2105 2105 2105 2105 2905 2905 2105 2105 2105 2905 2105 2105 2105 2105 2105 2105 2105 2105 2105 2105 2105 2105 2105 2105 2105 2105 2105 2105 2105 2105 2105 2105 2104 2105 2105 2105 2105 2105 2105 2104 2104 2105 2105 2105 2105 2105 2104 18c3 1083 1083 1883 18c3 18c4 2104 2104 2105 2105 2105 2105 2105 2105 2105 2105 2105 2105 2104 2105 2105 2105 2105 2104 2105 2105 2105 2105 2105 2105 2105 2105 2104 2104 
6477 6477 6477 6477 6477 6477 6477 6477 6477 6477 64b7 6cb7 6cb8 6cb8 6cb8 6cb8 6cb7 6cb8 6cb8 6cb8 6cb8 6cb8 6cb8 6cb8 6cf8 74f8 74f8 74f8 74f8 74f8 74f8 74f8 7cf9 7cf9 74f9 74f9 7539 7539 7539 7539 7d39 74f8 7d38 8538 6c75 42cf 1989 1147 1906 1083 0882 18c3 18c3 1082 1041 18c2 1041 1041 1041 0841 0841 0842 0842 0842 1082 1081 1081 1041 1041 1041 0841 0840 1041 1041 1041 1081 1081 1082 1882 1082 0000 0000 0801 0841 0801 0801 0800 0840 0840 1041 1041 1041 1041 1041 1041 1041 1081 1081 1082 18c3 18c4 18c4 2105 2945 3104 4985 7b0a a42e c532 e636 e5f6 ee37 f637 edf5 edf5 f636 f636 e5b4 d4f2 d4f1 d4f1 d4f1 ccb0 ccb0 ccb0 ccb0 c46f c46f c46f c470 d4f2 e5f5 ee37 e637 e5f6 ddf6 e637 ddf7 cdf7 c5f8 be3a b67d aebe a6be aebd aebd aebd b6bd b6bd b6bd b6bd b6bd b6bd b6bd b6be b6be b6be b6be b6be b6be b6bd b6bd b6bd b6bd b6be b6be b6fe b6fe b6fd b6fe b6fe b6fe befe befe befe befe befe befe befe befe befe befe befe befe befe befe befe befe befe befe befe befe befe c73e 6bd1 1106 2145 2104 3145 2904 2105 2105 2105 1905 2105 2104 2104 2104 2104 2105 2105 2105 2105 2105 2105 2105 2105 2105 2105 2105 2105 2105 2105 2105 2105 2105 2105 2105 2105 2105 2105 2105 2105 2105 2105 2105 2105 2105 2105 2105 2105 2105 2105 2105 2105 2105 2105 2105 2945 2905 2105 2105 2105 2105 2105 2105 2105 2105 2105 2105 2105 2105 2105 2105 2105 2105 2105 2105 2105 2105 2105 2105 2105 2105 2105 2105 2105 2105 2105 2105 2945 2105 2104 18c4 18c4 18c3 1883 1083 18c3 18c4 18c4 2104 2104 2104 2104 2104 2105 2105 2105 2105 2105 2105 2105 2105 2104 2105 2105 2105 2105 2104 2105 2105 2105 2105 2105 2105 2105 2105 2104 2104 
6477 6477 6477 6477 6477 6477 6477 6477 6477 6477 6477 64b7 6cb7 6cb8 6cb8 6cb8 6cb7 6cb8 6cb8 6cb8 6cb8 6cb8 6cb8 6cb8 6cf8 74f8 74f8 74f8 74f8 74f8 74f8 74f8 7cf9 7cf9 74f9 74f9 7539 7539 7539 7539 74f8 7d39 8579 8538 8538 7cf7 5bd2 324c 1106 1946 1906 10c4 1083 10c3 18c3 1082 1081 1081 1081 1081 1082 1082 1041 0841 0841 0882 1082 1082 0842 0841 0841 0842 0841 0842 0882 0882 0842 1082 1083 18c3 0841 0841 1041 1041 1041 0841 0841 0841 0000 0800 0841 1081 1082 1882 1882 1882 20c3 1882 1083 18c5 1906 1906 2947 4188 72cc 8b4d c4f2 dd74 edf6 edf6 dd74 edf6 f678 ee77 ee37 f677 f636 edf5 e573 dd32 dd31 d4f0 d4af ccae cc6e cc6d cc6d c46d c4b0 d532 edb4 fe36 fdf6 edb5 edb5 e5b6 e638 cdf7 bdf8 be3a be7c b6bd aebd aebe aebd aebd aebd b6bd b6bd b6bd b6bd b6bd b6bd b6bd b6bd b6be b6be b6be b6be b6be b6bd b6bd b6bd b6bd b6be b6be b6fe b6fe b6fd b6fe b6fe b6fe befe befe befe befe befe befe befe befe befe befe befe befe befe befe befe befe befe befe befe befe befe befe b67b 1946 2146 2104 2945 2104 2105 2105 2105 2105 2105 2104 2104 2104 2104 2105 2105 2105 2105 2105 2105 2105 2105 2105 2105 2105 2105 2105 2105 2105 2105 2105 2105 2105 2105 2105 2105 2105 2105 2105 2105 2105 2105 2105 2105 2105 2105 2105 2105 2105 2105 2105 2105 2105 2945 2905 2905 2105 2105 2105 2105 2105 2105 2105 2105 2105 2105 2105 2105 2105 2105 2105 2105 2105 2105 2105 2105 2105 2105 2105 2105 2105 2105 2105 2105 2105 2104 18c4 18c3 1883 1883 18c3 18c4 18c4 20c4 2104 2104 2104 2105 2104 2104 2104 2105 2105 2105 2105 2105 2105 2105 2105 2104 2105 2105 2105 2105 2104 2105 2105 2105 2105 2105 2105 2105 2105 2104 2104 
6477 6477 6477 6477 6477 6477 6477 6477 6477 6477 6477 64b7 6cb7 6cb8 6cb8 6cb8 6cb7 6cb8 6cb8 6cb8 6cb8 6cb8 6cb8 6cb8 6cf8 74f8 74f8 74f8 74f8 74f8 74f8 74f8 74f9 74f9 74f9 74f9 7539 7539 7539 753a 7d3a 7539 7cf8 7d39 8579 8578 8537 7cf6 63d2 3a4c 1106 08c5 0884 0883 1083 1904 1082 1041 1041 0841 1041 1041 1081 1081 0841 0842 0882 0882 0882 0882 0882 0882 0882 0882 0882 0842 0842 0882 1082 1082 1082 1082 1082 1082 1041 0841 0841 0841 1082 0841 0841 0000 0000 0841 0841 1042 0841 1083 18c5 1106 1147 2a0a 634f 94b4 acb3 bcb3 d534 e574 f5f6 e574 dd33 ee36 ee77 ee77 ee77 ee77 f677 ee36 e5f4 dd73 dd72 dd31 d4af ccae d4ae d4af dcef d4f0 d531 e5f4 fe36 fe36 f5b4 ed74 edb5 edf7 d5f8 c5f8 b639 b67c b6bd aebd aebd aebd aebd aebd aebd b6bd b6bd b6bd b6bd b6bd b6bd b6bd b6bd b6bd b6be b6be b6be b6be b6bd b6bd b6bd b6bd b6be b6be b6fe b6fe b6fd b6fe b6fe b6fe befe befe befe befe befe befe befe befe befe befe befe befe befe befe befe befe befe befe befe befe bf3e b6bd cf3e 4acd 2146 2105 2104 2945 2145 2105 2105 2105 2105 2104 2104 2104 2104 2105 2105 2105 2105 2105 2105 2105 2105 2105 2105 2105 2105 2105 2105 2105 2945 2105 2105 2105 2105 2145 2105 2105 2105 2105 2105 2105 2105 2105 2145 2145 2105 2105 2105 2105 2105 2105 2105 2105 2905 2905 2105 2105 2105 2105 2105 2105 2105 2105 2105 2105 2105 2105 2105 2105 2105 2105 2105 2105 2105 2105 2105 2105 2105 2905 2945 2905 2105 2104 18c4 18c3 1083 1883 18c3 18c4 18c4 2104 2105 2105 2104 2104 2105 2105 2105 2105 2104 2104 2105 2105 2105 2105 2105 2105 2105 2105 2104 2105 2105 2105 2105 2104 2105 2105 2105 2105 2105 2105 2105 2105 2104 2104 
6477 6477 6477 6477 6477 6477 6477 6477 6477 6477 6477 64b7 6cb7 6cb7 6cb8 6cb8 6cb7 6cb8 6cb8 6cb8 6cb8 6cb8 6cb8 6cb8 6cf8 74f8 74f8 74f8 74f8 74f8 74f8 74f8 74f9 74f9 74f9 74f9 7539 7539 7539 753a 7539 7d39 7d39 7d39 7d38 8538 8538 8d79 8d38 7cb6 5b91 29ca 08c6 10c5 10c4 0042 1904 18c3 1882 1081 1041 1041 1041 1882 1082 0882 0842 0882 1082 1083 1083 1082 1082 1082 0882 0882 1082 1082 1082 1082 1082 1882 1082 1082 1082 1082 1082 1082 0842 0000 0842 0842 0842 0882 0842 18c4 2106 2146 2188 324c 53d2 8537 9df9 adb9 b536 c535 d534 edb5 f5f6 ccb0 d4f1 ddb4 e635 e676 ee77 ee77 ee77 f677 ee36 e5f5 dd74 dd73 d532 d4f2 d4f2 dd33 e573 e5b4 e5f5 ee36 fe36 fdf5 f5b4 ed74 edb5 ddf7 c5b8 be39 b67b aebd aebd aebd aebd aebd aebd aebd aebd b6bd b6bd b6bd b6bd b6bd b6bd b6bd b6bd b6bd b6be b6be b6be b6be b6bd b6bd b6bd b6bd b6be b6be b6fe b6fe b6fd b6fe b6fe b6fe befe befe befe befe befe befe befe befe befe befe befe befe befe befe befe befe befe befe befe befe bf3e befe c6fd 9536 1946 2946 2104 2946 2145 2145 2105 2105 2105 2104 2104 2104 2104 2105 2105 2105 2105 2105 2105 2105 2105 2105 2105 2105 2105 2105 2105 2105 2145 2145 2105 2145 2145 2145 2105 2105 2105 2105 2105 2105 2105 2145 2145 2145 2105 2105 2105 2905 2905 2105 2105 2105 2105 2105 2105 2105 2105 2105 2105 2105 2105 2105 2105 2105 2105 2105 2105 2105 2105 2105 2105 2105 2105 2105 2105 2105 2105 2105 2105 2104 20c4 18c4 18c3 1883 18c4 18c4 2104 2104 2104 2104 2104 2104 2104 2104 2104 2105 2105 2105 2105 2105 2105 2105 2105 2105 2105 2105 2105 2105 2104 2105 2105 2105 2105 2104 2105 2105 2105 2105 2105 2105 2105 2105 2104 2104 
6477 6477 6477 6477 6477 6477 6477 6477 6477 6477 6477 6477 64b7 6cb7 6cb8 6cb8 6cb7 6cb8 6cb8 6cb8 6cb8 6cb8 6cb8 6cb8 6cf8 74f8 74f8 74f8 74f8 74f8 74f8 74f8 74f9 74f9 74f9 74f9 7539 7539 7539 753a 74f9 7d7a 857a 7539 74f8 8579 8579 7cf8 8539 8538 8d39 84f7 63d2 320b 1106 0884 0883 0882 1083 1082 1082 1041 1041 1041 1082 1082 0841 0842 1082 1082 1082 0842 1082 1082 1082 1082 1082 1082 1082 1082 1082 1082 1082 1082 1082 1083 1083 10c4 18c4 0842 0883 0883 0883 1105 1946 3209 5b4f 7432 7cf6 8578 85ba 963b 9e3b adf9 ad36 cd76 ddb6 f5f6 edb5 b38c c46e ccf0 ddb3 ddf4 ddf5 e5f5 e636 ee36 ee37 ee36 e5b5 e5b5 e5b5 e5b5 e5b6 edb6 edf6 edf7 f677 f636 edf5 edb4 edb4 e5f5 ddf6 cdf7 b5f8 b67b b6bd aebd aebd aebd aebd ae7c b6bd aebd aebd b6bd b6bd b6bd b6bd b6bd b6bd b6bd b6bd b6bd b6bd b6be b6be b6be b6bd b6bd b6bd b6bd b6be b6be b6fe b6fe b6fd b6fe b6fe b6fe befe befe befe befe befe befe befe befe befe befe befe befe befe befe befe befe befe befe befe befe b6fd c73f c6fd c6bc 3209 2146 2105 2145 2945 2145 2145 2145 2145 2105 2105 2104 2105 2105 2105 2105 2105 2105 2105 2105 2105 2105 2105 2105 2105 2105 2105 2105 2104 2105 2105 2145 2145 2105 2105 2105 2105 2105 2105 2145 2145 2145 2145 2145 2105 2105 2905 2905 2905 2905 2105 2105 2105 2105 2105 2105 2105 2105 2105 2105 2105 2105 2105 2105 2105 2105 2105 2105 2105 2105 2105 2105 2105 2105 2105 2105 2105 2104 18c4 18c3 18c3 18c3 18c4 18c4 2105 2105 2105 2104 2104 2104 2104 2105 2104 2104 2104 2104 2105 2105 2105 2105 2105 2105 2105 2105 2105 2105 2105 2105 2104 2105 2105 2105 2105 2104 2105 2105 2105 2105 2105 2105 2105 2105 2104 2104 
6477 6477 6477 6477 6477 6477 6477 6477 6477 6477 6477 6477 64b7 6cb7 6cb8 6cb8 6cb7 6cb8 6cb8 6cb8 6cb8 6cb8 6cb8 6cb8 6cf8 74f8 74f8 74f8 74f8 74f8 74f8 74f8 74f8 74f8 74f9 74f9 7539 7539 7539 753a 7d7b 74f9 74f9 7d7a 857a 7538 7cf8 857a 8539 857a 857a 8539 8d38 84f6 5b91 320a 1106 1105 10c4 1083 1083 0882 1082 1082 1082 0841 0841 0841 1082 1082 1042 0841 1082 1082 1082 1082 1082 1082 1082 1082 0841 0041 0041 0042 0042 0842 0883 08c4 10c5 08c4 1947 1106 29c9 534f 7432 9577 a5f9 a63a 9e3b 963b 8e3b 963c 9e3c a63a a577 bd76 ddf7 edf6 e573 ab8b c46d dcf1 dd73 e574 e575 e5b5 edb6 edf6 edf6 edf6 f5f7 f5f7 f637 f637 f637 f637 f637 f637 fe38 f5f6 e5b5 ddf5 ddf6 ce37 c637 b638 b67a b67c aebd aebd ae7d aebd b6bd b6bd b6bd aebd aebd b6bd b6bd b6bd b6bd b6bd b6bd b6bd b6bd b6bd b6bd b6bd b6be b6be b6bd b6bd b6bd b6bd b6be b6be b6fe b6fe b6fd b6fe b6fe b6fe befe befe befe befe befe befe befe befe befe befe befe befe befe befe befe befe befe befe befe befe b6fd c73e c6fd cf3d 6bd1 2146 2145 2105 2145 2945 2945 2945 2945 2145 2105 2105 2105 2105 2105 2105 2105 2105 2105 2105 2105 2105 2105 2105 2105 2105 2105 2105 18c3 1904 2105 2145 2105 2105 2105 2145 2105 2105 2145 2145 2145 2145 2145 2145 2105 2105 2105 2105 2105 2105 2105 2105 2105 2105 2105 2105 2105 2105 2105 2105 2105 2105 2105 2105 2105 2105 2105 2105 2105 2105 2105 2105 2105 2105 2104 2104 18c4 18c4 18c4 18c3 18c4 18c4 2104 2105 2104 2105 2105 2104 2104 2104 2105 2105 2104 2104 2104 2104 2104 2105 2105 2105 2105 2105 2105 2105 2105 2105 2105 2105 2104 2105 2105 2105 2105 2104 2105 2105 2105 2105 2105 2105 2105 2105 2104 2104 
6477 6477 6477 6477 6477 6477 6477 6477 6477 6477 6477 6477 64b7 6cb7 6cb8 6cb8 6cb7 6cb8 6cb8 6cb8 6cb8 6cb8 6cb8 6cb8 6cf8 74f8 74f8 74f8 74f8 74f8 74f8 74f8 74f8 74f8 74f9 74f9 7539 7539 7539 753a 7539 753a 7d3a 7d3a 7d39 7d39 7d39 7d39 7d3a 853a 857a 853a 8579 8d79 8d38 8537 84f6 6bd2 428c 2188 1105 0884 0884 0883 0842 0841 0841 1082 1083 1083 1082 1082 1082 1082 1082 1082 0841 0841 0842 1082 0842 0083 0043 0043 0043 0084 08c5 08c5 21c9 428d 7433 74b4 84f6 a5fa 9db9 9dfa 9dfa 9dfa 963b 963c 963c 963c 9e3b a5fa b5f9 b576 ddf7 ddb5 d4f2 ab4b c3cc dcb0 ed73 ed74 f5b5 f5b6 f5b6 f5b5 f5b5 edb5 e5b5 e5b5 e5b5 e5b5 e5b6 e5b6 e5f6 edf6 edb6 e5b7 e5f7 d638 c637 b638 ae39 ae7a b6bc aebd aebd ae7d ae7d b67d b6bd b6bd b6bd aebd aebd b6bd b6bd b6bd b6bd b6bd b6bd b6bd b6bd b6bd b6bd b6bd b6be b6be b6bd b6bd b6bd b6bd b6be b6be b6fe b6fe b6fd b6fe b6fe b6fe befe befe befe befe befe befe befe befe befe befe befe befe befe befe befe befe befe befe befe befe c73f b6bd c6fe c6fd ae39 1946 2146 2146 2146 2945 2945 2945 2945 2145 2105 2105 2105 2105 2105 2105 2105 2105 2105 2105 2105 2105 2105 2105 2105 2105 2105 2105 1083 18c4 2105 2105 2105 2105 2105 2945 2105 2105 2145 2145 2145 2145 2145 2145 2105 2105 2105 2105 2105 2105 2105 2105 2105 2105 2105 2105 2105 2105 2905 2905 2105 2105 2105 2105 2105 2105 2105 2105 2105 2105 2105 2105 2104 18c4 18c3 18c3 18c3 18c4 18c4 2104 2105 2105 2105 2105 2105 2105 2905 2105 2105 2104 2104 2104 2104 2104 2104 2104 2104 2105 2105 2105 2105 2105 2105 2105 2105 2105 2105 2105 2104 2105 2105 2105 2105 2104 2105 2105 2105 2105 2105 2105 2105 2105 2104 2104 
6477 6477 6477 6477 6477 6477 6477 6477 6477 6477 6477 6477 64b7 6cb7 6cb8 6cb8 6cb7 6cb7 6cb8 6cb8 6cb8 6cb8 6cb8 6cf8 6cb8 6cf8 74f8 74f8 74f8 74f8 74f8 74f8 74f9 74f8 74f9 7539 7539 7539 7539 7539 7539 7539 753a 7d39 7d3a 7d39 7d3a 7d3a 7d3a 7d3a 7d3a 857a 853a 8579 8579 8d79 8d78 8d78 8d78 8d37 7cb5 5b91 324c 1947 1105 1084 0883 0883 0883 0883 10c4 1905 10c4 0884 0883 1084 10c4 10c4 10c4 0884 0884 0084 08c5 29c9 428c 4b0e 63d2 84f5 9578 95b9 9dfa 9dfa 9dfb 9dfb 9dfb 9dfb 9dfb 9dfb 9dfc 9dfc 9dfc a5fc a5fc adfb b5fa bdb8 bd75 ddb5 ccb1 ab0a bb8c d42d dc6f dcf0 e531 e532 e532 e532 e532 dd33 dcf2 dd33 e574 e5b5 e5b5 e5b5 e5b5 e5b6 edf7 ddf8 cdf8 bdf8 ae39 a67a a67b a6bc a6bc aebc aebc ae7d b6bd b67d aebd aebd aebd aebd aebd aebd aebd aebd aebd b6bd b6bd b6bd b6bd b6bd b6bd b6bd b6bd b6bd b6bd b6bd b6bd b6bd b6bd b6bd b6be b6be b6fe b6fe b6fe b6fe befe befe befe befe befe befe befe befe befe befe befe befe befe befe befe befe befe befe befe befe befe b6bd befe c73e c6fd 428c 1946 2146 2146 2945 2945 2945 2145 2145 2105 2105 2105 2105 2105 2105 2105 2105 2105 2105 2105 2104 2105 2105 2104 2105 2145 18c3 1083 18c4 2105 2945 2105 2105 2105 2945 2145 2145 2145 2105 2105 2105 2105 2105 2105 2105 2105 2105 2105 2105 2105 2105 2105 2105 2105 2105 2105 2905 2945 2945 2945 2145 2105 2105 2104 2105 2105 2145 2105 2105 18c4 18c3 18c3 18c3 18c4 1904 2104 2104 2104 2104 2105 2105 2105 2105 2104 2104 2104 2104 2104 2104 2104 2104 2105 2105 2105 2105 2105 2105 2105 2105 2105 2105 2105 2105 2105 2105 2105 2105 2104 2105 2105 2105 2105 2105 2105 2105 2105 2105 2104 2105 2105 2105 2104 2104 
6477 6477 6477 6477 6477 6477 6477 6477 6477 6477 6477 6477 64b7 6cb7 6cb8 6cb8 6cb7 6cb7 6cb8 6cb8 6cb8 6cb8 6cb8 6cf8 6cb8 6cf8 74f8 74f8 74f8 74f8 74f8 74f8 74f9 74f8 74f9 7539 7539 7539 7539 7539 7539 7539 753a 7d3a 7d3a 7d3a 7d3a 7d3a 7d3a 7d3a 7d3a 7d7a 7d7a 857a 857a 8579 8579 8579 8579 8579 8d79 8d79 8538 8537 7cb4 6bd1 530e 3a4b 29c9 2188 29c9 320a 4acd 428c 3a4b 3a4b 42cd 5b4f 6bd1 7433 7cb4 5b91 5350 6c73 9578 9db9 9db9 95b9 95ba 95fa 9dfb 9dfb 9dfc 9dfc 95fc 9dfc 9e3b 9dfb 9dfc a5fc a5fc a5fc adfc adfb adb9 bdf9 bd77 d5f7 cd33 ab8d bb4c bb8c cc2d cc2d c42d c42d c42d c42e ccb0 ccf1 dd74 dd75 ddb5 ddb6 d5b6 d5b6 d5b6 d5f7 cdb7 c5b8 bdf9 b63a ae7c a67d a6bd a6bd a6bd aebd aebc ae7c b6bc aebd aebd aebd aebd aebd aebd aebd aebd aebd aebd b6bd b6bd b6bd b6bd b6bd b6bd b6bd b6bd b6bd b6bd b6bd b6bd b6bd b6bd b6bd b6be b6be b6fd b6fe b6fe b6fe befe befe befe befe befe befe befe befe befe befe befe befe befe befe befe befe befe befe befe befe befe bf3e bf3e befd cf3e 84f5 1946 2146 2146 2945 2945 2905 2905 2945 2145 2145 2105 2105 2105 2105 2105 2105 2105 2105 2105 2105 2105 2105 2105 2105 2104 10c3 18c3 18c4 2105 2145 2105 2105 2105 2145 2145 2145 2145 2105 2105 2105 2105 2105 2105 2105 2105 2105 2105 2105 2105 2105 2105 2105 2905 2905 2905 2105 2105 2105 2104 2105 2105 2145 2945 2145 2105 2105 18c4 18c4 18c4 18c4 18c4 18c4 2104 2104 2105 2105 2105 2105 2105 2105 2105 2105 2105 2105 2105 2105 2105 2105 2105 2105 2105 2105 2105 2105 2105 2105 2105 2105 2105 2105 2105 2105 2105 2105 2105 2105 2104 2105 2105 2105 2105 2105 2105 2105 2105 2105 2104 2105 2105 2105 2104 2104 
6477 6477 6477 6477 6477 6477 6477 6477 6477 6477 6477 6477 64b7 6cb7 6cb8 6cb8 6cb7 6cb7 6cb8 6cb8 6cb8 6cb8 6cb8 6cf8 6cb8 6cf8 74f8 74f8 74f8 74f8 74f8 74f8 74f9 74f9 74f9 7539 7539 7539 7539 7539 7539 7539 7d39 7d39 7d3a 7d3a 7d3a 7d3a 7d3a 853a 7d3a 7d7a 7d7a 7d7a 7d7a 857a 857a 85ba 85ba 857a 857a 85ba 8dbb 95bb 8d79 8d78 8d79 95b9 9579 8d79 8d78 8d79 8d78 8d78 8d78 8d79 95b9 95ba 9dba 9dfa 9dfa 95b9 9dba 9dfb 9dfb 95fa 9dfb a63c 95fb 95fb 95fc 95fc 95fc 95fc 95fc 963c 963c 9e3c 9dfc a5fc a5fc a5fc adfc adfb adfa adf9 adb7 c5f7 c575 b471 c471 c42f c3cd c3cc cc2d cc6f ccb0 d532 d5b4 d5f6 cdf6 c5f7 c5f7 bdf8 b638 b639 b639 b63a b639 b63a b63b b67d ae7e ae7e a67e a67e ae7d aebd aebc aebc aebc aebd aebd aebd aebd aebd aebd aebd aebd aebd aebd b6bd b6bd b6bd b6bd b6bd b6bd b6bd b6bd b6bd b6bd b6bd b6bd b6bd b6bd b6bd b6be b6be b6fd b6fd b6fe b6fe b6fe befe befe befe befe befe befe befe befe befe befe befe befe befe befe befe befe befe befe befe befd c73e befe b6bd c73e bebc 2188 2147 2146 2945 2905 2945 2945 2945 2145 2946 2145 2105 2105 2105 2105 2105 2105 2105 2104 2105 2105 2104 2105 2105 18c3 1083 18c4 2104 2105 2105 2105 2105 2105 2105 2145 2145 2145 2105 2105 2105 2105 2105 2105 2105 2105 2105 2105 2105 2105 2105 2105 2105 2905 2905 2905 2105 2105 2105 2105 2145 2145 2145 2105 2104 18c4 18c4 18c3 18c4 18c4 2104 2104 2105 2105 2105 2105 2105 2105 2105 2105 2105 2105 2105 2105 2105 2105 2105 2105 2105 2105 2105 2105 2105 2105 2105 2105 2105 2105 2105 2105 2105 2105 2105 2105 2105 2105 2105 2104 2105 2105 2105 2105 2105 2105 2105 2105 2104 2104 2104 2105 2104 2104 2104 
6477 6477 6477 6477 6477 6477 6477 6477 6477 6477 6477 6477 64b7 6cb7 6cb8 6cb8 6cb7 6cb7 6cb8 6cb8 6cb8 6cb8 6cb8 6cf8 6cb8 6cf8 74f8 74f8 74f8 74f8 74f8 74f8 74f9 74f9 74f9 74f9 7539 7539 7539 7539 7539 7539 7d39 7d39 7d3a 7d3a 7d3a 7d3a 853a 853a 7d7a 7d7a 7d7a 7d7a 7d7a 7d7a 7d7a 7d7a 85bb 85bb 857a 7d7a 7d7a 7d3a 8dbb 8dba 8dbb 95fb 8dbb 8dba 857a 857a 8dbb 8dbb 8dbb 8dbb 8dbb 8dba 8dbb 8dba 95ba 95fa 9dfb 9dfb 95bb 8dba 95ba 95fb 95fb 95fc 95fc 95fc 95fc 95fc 95fc 963c 963c 963c 9e3c 9e3c a5fc a5fc a5fc a63b a63b a63a 9db8 adf8 b5b7 bd76 cdb6 d575 d574 dd74 dd74 d5b5 cdb5 c575 bd75 b5b6 bdf8 b638 b639 ae3a a63a a67a a67b a67b aebb aebc ae7c ae7d ae7e ae7e ae7e ae7e ae7d ae7d aebc aebc aebc aebd aebd aebd aebd aebd aebd aebd aebd aebd aebd b6bd b6bd b6bd b6bd b6bd b6bd b6bd b6bd b6bd b6bd b6bd b6bd b6bd b6bd b6bd b6be b6be b6fd b6fd b6fd b6fe b6fe befe befe befe befe befe befe befe befe befe befe befe befe befe befe befe befe befe befe befe bf3e befe befe befd befe cf3e 4b0e 2187 2146 2945 2945 2945 2945 2145 2105 2145 2945 2145 2105 2105 2105 2105 2105 2105 2104 2105 2104 2104 2145 2104 1083 10c3 2104 2104 2105 2105 2105 2105 2105 2105 2145 2145 2145 2105 2105 2105 2105 2105 2905 2905 2905 2105 2105 2105 2105 2105 2905 2105 2105 2105 2105 2105 2945 2945 2945 2145 2105 1904 18c4 18c4 18c4 18c4 2104 2104 2105 2105 2105 2105 2105 2105 2105 2105 2105 2105 2105 2105 2105 2105 2105 2105 2105 2105 2105 2105 2105 2105 2105 2105 2105 2105 2105 2105 2105 2105 2105 2105 2105 2105 2105 2105 2105 2105 2105 2105 2105 2105 2105 2105 2105 2104 2105 2104 2104 2104 2104 2104 2104 18c4 
6477 6477 6477 6477 6477 6477 6477 6477 6477 6477 6477 6477 64b7 6cb7 6cb8 6cb8 6cb7 6cb7 6cb8 6cb8 6cb8 6cb8 6cb8 6cf8 6cb8 6cf8 74f8 74f8 74f8 74f8 74f8 74f8 74f9 74f9 74f9 74f9 7539 7539 7539 7d39 7d39 7d39 7d39 7d39 7d39 7d39 7d3a 7d3a 853a 853a 7d7a 7d7a 7d7a 7d7a 7d7a 7d7a 7d7a 7d7a 7d7b 7d7a 857b 85bb 85bb 85bb 85bb 857b 857b 857b 85bb 85bb 8dbc 8dfc 8dbc 8dbc 8dbc 8dbb 8dbc 8dfc 95fc 963c 95fb 95bb 8dbb 95bb 95fb 9dfc 95fc 95fb 95fb 95fc 95fc 95fc 95fc 95fc 95fc 963c 963c 963c 963c 963c 963c 9e3c 9e3c 9e3b 963b 9e3b 9e3a a63a ae3a adf9 bdf9 b5b8 adb7 adb8 adb8 adb8 adf9 adf9 ae3a b67b ae3a ae3b ae3b ae7b ae7b ae7c ae7c ae7c a6bc a6bc a67c a67d ae7d ae7e b67e b67e ae7d ae7d aebd aebd aebd aebd aebd aebd aebd aebd aebd aebd aebd aebd aebd b6bd b6bd b6bd b6bd b6bd b6bd b6bd b6bd b6bd b6bd b6bd b6bd b6bd b6bd b6bd b6be b6be b6fd b6fd b6fd b6fe b6fe b6fe befe befe befe befe befe befe befe befe befe befe befe befe befe befe befe befe befe befe c73e befd bf3e bf3f befe c73e 9577 1947 2146 2145 2945 2945 2945 2105 2105 2145 2945 2145 2105 2105 2105 2105 2105 2105 2104 2105 2105 2105 2145 18c4 1083 18c4 2105 2105 2105 2105 2105 2105 2105 2105 2145 2145 2145 2105 2105 2105 2105 2105 2905 2905 2905 2905 2105 2105 2105 2105 2105 2105 2105 2105 2105 2105 2105 2105 2104 1904 18c4 18c3 18c4 18c4 2104 2105 2105 2105 2105 2105 2105 2105 2105 2105 2105 2105 2105 2105 2105 2105 2105 2105 2105 2105 2105 2105 2105 2105 2105 2105 2105 2105 2105 2105 2105 2105 2105 2105 2105 2105 2105 2105 2105 2105 2105 2105 2105 2105 2105 2105 2105 2105 2104 2104 2104 2104 2104 2104 2104 2104 1904 18c4 
6477 6477 6477 6477 6477 6477 6477 6477 6477 6477 6477 6477 64b7 6cb7 6cb8 6cb8 6cb7 6cb7 6cb8 6cb8 6cb8 6cb8 6cb8 6cf8 6cb8 6cf8 74f8 74f8 74f8 74f8 74f8 74f8 74f8 74f9 74f9 74f9 7539 7539 7539 7539 7d39 7d39 7d39 7d39 7d39 7d39 7d3a 7d39 8539 8539 7d79 7d7a 7d7a 7d7a 7d7a 7d7a 85bb 857b 7d7a 7d7a 857a 857b 857b 857a 857a 85bb 85bb 8dbb 8dbb 8dbb 8dbb 85bb 85bb 85bb 8dbc 8dfc 8dfc 8dbb 85bb 85bb 8dbb 95fb 95fb 95fb 8dbb 95fb 95fb 95fc 95fb 95fc 95fc 95fc 95fc 95fc 9dfc 9e3c 963c 963c 963c 963c 963c 963c 963c 963c 963c 963c 9e3c 9e3c 9e3b a63b a5fa a5fa a63b a63b 9e3b 9e3b 9e3b a63c a63c a67c a63c a67c a67c ae7c ae7c ae7c ae7c a67c a67c 9ebc a67d a67d ae7d b67d b67d b67d ae7d ae7d aebd aebd aebd aebd aebd aebd aebd aebd aebd aebd aebd aebd aebd b6bd b6bd b6bd b6bd b6bd b6bd b6bd b6bd b6bd b6bd b6bd b6bd b6bd b6bd b6bd b6be b6be b6fd b6fd b6fd b6fd b6fe b6fe b6fe befe befe befe befe befe befe befe befe befe befe befe befe befe befe befe befe befe befe befd befe bf3e befe befe cf3e 320a 2146 2105 2905 2945 2946 2945 2145 2146 2145 2945 2145 2105 2105 2105 2105 2105 2105 2105 2105 2105 2104 18c3 10c3 2104 2105 2105 2105 2105 2105 2105 2105 2105 2145 2145 2145 2105 2105 2105 2105 2105 2905 2905 2905 2905 2905 2105 2105 2105 2105 2905 2945 2945 2945 2105 2104 18c4 18c4 18c4 18c4 1904 2104 2105 2105 2145 2105 2105 2105 2105 2105 2105 2105 2105 2105 2105 2105 2105 2105 2105 2105 2105 2105 2105 2105 2105 2105 2105 2105 2105 2105 2105 2105 2105 2105 2105 2105 2105 2105 2105 2105 2105 2105 2105 2105 2105 2105 2105 2105 2105 2104 2104 2104 2104 2104 2104 2104 2104 2104 1904 18c4 18c4 
6477 6477 6477 6477 6477 6477 6477 6477 6477 6477 6477 6477 64b7 6cb7 6cb8 6cb8 6cb7 6cb7 6cb8 6cb8 6cb8 6cb8 6cb8 6cf8 6cb8 6cf8 74f8 74f8 74f8 74f8 74f8 74f8 74f9 74f9 74f9 74f9 7539 7539 7d39 7d39 7d39 7d39 7d39 7d39 7d39 7d39 7d39 7d39 8539 8579 7d79 7d79 7d79 7d7a 7d7a 7d7a 7d7a 857a 857a 857a 8d7a 8dbb 8d7a 857a 8dbb 8dba 8d7a 857a 857a 8dba 8dbb 8dbb 8dbb 8dba 8dbb 8dba 8dbb 8dbb 95fc 95fc 95fc 8dfb 8dbb 8dfb 95fc 95fc 95fb 95bb 95fb 95fb 95fc 9dfb 9dfb 9dfb 9dfc 9dfc 9dfc 9dfd 9dfc 9e3c 963c 963c 963c 963c 9e3c 9e3d 9e3d 9dfc 9dfc 9e3c 9e3c a67d a63c a63c a63c a63c a67c a63c a63c 9e3c a63c a63d a63d a63d a63d ae3d ae3d a63d a67d a6bd aebd aebc aebc aebc ae7c ae7c ae7d ae7e ae7e ae7e ae7d aebd b6bc b6bd aebd aebd aebd aebd aebd aebd aebd b6bd b6bd b6bd b6bd b6bd b6bd b6bd b6bd b6bd b6bd b6bd b6bd b6bd b6bd b6bd b6be b6be b6fd b6fd b6fd b6fd b6fd b6fe b6fe b6fe befe befe befe befe befe befe befe befe befe befe befe befe befe befe befe befe b6fd befe b6fe bf3f b6fe befe cf7f 7473 2147 2146 2905 2945 2946 2945 2146 2947 2145 2945 2945 2145 2105 2105 2105 2105 2105 2104 2105 2105 18c4 1083 18c4 2105 2105 2105 2105 2105 2105 2105 2105 2105 2145 2145 2145 2105 2105 2105 2105 2105 2105 2905 2905 2905 2905 2905 2905 2905 2905 2905 2905 2105 2105 2104 18c4 18c4 2104 2104 2105 2105 2105 2105 2105 2104 2105 2105 2105 2105 2105 2105 2105 2105 2105 2105 2105 2105 2105 2105 2105 2105 2105 2105 2105 2105 2105 2105 2105 2105 2105 2105 2105 2105 2105 2105 2105 2105 2105 2105 2105 2105 2105 2105 2105 2105 2105 2105 2105 2105 2104 2104 2104 2104 2104 2104 2104 1904 1904 1904 18c4 18c4 
6477 6477 6477 6477 6477 6477 6477 6477 6477 6477 6477 6477 64b7 6cb7 6cb8 6cb8 6cb7 6cb7 6cb8 6cb8 6cb8 6cb8 6cb8 6cf8 6cb8 6cf8 74f8 74f8 74f8 74f8 74f8 74f8 74f9 74f9 74f9 74f9 74f9 7539 7d39 7d39 7d39 7d39 7d39 7d39 7d39 7d39 7d39 7d39 8539 8539 7d79 7d79 7d79 7d7a 7d7a 857a 857a 857a 857a 857a 857a 857a 8d7a 8d7a 857a 8d7a 8dba 8dba 8dba 8dba 8dba 8d7a 8dba 8dba 8dba 95bb 95bb 95bb 95bb 8dbb 8dbb 8dfb 95fc 95fc 95fb 95fb 95fb 95fc 95fb 95fb 9dfb 9dfb 9dfb 9dfb 9dfb 9dfc 9dfc 9dfd 9dfc 9e3c 963c 963c 963c 963c 963c 95fc 9e3d 9e3d 9e3d 9e3d 963d 9e3c a63c a63c a63c a63c a63c a63c a67d a67d a67d a67d a63d a63d a67d ae7d ae7e ae7d ae7d a67d a67c a67c ae7b ae7c aebc aebd ae7d ae7e ae7e ae7e ae7e b67d b67c b6bd aebd aebd aebd aebd aebd aebd aebd b6bd b6bd b6bd b6bd b6bd b6bd b6bd b6bd b6bd b6bd b6bd b6bd b6bd b6bd b6bd b6be b6be b6fd b6fd b6fd b6fd b6fd b6fe b6fe b6fe befe befe befe befe befe befe befe befe befe befe befe befe befe befe befe befe befe c73e b6fd c73f b6fe befe befd bebc 2988 2946 2945 2945 2945 2145 2146 2987 2145 2945 2945 2945 2145 2105 2105 2104 2105 18c4 2105 2145 18c3 1082 18c4 2945 2105 2105 2145 2145 2105 2105 2105 2105 2145 2145 2145 2105 2105 2105 2105 2105 2105 2105 2105 2905 2905 2905 2945 2945 2945 2105 2104 18c4 18c4 18c4 20c4 2104 2105 2105 2105 2105 2105 2105 2105 2105 2105 2145 2145 2945 2145 2105 2105 2105 2105 2105 2105 2105 2105 2105 2105 2105 2105 2105 2105 2105 2105 2105 2105 2105 2105 2105 2105 2105 2105 2105 2105 2105 2105 2105 2105 2105 2105 2105 2105 2105 2105 2105 2105 2104 2104 2104 2104 2104 2104 2104 1904 1904 1904 18c4 18c4 18c4 
6476 6476 6476 6477 6477 6477 6477 6477 6477 6477 6477 6477 64b7 64b7 6cb7 6cb7 6cb7 6cb7 6cb8 6cb8 6cb8 6cb8 6cb8 6cb8 6cf8 6cf8 6cf8 74f8 74f8 74f8 74f8 74f8 74f9 74f9 74f9 74f9 74f9 7539 7539 7539 7d39 7d39 7d39 7d39 7d39 7d39 7d39 7d39 7d39 7d39 7d7a 7d7a 7d7a 857a 857a 857a 857a 857a 857a 857a 857a 857a 857a 8d7a 857a 857a 857a 8dba 8dba 8dba 8dbb 8dba 8dba 8dbb 8dbb 8dbb 8dbb 8dbb 8dbb 95bb 95bb 95fb 95fb 95fb 95fb 95fb 95fb 95fb 95fb 95fb 95fb 95fc 95fc 95fb 9dfc 9dfc 9dfc 9dfc 9dfc 9dfc 9e3c 9e3c 9e3c 9e3c 9e3c 9e3c 9e3c 9e3c 9e3c 9e3c 9e3d 9e3c a63c a63c a63c a63c a63c a63c a63c a63c a67d a67d a67d a67d a67d a67d a67d a67d a67d a67c ae7d ae7c ae7c ae7c ae7d ae7d ae7d ae7d ae7d ae7d aebd aebd aebd aebd aebd aebd aebd aebd aebd aebd aebd aebd aebd aebd b6bd b6bd b6bd b6bd b6bd b6bd b6bd b6bd b6bd b6bd b6bd b6bd b6bd b6bd b6be b6be b6be b6be b6fe b6fe b6fe b6fe b6fe b6fe b6fe b6fe befe befe befe befe befe befe befe befe befe befe befe befe befe befe befe befe b73e bf3e befd c6fd 530e 2147 2146 2105 2946 2105 2145 2946 2946 2945 2105 2145 2145 2105 2105 2145 2105 2105 2104 18c4 18c4 18c4 2105 2945 2105 2105 2105 2105 2105 2105 2105 2105 2105 2105 2105 2145 2945 2945 2145 2105 2945 2145 2145 2145 2145 2945 2945 2945 1904 18c4 18c4 18c4 2104 2105 2105 2105 2105 2105 2105 2105 2105 2105 2105 2105 2105 2105 2105 2105 2105 2105 2105 2105 2105 2105 2105 2105 2105 2105 2105 2105 2105 2105 2105 2105 2105 2105 2105 2105 2105 2105 2105 2105 2105 2105 2105 2105 2105 2105 2105 2105 2105 2105 2105 2105 2104 2104 2104 2104 2104 2104 2104 2104 2104 2104 2104 1904 18c4 18c4 18c3 18c3 
6476 6476 6476 6477 6477 6477 6477 6477 6477 6477 6477 6477 64b7 64b7 6cb7 6cb7 6cb7 6cb7 6cb8 6cb8 6cb8 6cb8 6cb8 6cb8 6cf8 6cf8 6cf8 74f8 74f8 74f8 74f8 74f8 74f9 74f9 74f9 74f9 74f9 74f9 7539 7539 7d39 7d39 7d39 7d39 7d39 7d39 7d39 7d39 7d3a 7d3a 7d7a 7d7a 7d7a 857a 857a 857a 857a 857a 857a 857a 857a 857a 857a 85bb 857a 857a 857a 85ba 85ba 8dbb 8dbb 8dbb 8dba 8dbb 8dbb 8dbb 8dbb 8dbb 8dbb 95bb 95bb 95bb 95bb 95fb 95fb 95fb 95fb 95fb 95fb 95fb 95fb 95fc 95fc 95fc 95fc 9dfc 95fc 95fc 9dfc 9dfc 9dfc 9e3c 9e3c 9e3c 9e3c 9e3c 9e3c 9e3c 9e3c 9e3c 9e3c 9e3c 9e3c 9e3c 9e3c 9e3c a63c a63c a63c a63c a67d a67d a67c a67c a67c a67c a67c a67d a67c a67c a67c ae7d ae7d ae7d ae7d ae7d ae7d ae7d ae7d ae7d aebd aebd aebd aebd aebd aebd aebd aebd aebd aebd aebd aebd aebd aebd b6bd b6bd b6bd b6bd b6bd b6bd b6bd b6bd b6bd b6bd b6bd b6bd b6bd b6bd b6be b6be b6be b6be b6fe b6fe b6fe b6fe b6fe b6fe b6fe b6fe befe befe befe befe befe befe befe befe befe befe befe befe befe befe befe befe b73e bf3e bf3d c6fd 7cb4 1946 2947 2146 2946 2105 2946 2986 2946 2945 2105 2145 2145 2105 2105 2145 2105 2105 2105 2105 1904 1904 2105 2145 2105 2105 2105 2105 2105 2105 2105 2105 2145 2145 2145 2145 2145 2105 2105 2105 2945 2945 2945 2945 2145 2105 2104 18c4 18c4 1904 2104 2105 2105 2105 2105 2105 2105 2105 2105 2105 2105 2105 2105 2105 2105 2105 2105 2105 2105 2105 2105 2105 2105 2105 2105 2105 2105 2105 2105 2105 2105 2105 2105 2105 2105 2105 2105 2105 2105 2105 2105 2105 2105 2105 2105 2105 2105 2105 2105 2105 2105 2105 2105 2105 2104 2104 2104 2104 2104 2104 2104 1904 2104 2104 1904 1904 18c4 18c4 18c3 18c3 
6476 6476 6476 6477 6477 6477 6477 6477 6477 6477 6477 6477 64b7 64b7 6cb7 6cb7 6cb7 6cb7 6cb8 6cb8 6cb8 6cb8 6cb8 6cb8 6cb8 6cf8 6cf8 74f8 74f8 74f8 74f8 74f8 74f9 74f9 74f9 74f9 74f9 74f9 7539 7539 7d39 7d39 7d39 7d39 7d39 7d39 7d39 7d39 7d3a 7d3a 7d7a 7d7a 7d7a 857a 857a 857a 857a 857a 857a 857a 857a 857a 857a 857a 857a 857a 857a 85ba 85ba 8dbb 8dbb 8dbb 8dba 8dbb 8dbb 8dbb 8dbb 8dbb 8dbb 95bb 95bb 95bb 95bb 95fb 95fb 95fb 95fb 95fb 95fb 95fb 95fb 95fc 95fc 95fc 95fc 95fc 95fc 95fc 9dfc 9dfc 9dfc 9e3c 9e3c 9e3c 9e3c 9e3c 9e3c 9e3c 9e3c 9e3c 9e3c 9e3c 9e3c 9e3c 9e3c 9e3c 9e3c a63c a63c a63c a63c a67d a67c a67c a67c a67c a67c a67c a67c a67c a67c ae7d ae7d ae7d ae7d ae7d ae7d ae7d ae7d ae7d ae7d aebd aebd aebd aebd aebd aebd aebd aebd aebd aebd aebd aebd aebd b6bd b6bd b6bd b6bd b6bd b6bd b6bd b6bd b6bd b6bd b6bd b6bd b6bd b6bd b6be b6be b6be b6be b6fe b6fe b6fe b6fe b6fe b6fe b6fe b6fe befe befe befe befe befe befe befe befe befe befe befe befe befe befe befe befe b73e bf3e bf3d c6fd ae39 1946 2947 2146 2946 2105 2145 2986 2946 2946 2145 2145 2145 2105 2105 2145 2105 2105 2145 2105 2105 2105 2105 2105 2105 2105 2105 2105 2105 2105 2105 2105 2105 2105 2105 2105 2105 2105 2105 2105 2145 2145 2145 2105 2105 2104 18c4 18c4 2104 2104 2105 2145 2945 2945 2105 2105 2105 2105 2105 2105 2105 2105 2105 2105 2105 2105 2105 2105 2105 2105 2105 2105 2105 2105 2105 2105 2105 2105 2105 2105 2105 2105 2105 2105 2105 2105 2105 2105 2105 2105 2105 2105 2105 2105 2105 2105 2105 2105 2105 2105 2105 2105 2105 2105 2104 2104 2104 2104 2104 1904 1904 1904 18c4 18c4 18c4 18c4 18c4 18c3 18c3 18c3 
6476 6476 6476 6476 6477 6477 6477 6477 6477 6477 6477 6477 64b7 64b7 6cb7 6cb7 6cb7 6cb7 6cb7 6cb8 6cb8 6cb8 6cb8 6cb8 6cb8 6cb8 6cf8 6cf8 74f8 74f8 74f8 74f8 74f9 74f9 74f9 74f9 74f9 74f9 7539 7539 7d39 7d39 7d39 7d39 7d39 7d39 7d39 7d39 7d3a 7d3a 7d7a 7d7a 7d7a 857a 857a 857a 857a 857a 857a 857a 857a 857a 857a 857a 857a 857a 857a 85ba 85ba 8dbb 8dbb 8dbb 8dba 8dbb 8dbb 8dbb 8dbb 8dbb 8dbb 95bb 95bb 95bb 95bb 95fb 95fb 95fb 95fb 95fb 95fb 95fb 95fb 95fb 95fc 95fc 95fc 95fc 95fc 95fc 9dfc 9dfc 9dfc 9e3c 9e3c 9e3c 9e3c 9e3c 9e3c 9e3c 9e3c 9e3c 9e3c 9e3c 9e3c 9e3c 9e3c 9e3c 9e3c a63c a63c a63c a63c a63c a67c a67c a67c a67c a67c a67c a67c a67c a67c ae7d ae7d ae7d ae7d ae7d ae7d ae7d ae7d ae7d ae7d aebd aebd aebd aebd aebd aebd aebd aebd aebd aebd aebd aebd aebd b6bd b6bd b6bd b6bd b6bd b6bd b6bd b6bd b6bd b6bd b6bd b6bd b6bd b6bd b6be b6be b6be b6be b6fe b6fe b6fe b6fe b6fe b6fe b6fe b6fe befe befe befe befe befe befe befe befe befe befe befe befe befe befe befe befe befe bf3e bf3e c6fd c6fd 3a0a 2146 2946 2946 2946 2145 2145 2946 2946 2945 2145 2145 2145 2145 2145 2105 2145 2945 2945 2145 2105 2105 2145 2105 2105 2145 2145 2145 2105 2105 2105 2105 2105 2105 2145 2145 2945 2945 2945 2105 2105 2104 1904 18c4 2104 2104 2105 2945 2105 2105 2105 2105 2145 2145 2145 2105 2105 2105 2105 2105 2105 2105 2105 2105 2105 2105 2105 2105 2105 2105 2105 2105 2105 2105 2105 2105 2105 2105 2105 2105 2105 2105 2105 2105 2105 2105 2105 2105 2105 2105 2105 2105 2105 2105 2105 2105 2105 2105 2105 2105 2105 2105 2105 2104 2104 2104 2104 1904 1904 18c4 18c4 18c4 18c4 18c4 18c4 18c3 18c3 18c3 18c3 
6476 6476 6476 6476 6476 6477 6477 6477 6477 6477 6477 6477 64b7 64b7 6cb7 6cb7 6cb7 6cb7 6cb7 6cb8 6cb8 6cb8 6cb8 6cb8 6cb8 6cb8 6cb8 6cf8 74f8 74f8 74f8 74f8 74f8 74f9 74f9 74f9 74f9 74f9 7539 7539 7539 7d39 7d39 7d39 7d39 7d39 7d39 7d39 7d3a 7d3a 7d7a 7d7a 7d7a 857a 857a 857a 857a 857a 857a 857a 857a 857a 857a 857a 857a 857a 857a 85ba 85ba 8dbb 8dbb 8dbb 8dba 8dbb 8dbb 8dbb 8dbb 8dbb 8dbb 95bb 95bb 95bb 95bb 95bb 95fb 95fb 95fb 95fb 95fb 95fb 95fb 95fb 95fc 95fc 95fc 95fc 95fc 95fc 9dfc 9dfc 9dfc 9e3c 9e3c 9e3c 9e3c 9e3c 9e3c 9e3c 9e3c 9e3c 9e3c 9e3c 9e3c 9e3c 9e3c 9e3c 9e3c 9e3c a63c a63c a63c a63c a67c a67c a67c a67c a67c a67c a67c a67c a67c a67c ae7d ae7d ae7d ae7d ae7d ae7d ae7d ae7d ae7d ae7d aebd aebd aebd aebd aebd aebd aebd aebd aebd aebd aebd aebd b6bd b6bd b6bd b6bd b6bd b6bd b6bd b6bd b6bd b6bd b6bd b6bd b6bd b6bd b6be b6be b6be b6be b6fe b6fe b6fe b6fe b6fe b6fe b6fe b6fe befe befe befe befe befe befe befe befe befe befe befe befe befe befe befe befe befe bf3e bf3e c6fd cefd 6bd1 2146 2147 2946 2986 2145 2946 2946 2946 2945 2145 2145 2945 2945 2145 2945 2945 2945 2145 2105 2105 2145 2945 2105 2145 2145 2145 2145 2105 2105 2105 2105 2145 2945 2945 2945 2145 2105 2105 2104 1904 18c4 18c4 2104 2105 2145 2945 2945 2145 2105 2105 2105 2105 2145 2145 2105 2105 2105 2105 2105 2105 2105 2105 2105 2105 2105 2105 2105 2105 2105 2105 2105 2105 2105 2105 2105 2105 2105 2105 2105 2105 2105 2105 2105 2105 2105 2105 2105 2105 2105 2105 2105 2105 2105 2105 2104 2104 2104 2104 2104 2104 2104 2104 1904 1904 1904 18c4 18c4 18c4 18c4 18c4 18c3 18c3 18c3 18c3 18c3 18c3 18c3 18c3 
6476 6476 6476 6476 6476 6477 6477 6477 6477 6477 6477 6477 64b7 64b7 6cb7 6cb7 6cb7 6cb7 6cb7 6cb7 6cb8 6cb8 6cb8 6cb8 6cb8 6cb8 6cb8 6cf8 6cf8 74f8 74f8 74f8 74f8 74f8 74f9 74f9 74f9 74f9 7539 7539 7539 7539 7d39 7d39 7d39 7d39 7d39 7d39 7d3a 7d3a 7d7a 7d7a 7d7a 857a 857a 857a 857a 857a 857a 857a 857a 857a 857a 857a 857a 857a 857a 85ba 85ba 8dbb 8dbb 8dbb 8dba 8dbb 8dbb 8dbb 8dbb 8dbb 8dbb 95bb 95bb 95bb 95bb 95bb 95fb 95fb 95fb 95fb 95fb 95fb 95fb 95fb 95fb 95fc 95fc 95fc 95fc 95fc 9dfc 9dfc 9dfc 9e3c 9e3c 9e3c 9e3c 9e3c 9e3c 9e3c 9e3c 9e3c 9e3c 9e3c 9e3c 9e3c 9e3c 9e3c 9e3c 9e3c a63c a63c a63c a63c a67c a67c a67c a67c a67c a67c a67c a67c a67c a67c ae7d ae7d ae7d ae7d ae7d ae7d ae7d ae7d ae7d ae7d ae7d aebd aebd aebd aebd aebd aebd aebd aebd aebd aebd aebd b6bd b6bd b6bd b6bd b6bd b6bd b6bd b6bd b6bd b6bd b6bd b6bd b6bd b6bd b6be b6be b6be b6be b6fe b6fe b6fe b6fe b6fe b6fe b6fe b6fe befe befe befe befe befe befe befe befe befe befe befe befe befe befe befe befe befe bf3e befe c6fd c6fd a5b8 2988 2146 2146 2986 2146 2986 2946 2946 2946 2145 2145 2945 2945 2145 2945 2945 2145 2105 2105 2105 2145 2945 2145 2145 2145 2145 2145 2145 2105 2105 2105 2105 2105 2105 2105 2104 18c4 18c4 18c4 2104 2104 2105 2105 2145 2145 2145 2105 2105 2105 2945 2945 2945 2105 2105 2145 2145 2105 2105 2105 2105 2105 2105 2105 2105 2105 2105 2105 2105 2105 2105 2105 2105 2105 2105 2105 2105 2105 2105 2105 2105 2105 2105 2105 2105 2105 2105 2105 2105 2105 2105 2105 2105 2105 2105 2104 2104 2104 2104 2104 2104 2104 2104 18c4 18c4 18c4 18c4 18c4 18c4 18c4 18c4 18c3 18c3 18c3 18c3 18c3 18c3 18c3 18c3 
6476 6476 6476 6476 6476 6476 6477 6477 6477 6477 6477 6477 64b7 64b7 6cb7 6cb7 6cb7 6cb7 6cb7 6cb7 6cb8 6cb8 6cb8 6cb8 6cb8 6cb8 6cb8 6cf8 6cf8 74f8 74f8 74f8 74f8 74f8 74f9 74f9 74f9 74f9 7539 7539 7539 7539 7d39 7d39 7d39 7d39 7d39 7d39 7d3a 7d3a 7d7a 7d7a 7d7a 857a 857a 857a 857a 857a 857a 857a 857a 857a 857a 857a 857a 857a 857a 85ba 85ba 8dbb 8dbb 8dbb 8dba 8dbb 8dbb 8dbb 8dbb 8dbb 8dbb 95bb 95bb 95bb 95bb 95bb 95bb 95fb 95fb 95fb 95fb 95fb 95fb 95fb 95fb 95fc 95fc 95fc 95fc 95fc 9dfc 9dfc 9dfc 9e3c 9e3c 9e3c 9e3c 9e3c 9e3c 9e3c 9e3c 9e3c 9e3c 9e3c 9e3c 9e3c 9e3c 9e3c 9e3c 9e3c a63c a63c a63c a63c a67c a67c a67c a67c a67c a67c a67c a67c a67c a67c a67c ae7d ae7d ae7d ae7d ae7d ae7d ae7d ae7d ae7d ae7d ae7d aebd aebd aebd aebd aebd aebd aebd aebd aebd aebd b6bd b6bd b6bd b6bd b6bd b6bd b6bd b6bd b6bd b6bd b6bd b6bd b6bd b6bd b6be b6be b6be b6be b6fe b6fe b6fe b6fe b6fe b6fe b6fe b6fe befe befe befe befe befe befe befe befe befe befe befe befe befe befe befe befe befe bf3e befe befe c6fd c6fc 428b 2146 2146 2146 2145 2946 2946 2946 2946 2145 2145 2946 2946 2145 2945 2945 2145 2145 2145 2145 2145 2145 2145 2145 2145 2145 2145 2145 2105 2105 2105 2105 2104 2104 1904 18c4 18c4 18c4 2104 2105 2105 2945 2945 2145 2105 2105 2105 2105 2105 2945 2945 2945 2105 2105 2145 2145 2145 2105 2105 2105 2105 2105 2105 2105 2105 2105 2105 2105 2105 2105 2105 2105 2105 2105 2105 2105 2105 2105 2105 2105 2105 2105 2105 2105 2105 2105 2105 2105 2105 2105 2105 2105 2104 2104 2104 2104 2104 2104 2104 2104 2104 2104 18c4 18c4 18c4 18c3 18c3 18c3 18c3 18c3 18c3 18c3 18c3 18c3 18c3 18c3 18c3 18c3 
6476 6476 6476 6476 6476 6476 6477 6477 6477 6477 6477 6477 64b7 64b7 6cb7 6cb7 6cb7 6cb7 6cb7 6cb7 6cb8 6cb8 6cb8 6cb8 6cb8 6cb8 6cb8 6cf8 6cf8 74f8 74f8 74f8 74f8 74f8 74f9 74f9 74f9 74f9 7539 7539 7539 7539 7d39 7d39 7d39 7d39 7d39 7d39 7d3a 7d3a 7d7a 7d7a 7d7a 857a 857a 857a 857a 857a 857a 857a 857a 857a 857a 857a 857a 857a 857a 85ba 85ba 8dbb 8dbb 8dbb 8dba 8dbb 8dbb 8dbb 8dbb 8dbb 8dbb 95bb 95bb 95bb 95bb 95bb 95bb 95fb 95fb 95fb 95fb 95fb 95fb 95fb 95fb 95fc 95fc 95fc 95fc 95fc 9dfc 9dfc 9dfc 9e3c 9e3c 9e3c 9e3c 9e3c 9e3c 9e3c 9e3c 9e3c 9e3c 9e3c 9e3c 9e3c 9e3c 9e3c 9e3c 9e3c a63c a63c a63c a63c a67c a67c a67c a67c a67c a67c a67c a67c a67c a67c a67c ae7d ae7d ae7d ae7d ae7d ae7d ae7d ae7d ae7d ae7d ae7d aebd aebd aebd aebd aebd aebd aebd aebd aebd aebd b6bd b6bd b6bd b6bd b6bd b6bd b6bd b6bd b6bd b6bd b6bd b6bd b6bd b6bd b6be b6be b6be b6be b6fe b6fe b6fe b6fe b6fe b6fe b6fe b6fe befe befe befe befe befe befe befe befe befe befe befe befe befe befe befe befe befe befe befe befe c6fd cf3e 5b4f 2988 2987 2146 2946 2945 2946 2946 2946 2145 2145 2946 2946 2145 2945 2945 2945 2945 2945 2945 2145 2105 2145 2145 2145 2945 2145 2145 2105 2105 2945 2145 2105 2104 2104 2105 2105 2145 2145 2145 2105 2105 2105 2105 2145 2145 2945 2145 2105 2105 2105 2145 2145 2145 2145 2145 2145 2145 2105 2105 2105 2105 2105 2105 2105 2105 2105 2105 2105 2105 2145 2105 2105 2105 2105 2105 2105 2105 2105 2105 2105 2105 2105 2105 2105 2105 2105 2105 2105 2105 2105 2104 2104 2104 2104 2104 2104 2104 2104 2104 2104 2104 18c3 18c3 18c3 18c3 18c3 18c3 18c3 18c3 18c3 18c3 18c3 18c3 18c3 18c3 18c3 18c3 
6476 6476 6476 6476 6476 6476 6477 6477 6477 6477 6477 6477 6477 6477 64b7 64b7 6cb7 6cb7 6cb7 6cb7 6cb8 6cb8 6cb8 6cb8 6cb8 6cb8 6cb8 6cf8 6cf8 74f8 74f8 74f8 74f8 74f8 74f9 74f9 74f9 74f9 7539 7539 7539 7539 7d39 7d39 7d39 7d39 7d39 7d39 7d3a 7d3a 7d3a 7d7a 7d7a 857a 857a 857a 857a 857a 857a 857a 857a 857a 857a 857a 857a 857a 857a 85ba 85ba 85ba 8dbb 8dbb 8dba 8dba 8dba 8dbb 8dbb 8dbb 8dbb 8dbb 95bb 95bb 95bb 95bb 95fb 95fb 95fb 95fb 95fb 95fb 95fb 95fb 95fb 95fc 95fc 95fc 95fc 95fc 95fc 9dfc 9dfc 9dfc 9dfc 9dfc 9e3c 9e3c 9e3c 9e3c 9e3c 9e3c 9e3c 9e3c 9e3c 9e3c 9e3c 9e3c 9e3c 9e3c a63c a63c a63c a63c a67c a67c a67c a67c a67c a67c a67c a67c a67c a67c a67c ae7d ae7d ae7d ae7d ae7d ae7d ae7d ae7d ae7d aebd aebd aebd aebd aebd aebd aebd aebd aebd aebd aebd aebd aebd aebd b6bd b6bd b6bd b6bd b6bd b6bd b6bd b6bd b6bd b6bd b6bd b6bd b6be b6be b6be b6be b6fe b6fe b6fe b6fe befe befe befe befe befe befe befe befe befe befe befe befe befe befe befe befe befe befe befe befe befe befe befe befe befd befd 9576 1987 2146 2987 2946 2946 2946 2946 2946 2946 2946 2946 2945 2945 2945 2945 2945 2945 2945 2945 2945 2945 2145 2145 2145 2145 2145 2145 2105 2105 2105 2105 2105 2105 2105 2105 2105 2105 2145 2145 2145 2145 2145 2145 2145 2145 2105 2105 2145 2105 2105 2105 2105 2105 2145 2145 2105 2105 2105 2105 2105 2105 2145 2145 2145 2105 2105 2105 2105 2105 2145 2105 2105 2105 2105 2105 2105 2105 2105 2105 2105 2105 2105 2105 2105 2105 2105 2105 2105 2105 2104 2104 2104 2104 2104 2104 2104 2104 1904 1904 18c4 18c4 18c3 18c3 18c3 18c3 18c3 18c3 18c3 18c3 18c3 18c3 18c3 18c3 18c3 18c3 18c3 18c3 
6476 6476 6476 6476 6476 6476 6477 6477 6477 6477 6477 6477 6477 6477 64b7 64b7 6cb7 6cb7 6cb7 6cb7 6cb8 6cb8 6cb8 6cb8 6cb8 6cb8 6cb8 6cf8 6cf8 74f8 74f8 74f8 74f8 74f8 74f9 74f9 74f9 74f9 7539 7539 7539 7539 7d39 7d39 7d39 7d39 7d39 7d39 7d3a 7d3a 7d3a 7d7a 7d7a 857a 857a 857a 857a 857a 857a 857a 857a 857a 857a 857a 857a 857a 857a 85ba 85ba 85ba 8dbb 8dbb 8dba 8dba 8dba 8dbb 8dbb 8dbb 8dbb 8dbb 95bb 95bb 95bb 95bb 95fb 95fb 95fb 95fb 95fb 95fb 95fb 95fb 95fb 95fc 95fc 95fc 95fc 95fc 95fc 9dfc 9dfc 9dfc 9dfc 9dfc 9e3c 9e3c 9e3c 9e3c 9e3c 9e3c 9e3c 9e3c 9e3c 9e3c 9e3c 9e3c 9e3c 9e3c a63c a63c a63c a63c a67c a67c a67c a67c a67c a67c a67c a67c a67c a67c a67c ae7d ae7d ae7d ae7d ae7d ae7d ae7d ae7d ae7d aebd aebd aebd aebd aebd aebd aebd aebd aebd aebd aebd aebd aebd aebd b6bd b6bd b6bd b6bd b6bd b6bd b6bd b6bd b6bd b6bd b6bd b6bd b6be b6be b6be b6be b6fe b6fe b6fe b6fe befe befe befe befe befe befe befe befe befe befe befe befe befe befe befe befe befe befe befe befe befe befe befe befe befe c73e ae3a 29c9 2987 2987 2946 3186 2946 2946 2946 2946 2946 2946 2945 2945 2145 2145 2145 2105 2105 2145 2145 2145 2945 2945 2945 2945 2945 2945 2145 2145 2105 2105 2105 2105 2105 2105 2105 2105 2145 2145 2145 2145 2145 2145 2145 2145 2105 2105 2145 2105 2105 2105 2105 2105 2145 2145 2145 2105 2105 2105 2105 2105 2145 2145 2145 2105 2105 2105 2105 2105 2145 2145 2145 2105 2105 2105 2105 2105 2105 2105 2105 2105 2105 2105 2105 2105 2105 2105 2104 2104 2104 2104 2104 2104 2104 2104 2104 1904 1904 18c4 18c4 18c4 18c3 18c3 18c3 18c3 18c3 18c3 18c3 18c3 18c3 18c3 18c3 18c3 18c3 18c3 18c3 18c3 
6476 6476 6476 6476 6476 6476 6477 6477 6477 6477 6477 6477 6477 6477 64b7 64b7 6cb7 6cb7 6cb7 6cb7 6cb8 6cb8 6cb8 6cb8 6cb8 6cb8 6cb8 6cb8 6cf8 74f8 74f8 74f8 74f8 74f8 74f8 74f9 74f9 74f9 74f9 7539 7539 7539 7d39 7d39 7d39 7d39 7d39 7d39 7d3a 7d3a 7d3a 7d7a 7d7a 7d7a 857a 857a 857a 857a 857a 857a 857a 857a 857a 857a 857a 857a 857a 85ba 85ba 85ba 8dbb 8dbb 8dba 8dba 8dba 8dbb 8dbb 8dbb 8dbb 8dbb 95bb 95bb 95bb 95bb 95fb 95fb 95fb 95fb 95fb 95fb 95fb 95fb 95fb 95fc 95fc 95fc 95fc 95fc 95fc 9dfc 9dfc 9dfc 9dfc 9dfc 9e3c 9e3c 9e3c 9e3c 9e3c 9e3c 9e3c 9e3c 9e3c 9e3c 9e3c 9e3c 9e3c 9e3c a63c a63c a63c a63c a67c a67c a67c a67c a67c a67c a67c a67c a67c a67c a67c ae7d ae7d ae7d ae7d ae7d ae7d ae7d ae7d ae7d aebd aebd aebd aebd aebd aebd aebd aebd aebd aebd aebd aebd aebd aebd b6bd b6bd b6bd b6bd b6bd b6bd b6bd b6bd b6bd b6bd b6bd b6bd b6bd b6be b6be b6be b6fe b6fe b6fe b6fe b6fe b6fe befe befe befe befe befe befe befe befe befe befe befe befe befe befe befe befe befe befe befe befe befe befe befe c73e bebc 428c 2988 2146 2946 3186 2946 2946 2946 2946 2946 2946 2945 2945 2945 2945 2145 2145 2145 2145 2945 2945 2945 2945 2945 2945 2945 2945 2945 2145 2145 2145 2145 2145 2145 2145 2145 2145 2145 2145 2145 2145 2145 2145 2145 2145 2105 2145 2145 2145 2105 2105 2105 2145 2145 2145 2145 2145 2105 2105 2105 2105 2145 2145 2145 2105 2105 2105 2105 2105 2945 2145 2145 2145 2105 2105 2105 2105 2105 2105 2105 2105 2105 2105 2105 2105 2105 2104 2104 2104 2104 2104 2104 1904 2104 2104 1904 1904 18c4 18c4 18c4 18c4 18c3 18c3 18c3 18c3 18c3 18c3 18c3 18c3 18c3 18c3 18c3 18c3 18c3 18c3 18c3 18c3 
6476 6476 6476 6476 6476 6476 6477 6477 6477 6477 6477 6477 6477 6477 64b7 64b7 6cb7 6cb7 6cb7 6cb7 6cb7 6cb8 6cb8 6cb8 6cb8 6cb8 6cb8 6cb8 6cf8 6cf8 74f8 74f8 74f8 74f8 74f8 74f9 74f9 74f9 74f9 74f9 7539 7539 7d39 7d39 7d39 7d39 7d39 7d39 7d3a 7d3a 7d3a 7d7a 7d7a 7d7a 857a 857a 7d7a 857a 857a 857a 857a 857a 857a 857a 857a 857a 857a 85ba 85ba 85ba 8dbb 8dbb 8dba 8dba 8dba 8dbb 8dbb 8dbb 8dbb 8dbb 95bb 95bb 95bb 95bb 95fb 95fb 95fb 95fb 95fb 95fb 95fb 95fb 95fb 95fb 95fc 95fc 95fc 95fc 95fc 95fc 9dfc 9dfc 9dfc 9dfc 9e3c 9e3c 9e3c 9e3c 9e3c 9e3c 9e3c 9e3c 9e3c 9e3c 9e3c 9e3c 9e3c 9e3c a63c a63c a63c a63c a67c a67c a67c a67c a67c a67c a67c a67c a67c a67c a67c ae7d ae7d ae7d ae7d ae7d ae7d ae7d ae7d ae7d ae7d aebd aebd aebd aebd aebd aebd aebd aebd aebd aebd aebd aebd aebd b6bd b6bd b6bd b6bd b6bd b6bd b6bd b6bd b6bd b6bd b6bd b6bd b6bd b6bd b6be b6be b6be b6fe b6fe b6fe b6fe b6fe b6fe befe befe befe befe befe befe befe befe befe befe befe befe befe befe befe befe befe befe befe befe befe befe befe befd 6c31 2187 2987 2946 2946 2946 2946 2946 2946 2946 2946 2945 2945 2946 2945 2945 2945 2945 2945 2945 2946 2945 2945 2945 2945 2945 2945 2945 2145 2145 2145 2145 2145 2145 2145 2145 2145 2145 2145 2145 2145 2145 2145 2145 2145 2945 2945 2945 2945 2145 2145 2145 2145 2145 2145 2145 2145 2145 2105 2105 2105 2145 2145 2145 2105 2105 2105 2105 2105 2945 2945 2145 2145 2145 2105 2105 2105 2105 2105 2105 2105 2105 2105 2105 2105 2105 2105 2105 2104 2104 2104 2104 2104 1904 1904 1904 18c4 18c4 18c4 18c4 18c4 18c3 18c3 18c3 18c3 18c3 18c3 18c3 18c3 18c3 18c3 18c3 18c3 18c3 18c3 18c3 18c3 
6476 6476 6476 6476 6476 6476 6477 6477 6477 6477 6477 6477 6477 6477 64b7 64b7 6cb7 6cb7 6cb7 6cb7 6cb7 6cb8 6cb8 6cb8 6cb8 6cb8 6cb8 6cb8 6cb8 6cf8 6cf8 74f8 74f8 74f8 74f8 74f9 74f9 74f9 74f9 74f9 7539 7539 7d39 7d39 7d39 7d39 7d39 7d39 7d3a 7d3a 7d3a 7d3a 7d7a 7d7a 857a 857a 7d7a 857a 857a 857a 857a 857a 857a 857a 857a 857a 857a 85ba 85ba 85ba 8dbb 8dbb 8dba 8dba 8dba 8dbb 8dbb 8dbb 8dbb 8dbb 95bb 95bb 95bb 95bb 95fb 95fb 95fb 95fb 95fb 95fb 95fb 95fb 95fb 95fb 95fb 95fc 95fc 95fc 95fc 95fc 95fc 9dfc 9dfc 9dfc 9e3c 9e3c 9e3c 9e3c 9e3c 9e3c 9e3c 9e3c 9e3c 9e3c 9e3c 9e3c 9e3c 9e3c a63c a63c a63c a63c a67c a67c a67c a67c a67c a67c a67c a67c a67c a67c a67c a67c ae7d ae7d ae7d ae7d ae7d ae7d ae7d ae7d ae7d aebd aebd aebd aebd aebd aebd aebd aebd aebd aebd aebd aebd aebd b6bd b6bd b6bd b6bd b6bd b6bd b6bd b6bd b6bd b6bd b6bd b6bd b6bd b6bd b6bd b6be b6be b6be b6fe b6fe b6fe b6fe b6fe b6fe b6fe befe befe befe befe befe befe befe befe befe befe befe befe befe befe befe befe befe befe befe bf3e befe befd 9db8 1947 31c8 3187 3187 2946 2946 2946 2946 2946 2946 2946 2945 2946 2946 2945 2945 2945 2945 2946 2946 2945 2945 2945 2945 2945 2945 2145 2145 2145 2145 2145 2145 2145 2145 2145 2145 2945 2945 2945 2945 2945 2945 2945 2945 2945 2945 2945 2945 2945 2945 2145 2145 2945 2145 2145 2145 2145 2145 2145 2105 2145 2145 2145 2105 2105 2105 2105 2105 2945 2945 2145 2145 2145 2105 2105 2105 2105 2105 2105 2105 2105 2105 2105 2105 2105 2105 2105 2104 2104 2104 2104 2104 1904 1904 18c4 18c4 18c4 18c4 18c4 18c4 18c3 18c3 18c3 18c3 18c3 18c3 18c3 18c3 18c3 18c3 18c3 18c3 18c3 18c3 18c3 18c3 
6476 6476 6476 6476 6476 6476 6476 6477 6477 6477 6477 6477 6477 6477 64b7 64b7 6cb7 6cb7 6cb7 6cb7 6cb7 6cb7 6cb8 6cb8 6cb8 6cb8 6cb8 6cb8 6cb8 6cf8 6cf8 6cf8 74f8 74f8 74f8 74f8 74f9 74f9 74f9 74f9 7539 7539 7d39 7d39 7d39 7d39 7d39 7d39 7d39 7d3a 7d3a 7d3a 7d7a 7d7a 7d7a 857a 7d7a 857a 857a 857a 857a 857a 857a 857a 857a 857a 857a 85ba 85ba 85ba 8dbb 8dbb 8dba 8dba 8dba 8dbb 8dbb 8dbb 8dbb 8dbb 95bb 95bb 95bb 95bb 95fb 95fb 95fb 95fb 95fb 95fb 95fb 95fb 95fb 95fb 95fb 95fb 95fc 95fc 95fc 95fc 95fc 9dfc 9dfc 9dfc 9e3c 9e3c 9e3c 9e3c 9e3c 9e3c 9e3c 9e3c 9e3c 9e3c 9e3c 9e3c 9e3c 9e3c a63c a63c a63c a63c a67c a67c a67c a67c a67c a67c a67c a67c a67c a67c a67c a67c a67c ae7d ae7d ae7d ae7d ae7d ae7d ae7d ae7d ae7d aebd aebd aebd aebd aebd aebd aebd aebd aebd aebd aebd aebd b6bd b6bd b6bd b6bd b6bd b6bd b6bd b6bd b6bd b6bd b6bd b6bd b6bd b6bd b6bd b6bd b6be b6be b6be b6fe b6fe b6fe b6fe b6fe b6fe b6fe befe befe befe befe befe befe befe befe befe befe befe befe befe befe befe befe befe befe befe befe befd befc 3209 2987 2946 3187 2946 2946 2946 2946 2946 2946 2946 2946 2945 2945 2945 2945 2945 2945 2945 2945 2945 2945 2945 2945 2945 2945 2145 2145 2145 2145 2145 2145 2145 2145 2145 2145 2945 2945 2945 2945 2945 2945 2945 2945 2945 2945 2145 2945 2945 2945 2945 2145 2945 2945 2945 2145 2145 2145 2145 2145 2145 2145 2145 2105 2105 2105 2105 2105 2945 2145 2145 2145 2105 2105 2105 2105 2105 2105 2105 2105 2105 2105 2105 2105 2104 2104 2104 2104 2104 1904 1904 1904 1904 1904 18c4 18c4 18c4 18c4 18c4 18c4 18c3 18c3 18c3 18c3 18c3 18c3 18c3 18c3 18c3 18c3 18c3 18c3 18c3 18c3 18c3 18c3 
5c76 5c76 5c76 6476 6476 6476 6476 6477 6477 6477 6477 6477 6477 6477 64b7 64b7 6cb7 6cb7 6cb7 6cb7 6cb7 6cb7 6cb8 6cb8 6cb8 6cb8 6cb8 6cb8 6cb8 6cf8 6cf8 6cf8 74f8 74f8 74f8 74f8 74f9 74f9 74f9 74f9 7539 7539 7d39 7d39 7d39 7d39 7d39 7d39 7d39 7d3a 7d3a 7d3a 7d7a 7d7a 7d7a 7d7a 7d7a 857a 857a 857a 857a 857a 857a 857a 857a 857a 857a 85ba 85ba 85ba 8dbb 8dbb 8dba 8dba 8dba 8dbb 8dbb 8dbb 8dbb 8dbb 95bb 95bb 95bb 95bb 95fb 95fb 95fb 95fb 95fb 95fb 95fb 95fb 95fb 95fb 95fb 95fb 95fc 95fc 95fc 95fc 95fc 95fc 9dfc 9dfc 9e3c 9e3c 9e3c 9e3c 9e3c 9e3c 9e3c 9e3c 9e3c 9e3c 9e3c 9e3c 9e3c 9e3c a63c a63c a63c a63c a67c a67c a67c a67c a67c a67c a67c a67c a67c a67c a67c a67c a67c a67c ae7d ae7d ae7d ae7d ae7d ae7d ae7d ae7d aebd aebd aebd aebd aebd aebd aebd aebd aebd aebd aebd aebd b6bd b6bd b6bd b6bd b6bd b6bd b6bd b6bd b6bd b6bd b6bd b6bd b6bd b6bd b6bd b6bd b6be b6be b6be b6be b6fd b6fd b6fe b6fe b6fe b6fe b6fe b6fe befe befe befe befe befe befe befe befe befe befe befe befe befe befe beff befe befe befe befd c73d 638f 2146 2947 3147 3146 2986 2946 2946 2946 2946 2946 2946 2946 2946 2945 2945 2945 2945 2946 2946 2945 2945 2945 2945 2945 2945 2945 2945 2945 2945 2945 2945 2945 2945 2945 2945 2945 2945 2945 2945 2945 2945 2945 2945 2945 2945 2145 2145 2945 2945 2945 2105 2945 2945 2945 2945 2145 2145 2145 2145 2145 2145 2145 2105 2105 2105 2105 2105 2145 2145 2145 2105 2105 2105 2105 2105 2105 2105 2105 2105 2105 2105 2105 2105 2104 2104 2104 2104 2104 1904 1904 18c4 1904 1904 1904 18c4 18c4 18c4 18c4 18c4 18c3 18c3 18c3 18c3 18c3 18c3 18c3 18c3 18c3 18c3 18c3 18c3 18c3 18c3 18c3 18c3 
5c76 5c76 5c76 6476 6476 6476 6476 6476 6477 6477 6477 6477 6477 6477 64b7 64b7 6cb7 6cb7 6cb7 6cb7 6cb7 6cb7 6cb8 6cb8 6cb8 6cb8 6cb8 6cb8 6cb8 6cb8 6cf8 6cf8 74f8 74f8 74f8 74f8 74f9 74f9 74f9 74f9 7539 7539 7d39 7d39 7d39 7d39 7d39 7d39 7d39 7d39 7d3a 7d3a 7d7a 7d7a 7d7a 7d7a 7d7a 857a 857a 857a 857a 857a 857a 857a 857a 857a 857a 85ba 85ba 85ba 8dbb 8dbb 8dba 8dba 8dba 8dbb 8dbb 8dbb 8dbb 8dbb 95bb 95bb 95bb 95bb 95fb 95fb 95fb 95fb 95fb 95fb 95fb 95fb 95fb 95fb 95fb 95fb 95fc 95fc 95fc 95fc 95fc 95fc 9dfc 9dfc 9e3c 9e3c 9e3c 9e3c 9e3c 9e3c 9e3c 9e3c 9e3c 9e3c 9e3c 9e3c 9e3c 9e3c a63c a63c a63c a63c a67c a67c a67c a67c a67c a67c a67c a67c a67c a67c a67c a67c a67c a67c ae7d ae7d ae7d ae7d ae7d ae7d ae7d ae7d aebd aebd aebd aebd aebd aebd aebd aebd aebd aebd aebd aebd b6bd b6bd b6bd b6bd b6bd b6bd b6bd b6bd b6bd b6bd b6bd b6bd b6bd b6bd b6bd b6bd b6be b6be b6be b6be b6fd b6fd b6fe b6fe b6fe b6fe b6fe b6fe befe befe befe befe befe befe befe befe befe befe befe befe befe befe beff beff bf3f befe befd c6fd 9536 2987 3188 3187 3187 2986 2986 2946 2946 2946 2946 2946 2946 2946 2946 2946 2946 2946 2946 2946 2945 2945 2945 2945 2945 2945 2945 2945 2945 2945 2945 2945 2945 2945 2945 2945 2945 2945 2945 2945 2945 2945 2945 2945 2945 2945 2105 2145 2945 2945 2145 2105 2945 2945 2945 2945 2145 2145 2145 2145 2145 2145 2145 2105 2105 2105 2105 2105 2145 2105 2105 2105 2105 2105 2105 2105 2105 2105 2105 2105 2105 2105 2105 2105 2105 2105 2104 2104 2104 2104 2104 2104 2104 1904 1904 18c4 18c4 18c4 18c4 18c4 18c3 18c3 18c3 18c3 18c3 18c3 18c3 18c3 18c3 18c3 18c3 18c3 18c3 18c3 18c3 18c3 
6436 6436 6476 6476 6476 6476 6476 6476 6476 6476 6477 6477 6477 6477 64b7 64b7 64b7 64b7 6cb7 6cb7 6cb7 6cb7 6cb7 6cb7 6cb8 6cb8 6cb8 6cb8 6cf8 6cf8 74f8 74f8 74f8 74f8 74f8 74f8 74f9 74f9 74f9 7539 7539 7539 7539 7d39 7d39 7d39 7d39 7d39 7d3a 7d3a 7d39 7d39 7d3a 7d3a 7d7a 7d7a 857a 857a 857a 857a 857a 857a 857a 857a 857a 857a 857a 857a 85bb 85bb 85ba 85ba 8dbb 8dbb 8dbb 8dbb 8dbb 8dbb 8dbb 8dbb 95bb 95bb 95bb 95bb 95bb 95fb 95fb 95fb 95fb 95fb 95fb 95fb 95fb 95fc 95fc 95fc 95fc 95fc 95fc 95fc 95fc 95fc 9dfc 9dfc 9dfc 9dfc 9e3c 9e3c 9e3c 9e3c 9e3c 9e3c 9e3c 9e3c 9e3c 9e3c 9e3c 9e3c 9e3c 9e3c 9e3c 9e3c a63c a63c a63c a63c a63c a67c a67c a67c a67c a67c a67d a67d a67d a67d ae7d ae7d ae7d ae7d ae7d ae7d ae7d aebd aebd aebd aebd aebd aebd aebd aebd aebd aebd aebd aebd aebd aebd aebd aebd aebd b6bd b6bd b6bd b6bd b6be b6be b6be b6be b6be b6be b6be b6be b6fe b6fe b6fe b6fe b6fd b6fd b6fd b6fd b6fd b6fe b6fe b6fe befe befe befe befe befe befe befe befe b6fd b6fd befe befe befe befe befe befe b6fe bf3e c73e bebc c6fc 29c9 2988 2987 2987 2986 2986 2986 2946 2986 2946 2946 2946 2946 2946 2946 2946 2946 2946 2946 2946 2946 2946 2946 2946 2946 2946 2946 2946 2946 2945 2945 2945 2945 2945 2945 2945 2945 2945 2945 2945 2945 2945 2945 2945 2945 2945 2945 2945 2945 2945 2945 2145 2145 2145 2145 2145 2945 2945 2945 2145 2145 2945 2945 2945 2945 2145 2145 2945 2945 2145 2145 2145 2105 2105 2105 2105 2105 2105 2105 2104 2104 2104 2104 2104 2104 2104 2104 2104 2104 1904 1904 18c4 18c4 18c4 18c4 18c4 18c4 18c4 18c4 18c3 18c3 18c3 18c3 18c3 18c4 18c4 18c4 18c4 18c4 18c3 18c3 18c3 18c3 18c3 18c3 
6436 6436 6476 6476 6476 6476 6476 6476 6476 6476 6477 6477 6477 6477 64b7 64b7 64b7 64b7 6cb7 6cb7 6cb7 6cb7 6cb7 6cb7 6cb8 6cb8 6cb8 6cb8 6cf8 6cf8 74f8 74f8 74f8 74f8 74f8 74f8 74f9 74f9 74f9 7539 7539 7539 7539 7d39 7d39 7d39 7d39 7d39 7d3a 7d3a 7d39 7d3a 7d3a 7d3a 7d7a 7d7a 857a 857a 857a 857a 857a 857a 857a 857a 857a 857a 857a 857a 85bb 85bb 85ba 85ba 8dbb 8dbb 8dbb 8dbb 8dbb 8dbb 8dbb 8dbb 95bb 95bb 95bb 95bb 95bb 95fb 95fb 95fb 95fb 95fb 95fb 95fb 95fb 95fb 95fc 95fc 95fc 95fc 95fc 95fc 95fc 95fc 9dfc 9dfc 9dfc 9dfc 9e3c 9e3c 9e3c 9e3c 9e3c 9e3c 9e3c 9e3c 9e3c 9e3c 9e3c 9e3c 9e3c 9e3c 9e3c 9e3c a63c a63c a63c a63c a63c a63c a67c a67c a67c a67c a67d a67d a67d a67d ae7d ae7d ae7d ae7d ae7d ae7d ae7d aebd ae7d aebd aebd aebd aebd aebd aebd aebd aebd aebd aebd aebd aebd aebd aebd aebd b6bd b6bd b6bd b6bd b6be b6be b6be b6be b6be b6be b6be b6be b6be b6fe b6fe b6fe b6fe b6fd b6fd b6fd b6fd b6fe b6fe b6fe befe befe befe befe befe befe befe befe b6fd b6fd b6fe b6fe befe b6fe befe befe beff befe c6fe c6fd cefe 6bd1 2187 2988 2987 2986 2986 2986 2986 2986 2986 2986 2946 2946 2946 2946 2946 2946 2946 2946 2946 2946 2946 2946 2946 2946 2946 2946 2946 2946 2946 2945 2945 2945 2945 2945 2945 2945 2945 2945 2945 2945 2945 2945 2945 2945 2945 2945 2945 2945 2945 2945 2145 2145 2145 2145 2145 2145 2945 2945 2145 2145 2945 2945 2945 2945 2145 2145 2945 2145 2145 2145 2105 2105 2105 2105 2105 2105 2105 2105 2104 2104 2104 2104 2104 2104 2104 2104 2104 2104 2104 2104 18c4 18c4 18c4 18c4 18c4 18c4 1903 1903 18c3 18c3 18c3 18c3 18c4 18c4 18c4 18c4 18c4 18c3 18c3 18c3 18c3 18c3 18c3 18c3 
6436 6436 6476 6476 6476 6476 6476 6476 6476 6476 6477 6477 6477 6477 64b7 64b7 64b7 64b7 6cb7 6cb7 6cb7 6cb7 6cb7 6cb7 6cb8 6cb8 6cb8 6cb8 6cb8 6cf8 74f8 74f8 74f8 74f8 74f8 74f8 74f9 74f9 74f9 7539 74f9 7539 7539 7d39 7d39 7d39 7d39 7d39 7d3a 7d3a 7d3a 7d3a 7d3a 7d3a 7d7a 7d7a 857a 857a 857a 857a 857a 857a 857a 857a 857a 857a 857a 857a 857a 85bb 8d7a 8dba 8dbb 8dbb 8dbb 8dbb 8dbb 8dbb 8dbb 8dbb 95bb 95bb 95bb 95bb 95bb 95bb 95fb 95fb 95fb 95fb 95fb 95fb 95fb 95fb 95fc 95fc 95fc 95fc 95fc 95fc 95fc 95fc 95fc 9dfc 9dfc 9dfc 9e3c 9e3c 9e3c 9e3c 9e3c 9e3c 9e3c 9e3c 9e3c 9e3c 9e3c 9e3c 9e3c 9e3c 9e3c 9e3c a63c a63c a63c a63c a63c a63c a67c a67c a67c a67c a67d a67d a67d a67d ae7d ae7d ae7d ae7d ae7d ae7d ae7d ae7d ae7d ae7d aebd aebd aebd aebd aebd aebd aebd aebd aebd aebd aebd aebd aebd aebd b6bd b6bd b6bd b6bd b6bd b6be b6be b6be b6be b6be b6be b6be b6be b6be b6fe b6fe b6fe b6fd b6fd b6fd b6fd b6fd b6fd b6fe b6fe b6fe befe befe befe befe befe befe b6fd b6fd befe b6fe befe befe befe befe beff befe befd c6fe c6fd adf9 21c8 2188 2987 2986 2986 2986 2986 2946 2946 2946 2946 2946 2946 2946 2946 2946 2946 2946 2946 2946 2946 2946 2946 2946 2946 2946 2946 2946 2946 2946 2946 2945 2945 2945 2945 2945 2945 2945 2945 2945 2945 2945 2945 2945 2945 2945 2945 2945 2945 2945 2145 2145 2145 2145 2145 2945 2945 2945 2145 2945 2945 2945 2945 2945 2945 2145 2145 2145 2145 2105 2105 2105 2105 2105 2105 2105 2105 2105 2105 2104 2104 2104 2104 2104 2104 2104 2104 2104 2104 2104 1904 1904 1904 18c4 18c4 18c4 1903 1903 18c4 18c4 18c4 18c4 18c4 18c4 18c4 18c4 18c3 18c3 18c3 18c3 18c3 18c3 18c3 18c3 
6436 6436 6476 6476 6476 6476 6476 6476 6476 6476 6477 6477 6477 6477 64b7 64b7 64b7 64b7 6cb7 6cb7 6cb7 6cb7 6cb7 6cb7 6cb8 6cb8 6cb8 6cb8 6cb8 6cf8 74f8 74f8 74f8 74f8 74f8 74f8 74f9 74f9 74f9 74f9 74f9 7539 7539 7d39 7d39 7d39 7d39 7d39 7d39 7d39 7d3a 7d3a 7d3a 7d3a 7d7a 7d7a 857a 857a 857a 857a 857a 857a 857a 857a 857a 857a 857a 857a 857a 85bb 8d7a 8d7a 8dbb 8dbb 8dbb 8dbb 8dbb 8dbb 8dbb 8dbb 95bb 95bb 95bb 95bb 95bb 95bb 95fb 95fb 95fb 95fb 95fb 95fb 95fb 95fb 95fb 95fc 95fc 95fc 95fc 95fc 95fc 95fc 95fc 95fc 9dfc 9dfc 9e3c 9e3c 9e3c 9e3c 9e3c 9e3c 9e3c 9e3c 9e3c 9e3c 9e3c 9e3c 9e3c 9e3c 9e3c 9e3c a63c a63c a63c a63c a63c a63c a67c a67c a67c a67c a67d a67d a67d a67d ae7d ae7d ae7d ae7d ae7d ae7d ae7d ae7d ae7d ae7d ae7d aebd aebd aebd aebd aebd aebd aebd aebd aebd aebd aebd aebd aebd b6bd b6bd b6bd b6bd b6bd b6bd b6bd b6be b6be b6be b6be b6be b6be b6be b6be b6bd b6be b6fd b6fd b6fd b6fd b6fd b6fd b6fd b6fe b6fe b6fe befe befe befe befe befe befd b6fd befe befe befe befe befe befe befe c73e befd befd befd c6bd 4b0e 2187 2987 2986 2986 2986 2986 2946 2946 2946 2946 2946 2946 2946 2946 2946 2946 2946 2946 2946 2946 2946 2946 2946 2946 2946 2946 2946 2946 2946 2946 2946 2946 2946 2945 2945 2945 2945 2945 2945 2945 2945 2945 2945 2945 2945 2945 2945 2945 2945 2945 2945 2945 2945 2945 2945 2945 2945 2945 2945 2945 2945 2945 2945 2945 2945 2145 2105 2105 2105 2105 2105 2105 2105 2105 2105 2105 2105 2105 2104 2104 2104 2104 2104 2104 2104 2104 2104 2104 2104 1904 1904 1904 1904 18c4 18c4 1903 1903 18c4 18c4 18c4 18c4 18c4 18c4 18c4 18c4 18c4 18c3 18c3 18c3 18c3 18c3 18c3 18c3 
6436 6436 6476 6476 6476 6476 6476 6476 6476 6476 6477 6477 6477 6477 6477 6477 64b7 64b7 6cb7 6cb7 6cb7 6cb7 6cb7 6cb7 6cb8 6cb8 6cb8 6cb8 6cb8 6cf8 6cf8 74f8 74f8 74f8 74f8 74f8 74f8 74f9 74f9 74f9 74f9 7539 7539 7d39 7d39 7d39 7d39 7d39 7d39 7d39 7d3a 7d3a 7d3a 7d7a 7d7a 7d7a 7d7a 857a 857a 857a 857a 857a 857a 857a 857a 857a 857a 857a 857a 8d7b 8d7a 8d7a 8dba 8dbb 8dbb 8dbb 8dbb 8dbb 8dbb 8dbb 8dbb 8dbb 95bb 95bb 95bb 95bb 95bb 95bb 95bb 95fb 95fb 95fb 95fb 95fb 95fb 95fb 95fc 95fc 95fb 95fc 95fc 95fc 95fc 95fc 95fc 9dfc 9e3c 9e3c 9e3c 9e3c 9e3c 9e3c 9e3c 9e3c 9e3c 9e3c 9e3c 9e3c 9e3c 9e3c 9e3c 9e3c a63c a63c a63c a63c a63c a63c a67c a67c a67c a67c a67d a67d a67d a67d a67c a67c ae7d ae7d ae7d ae7d ae7d ae7d ae7d ae7d ae7d aebd aebd aebd aebd aebd aebd aebd aebd aebd aebd aebd aebd aebd b6bd b6bd b6bd b6bd b6bd b6bd b6bd b6bd b6be b6be b6be b6be b6be b6be b6be b6bd b6be b6fd b6fd b6fd b6fd b6fd b6fd b6fd b6fe b6fe b6fe b6fe b6fe befe befe befe befd befd befe befe befe befe befe befe befe c73f befe befd c6fd c6fd 8d36 2188 2987 3187 3187 3187 2946 2946 2946 2946 2946 2946 2946 2946 2946 2946 2946 2946 2946 2946 2946 2946 2946 2946 2946 2946 2946 2946 2946 2946 2946 2945 2945 2945 2945 2945 2945 2945 2945 2945 2945 2945 2945 2945 2945 2945 2945 2945 2945 2945 2945 2945 2945 2945 2945 2945 2945 2945 2945 2945 2945 2945 2945 2945 2945 2945 2145 2105 2105 2105 2105 2105 2105 2105 2105 2105 2105 2105 2105 2105 2104 2104 2104 2104 2104 2104 2104 2104 2104 2104 2104 2104 2104 1904 1904 18c4 1903 1903 18c4 18c4 18c4 18c4 18c4 18c4 18c4 18c4 18c4 18c4 18c3 18c3 18c3 18c3 18c3 18c3 
6436 6436 6476 6476 6476 6476 6476 6476 6476 6476 6477 6477 6477 6477 6477 6477 64b7 64b7 6cb7 6cb7 6cb7 6cb7 6cb7 6cb7 6cb8 6cb8 6cb8 6cb8 6cb8 6cb8 6cf8 6cf8 74f8 74f8 74f8 74f8 74f8 74f9 74f9 74f9 74f9 74f9 7539 7539 7d39 7d39 7d39 7d39 7d39 7d39 7d3a 7d3a 7d3a 7d7a 7d7a 7d7a 7d7a 7d7a 857a 857a 857a 857a 857a 857a 857a 857a 857a 857a 857a 857a 8d7a 8d7a 8dba 8dba 8dbb 8dbb 8dbb 8dbb 8dbb 8dbb 8dbb 8dbb 95bb 95bb 95bb 95bb 95bb 95bb 95bb 95bb 95fb 95fb 95fb 95fb 95fb 95fb 95fc 95fc 95fb 95fc 95fc 95fc 95fc 95fc 95fc 9dfc 9e3c 9e3c 9e3c 9e3c 9e3c 9e3c 9e3c 9e3c 9e3c 9e3c 9e3c 9e3c 9e3c 9e3c 9e3c 9e3c a63c a63c a63c a63c a63c a63c a67c a67c a67c a67c a67d a67d a67d a67d a67c a67c ae7d ae7d ae7d ae7d ae7d ae7d ae7d ae7d ae7d ae7d aebd aebd aebd aebd aebd aebd aebd aebd aebd aebd aebd aebd b6bd b6bd b6bd b6bd b6bd b6bd b6bd b6bd b6be b6be b6be b6be b6be b6be b6be b6bd b6be b6fd b6fd b6fd b6fd b6fd b6fd b6fd b6fe b6fe b6fe b6fe b6fe b6fe befe befe befd befd befe befe befe befe befe befe befe bf3e befd befd cf3f befd bebc 320a 2987 3187 3187 3187 3187 2946 2946 2946 2986 2986 2946 2946 2946 2946 2946 2946 2946 2946 2946 2946 2946 2946 2946 2946 2946 2946 2946 2946 2946 2946 2946 2946 2945 2945 2945 2946 2946 2945 2945 2945 2945 2945 2945 2945 2945 2945 2945 2945 2945 2945 2945 2945 2945 2945 2945 2945 2945 2945 2945 2945 2945 2945 2945 2945 2145 2145 2145 2105 2105 2105 2105 2105 2105 2105 2105 2105 2105 2105 2105 2104 2104 2104 2104 2104 2104 2104 2104 2104 2104 2104 2104 1904 1904 18c4 1903 1903 1904 1904 18c4 18c4 18c4 18c4 18c4 18c4 18c4 18c4 18c3 18c3 18c3 18c3 18c3 18c3 
6436 6436 6476 6476 6476 6476 6476 6476 6476 6476 6477 6477 6477 6477 6477 6477 64b7 64b7 6cb7 6cb7 6cb7 6cb7 6cb7 6cb7 6cb8 6cb8 6cb8 6cb8 6cb8 6cb8 6cf8 6cf8 74f8 74f8 74f8 74f8 74f8 74f9 74f9 74f9 74f9 74f9 7539 7539 7d39 7d39 7d39 7d39 7d39 7d39 7d3a 7d3a 7d7a 7d7a 7d7a 7d3a 7d7a 7d7a 857a 857a 857a 857a 857a 857a 857a 857a 857a 857a 857a 857a 857a 8d7a 8dba 8dba 8dbb 8dbb 8dbb 8dbb 8dbb 8dbb 8dbb 8dbb 8dbb 95bb 95bb 95bb 95bb 95bb 95bb 95bb 95fb 95fb 95fb 95fb 95fb 95fb 95fb 95fc 95fb 95fb 95fc 95fc 95fc 95fc 95fc 9dfc 9e3c 9e3c 9e3c 9e3c 9e3c 9e3c 9e3c 9e3c 9e3c 9e3c 9e3c 9e3c 9e3c 9e3c 9e3c 9e3c a63c a63c a63c a63c a63c a63c a67c a67c a67c a67c a67d a67d a67d a67d a67c a67c ae7d ae7d ae7d ae7d ae7d ae7d ae7d ae7d ae7d ae7d ae7d aebd aebd aebd aebd aebd aebd aebd aebd aebd aebd aebd b6bd b6bd b6bd b6bd b6bd b6bd b6bd b6bd b6be b6be b6be b6be b6be b6be b6be b6bd b6be b6fd b6fd b6fd b6fd b6fd b6fd b6fd b6fd b6fd b6fe b6fe b6fe b6fe b6fe b6fe befe befe befe befe befe befe befe befe befe b6fd befe befd c73e befd c73e 63d0 2987 2987 2987 2987 3187 2946 2946 2946 3186 3146 2986 2946 2946 2946 2946 2946 2946 2946 2946 2946 2946 2946 2946 2946 2946 2946 2946 2946 2946 2946 2946 2946 2945 2945 2945 2946 2946 2946 2945 2945 2945 2945 2945 2945 2945 2945 2945 2945 2945 2945 2945 2945 2945 2945 2945 2945 2945 2945 2945 2945 2945 2945 2945 2945 2945 2145 2145 2145 2105 2105 2105 2105 2105 2105 2105 2105 2105 2105 2105 2105 2104 2104 2104 2104 2104 2104 2104 2104 2104 2104 2104 2104 1904 18c4 1903 18c3 1904 1904 18c4 18c4 18c4 18c4 18c4 18c4 18c3 18c3 18c3 18c3 18c3 18c3 18c3 18c3 
6436 6436 6476 6476 6476 6476 6476 6476 6476 6476 6477 6477 6477 6477 6477 6477 64b7 64b7 6cb7 6cb7 6cb7 6cb7 6cb7 6cb7 6cb8 6cb8 6cb8 6cb8 6cb8 6cb8 6cf8 6cf8 74f8 74f8 74f8 74f8 74f8 74f9 74f9 74f9 74f9 74f9 7539 7539 7d39 7d39 7d39 7d39 7d39 7d39 7d3a 7d3a 7d7a 7d7a 7d7a 7d3a 7d7a 7d7a 7d7a 857a 857a 857a 857a 857a 857a 857a 857a 857a 857a 857a 857a 8d7a 8dba 8dba 8dbb 8dbb 8dbb 8dbb 8dbb 8dbb 8dbb 8dbb 8dbb 95bb 95bb 95bb 95bb 95bb 95bb 95bb 95bb 95fb 95fb 95fb 95fb 95fb 95fb 95fc 95fb 95fb 95fc 95fc 95fc 95fc 95fc 9dfc 9e3c 9e3c 9e3c 9e3c 9e3c 9e3c 9e3c 9e3c 9e3c 9e3c 9e3c 9e3c 9e3c 9e3c 9e3c 9e3c a63c a63c a63c a63c a63c a63c a67c a67c a67c a67c a67d a67d a67d a67d a67c a67c a67c ae7d ae7d ae7d ae7d ae7d ae7d ae7d ae7d ae7d ae7d aebd aebd aebd aebd aebd aebd aebd aebd aebd aebd aebd b6bd b6bd b6bd b6bd b6bd b6bd b6bd b6bd b6be b6be b6be b6be b6be b6be b6be b6be b6bd b6bd b6fd b6fd b6fd b6fd b6fd b6fd b6fd b6fd b6fe b6fe b6fe b6fe b6fe b6fe befe befe befe befe befe befe befe befe bf3e b6fd c73f c73e befd befd c73e 9577 2987 2987 2987 2987 3187 2946 2946 2946 3186 3186 2986 2946 2946 2946 2946 2946 2946 2946 2946 2946 2946 2946 2946 2946 2986 2946 2946 2946 2946 2946 2946 2946 2945 2945 2945 2946 2946 2946 2945 2945 2945 2945 2945 2945 2945 2945 2945 2945 2145 2145 2145 2145 2945 2945 2945 2945 2945 2945 2945 2945 2945 2945 2945 2945 2945 2945 2145 2145 2145 2105 2105 2105 2105 2105 2105 2105 2105 2105 2105 2105 2104 2104 2104 2104 2104 2104 2104 2104 2104 2104 2104 2104 1904 18c4 1903 18c3 18c4 18c4 18c4 18c4 18c4 18c4 18c4 18c4 18c3 18c3 18c3 18c3 18c3 18c3 18c3 18c3 
6436 6436 6436 6476 6476 6476 6476 6476 6476 6476 6477 6477 6477 6477 6477 6477 6477 6cb7 6cb7 6cb7 6cb7 6cb7 6cb7 6cb8 6cb7 6cb8 6cb8 6cb8 6cb8 6cb8 6cb8 74f8 74f8 74f8 74f8 74f8 74f8 74f9 74f8 74f9 74f9 74f9 7539 7539 7d39 7d39 7d39 7d39 7d39 7d39 7d39 7d3a 7d3a 7d3a 7d7a 7d7a 7d7a 7d7a 857a 857a 857a 857a 857a 857a 857a 857a 857a 857a 857a 857a 8d7a 8d7a 8dba 8dba 8dbb 8dbb 8dbb 8dbb 8dbb 8dbb 8dbb 8dbb 8dbb 95bb 95bb 95bb 95bb 95bb 95fb 95fb 95fb 95fb 95fb 95fb 95fb 95fb 95fb 95fc 95fc 95fc 95fc 95fc 95fc 95fc 9dfc 9dfc 9e3c 9e3c 9e3c 9e3c 9e3c 9e3c 9e3c 9e3c 9e3c 9e3c 9e3c 9e3c 9e3c 9e3c 9e3c 9e3c a63c a63c a63c a63c a63c a63c a67c a67c a67c a67c a67d a67d a67d a67d a67c ae7d ae7d ae7d ae7d ae7d ae7d ae7d ae7d ae7d ae7d aebd aebd aebd aebd aebd aebd aebd aebd aebd aebd aebd aebd aebd aebd aebd aebd aebd b6bd b6bd b6bd b6bd b6be b6be b6be b6be b6be b6be b6be b6be b6be b6be b6be b6fe b6fe b6fe b6fe b6fe b6fe b6fe b6fe b6fe b6fe b6fe b6fe b6fe befe befe befe befe befe befe befe befe befe befe befe befe befe befd befd c6fd 2188 3a09 2946 2946 3187 2946 2946 2946 3146 3146 3146 2946 2946 2946 2946 2946 2946 2946 2946 2946 2946 2946 2946 2946 2946 2946 2946 2946 2946 2946 2946 2946 2946 2946 2946 2946 2946 2946 2945 2945 2945 2945 2945 2945 2945 2945 2945 2945 2945 2945 2945 2945 2945 2945 2945 2145 2945 2945 2945 2945 2945 2945 2145 2145 2145 2145 2145 2145 2145 2105 2105 2105 2105 2105 2105 2105 2105 2105 2105 2105 2104 2104 2104 2105 2104 2104 2104 2104 2104 2104 2104 2104 2104 1904 1904 1903 2104 18c4 18c4 18c3 18c4 18c4 18c4 18c3 18c3 18c3 18c3 18c3 18c3 10c3 1083 1083 
6436 6436 6436 6476 6476 6476 6476 6476 6476 6476 6476 6477 6477 6477 6477 6477 6477 64b7 6cb7 6cb7 6cb7 6cb7 6cb7 6cb8 6cb7 6cb8 6cb8 6cb8 6cb8 6cb8 6cb8 74f8 74f8 74f8 74f8 74f8 74f8 74f9 74f8 74f9 74f9 74f9 7539 7539 7d39 7d39 7d39 7d39 7d39 7d39 7d39 7d3a 7d3a 7d3a 7d7a 7d7a 7d7a 7d7a 7d7a 857a 857a 857a 857a 857a 857a 857a 857a 857a 857a 857a 8d7a 8d7a 8dba 8dba 8dbb 8dbb 8dbb 8dbb 8dbb 8dbb 8dbb 8dbb 8dbb 95bb 95bb 95bb 95bb 95bb 95fb 95fb 95fb 95fb 95fb 95fb 95fb 95fb 95fb 95fc 95fb 95fc 95fc 95fc 95fc 95fc 9dfc 9dfc 9e3c 9e3c 9e3c 9e3c 9e3c 9e3c 9e3c 9e3c 9e3c 9e3c 9e3c 9e3c 9e3c 9e3c 9e3c 9e3c a63c a63c a63c a63c a63c a63c a67c a67c a67c a67c a67c a67d a67d a67d a67c a67c ae7d ae7d ae7d ae7d ae7d ae7d ae7d ae7d ae7d aebd aebd aebd aebd aebd aebd aebd aebd aebd aebd aebd aebd aebd aebd aebd aebd aebd b6bd b6bd b6bd b6bd b6be b6be b6be b6be b6be b6be b6be b6be b6be b6be b6be b6be b6fe b6fe b6fe b6fe b6fe b6fe b6fe b6fe b6fe b6fe b6fe b6fe befe befe befe befe befe befe befe befe befe befe befe befe befe befe befe c6fd 638f 2187 2146 2987 2146 3187 2946 2946 3146 3146 3146 3146 2946 2946 2946 2946 2946 2946 2946 2946 2946 2946 2946 2946 2946 2946 2946 2946 2946 2946 2946 2946 2946 2946 2946 2946 2946 2946 2946 2946 2945 2945 2945 2945 2945 2945 2945 2945 2945 2945 2945 2946 2946 2945 2945 2945 2945 2945 2945 2945 2945 2945 2145 2145 2145 2145 2145 2145 2145 2105 2105 2105 2105 2105 2105 2105 2105 2105 2105 2105 2104 2104 2104 2104 2104 2104 2104 2104 2104 2104 2104 2104 2104 2104 2104 1904 1904 18c4 18c3 18c3 18c3 18c4 18c3 18c3 18c3 18c3 18c3 18c3 18c3 10c3 1083 1083 
6436 6436 6436 6436 6476 6476 6476 6476 6476 6476 6476 6477 6477 6477 6477 6477 6477 64b7 6cb7 6cb7 6cb7 6cb7 6cb7 6cb8 6cb7 6cb8 6cb8 6cb8 6cb8 6cb8 6cb8 74f8 74f8 74f8 74f8 74f8 74f8 74f9 74f8 74f8 74f9 74f9 7539 7539 7d39 7d39 7d39 7d39 7d39 7d39 7d39 7d39 7d3a 7d3a 7d7a 7d7a 7d7a 7d7a 7d7a 857a 857a 857a 857a 857a 857a 857a 857a 857a 857a 8d7a 8d7a 8d7a 8dba 8dba 8dba 8dbb 8dbb 8dbb 8dbb 8dbb 8dbb 8dbb 8dbb 8dbb 95bb 95bb 95bb 95bb 95fb 95fb 95fb 95fb 95fb 95fb 95fb 95fb 95fb 95fb 95fb 95fc 95fc 95fc 95fc 95fc 95fc 9dfc 9e3c 9e3c 9e3c 9e3c 9e3c 9e3c 9e3c 9e3c 9e3c 9e3c 9e3c 9e3c 9e3c 9e3c 9e3c 9e3c a63c a63c a63c a63c a63c a63c a67c a67c a67c a67c a67c a67d a67d a67d a67c a67c ae7d ae7d ae7d ae7d ae7d ae7d ae7d ae7d ae7d ae7d aebd aebd aebd aebd aebd aebd aebd aebd aebd aebd aebd aebd aebd aebd aebd aebd b6bd b6bd b6bd b6bd b6be b6be b6be b6be b6be b6be b6be b6be b6be b6be b6be b6be b6fe b6fe b6fe b6fe b6fe b6fe b6fe b6fe b6fe b6fe b6fe b6fe befe befe befe befe befe befe befe befe befe befe befe befe befe befe befe c6fd a5b8 1947 2987 31c8 2146 2987 2986 2986 3146 3146 3146 3146 2986 2986 2946 2946 2986 2946 2946 2946 2946 2946 2946 2946 2946 2946 2946 2946 2946 2946 2946 2946 2945 2946 2946 2946 2946 2946 2946 2946 2946 2946 2946 2946 2946 2946 2946 2946 2945 2945 2945 2945 2946 2946 2946 2946 2945 2945 2945 2945 2945 2945 2145 2145 2145 2145 2145 2145 2145 2105 2105 2105 2105 2105 2105 2105 2105 2105 2105 2105 2104 2104 2104 2104 2104 2104 2104 2104 2104 2104 2104 2104 2104 2104 1904 1904 1904 18c4 18c3 18c3 18c3 18c3 18c3 18c3 18c3 18c3 18c3 10c3 1083 1083 1083 1082 
6436 6436 6436 6436 6476 6476 6476 6476 6476 6476 6476 6477 6477 6477 6477 6477 6477 64b7 6cb7 6cb7 6cb7 6cb7 6cb7 6cb7 6cb7 6cb8 6cb8 6cb8 6cb8 6cb8 6cb8 74f8 74f8 74f8 74f8 74f8 74f8 74f8 74f8 74f8 74f9 74f9 7539 7539 7539 7d39 7d39 7d39 7d39 7d39 7d39 7d39 7d3a 7d3a 7d3a 7d7a 7d7a 7d7a 7d7a 857a 857a 857a 857a 857a 857a 857a 857a 857a 8d7a 8d7a 8d7a 8d7a 8d7a 8dba 8dba 8dbb 8dbb 8dbb 8dba 8dbb 8dbb 8dbb 8dbb 8dbb 95bb 95bb 95bb 95bb 95bb 95fb 95fb 95fb 95fb 95fb 95fb 95fb 95fb 95fb 95fb 95fc 95fc 95fc 95fc 95fc 95fc 9dfc 9e3c 9e3c 9e3c 9e3c 9e3c 9e3c 9e3c 9e3c 9e3c 9e3c 9e3c 9e3c 9e3c 9e3c 9e3c 9e3c a63c a63c a63c a63c a63c a63c a67c a67c a67c a67c a67c a67c a67d a67d a67c a67c a67c ae7d ae7d ae7d ae7d ae7d ae7d ae7d ae7d ae7d aebd aebd aebd aebd aebd aebd aebd aebd aebd aebd aebd aebd aebd aebd aebd aebd aebd b6bd b6bd b6bd b6be b6be b6be b6be b6be b6be b6be b6be b6be b6be b6be b6be b6be b6be b6fe b6fe b6fe b6fe b6fe b6fe b6fe b6fe b6fe b6fe befe befe befe befe befe befe befe befe befe befe befe befe befe befe befe befd c6fd 428b 29c8 29c8 2987 2146 2987 2986 3186 3186 3186 3146 2986 2986 2986 2986 2986 2946 2946 2946 2946 2946 2946 2946 2946 2946 2946 2946 2946 2946 2946 2946 2946 2946 2946 2946 2946 2946 2946 2946 2946 2946 2946 2946 2946 2946 2946 2946 2945 2945 2945 2945 2945 2945 2945 2945 2945 2945 2945 2945 2945 2945 2145 2145 2145 2145 2145 2145 2145 2105 2105 2105 2105 2105 2105 2105 2105 2105 2105 2105 2104 2104 2104 2104 2104 2104 2104 2104 2104 2104 2104 2104 1904 18c4 1903 18c3 1904 18c4 18c3 18c3 18c3 18c3 18c3 18c3 1083 1083 1083 1082 1082 1082 1082 1082 
6436 6436 6436 6436 6436 6476 6476 6476 6476 6476 6476 6476 6477 6477 6477 6477 6477 64b7 6cb7 6cb7 6cb7 6cb7 6cb7 6cb7 6cb7 6cb8 6cb8 6cb8 6cb8 6cb8 6cb8 74f8 74f8 74f8 74f8 74f8 74f8 74f8 74f8 74f8 74f9 74f9 74f9 7539 7539 7d39 7d39 7d39 7d39 7d39 7d39 7d39 7d3a 7d3a 7d3a 7d3a 7d7a 7d7a 7d7a 7d7a 857a 857a 857a 857a 857a 857a 857a 857a 857a 8d7a 8d7a 8d7a 8d7a 8d7a 8d7a 8d7a 8dbb 8dbb 8dba 8dba 8dbb 8dbb 8dbb 8dbb 8dbb 95bb 95bb 95bb 95bb 95bb 95fb 95fb 95fb 95fb 95fb 95fb 95fb 95fb 95fb 95fc 95fc 95fc 95fc 95fc 95fc 9dfc 9e3c 9e3c 9e3c 9e3c 9e3c 9e3c 9e3c 9e3c 9e3c 9e3c 9e3c 9e3c 9e3c 9e3c 9e3c 9e3c a63c a63c a63c a63c a63c a63c a67c a67c a67c a67c a67c a67c a67c a67d a67c a67c a67c a67c ae7d ae7d ae7d ae7d ae7d ae7d ae7d ae7d ae7d aebd aebd aebd aebd aebd aebd aebd aebd aebd aebd aebd aebd aebd aebd aebd aebd aebd b6bd b6bd b6bd b6be b6be b6be b6be b6be b6be b6be b6bd b6bd b6be b6be b6be b6be b6be b6be b6fe b6fe b6fe b6fe b6fe b6fe b6fe b6fe befe befe befe befe befe befe befe befe befe befe befe befe befe befe befe befe c73d 84f4 2187 21c8 29c8 2986 2986 3186 3186 3186 3186 3186 3186 3186 2946 2946 2946 2946 2946 2946 2946 2946 2986 2986 2986 2986 2946 2946 2946 2946 2946 2946 2946 2946 2946 2946 2946 2946 2946 2946 2946 2946 2946 2946 2946 2946 2946 2946 2945 2945 2945 2945 2945 2945 2945 2945 2945 2945 2945 2945 2945 2945 2145 2145 2145 2145 2145 2145 2145 2105 2105 2105 2105 2105 2105 2105 2105 2105 2105 2105 2104 2104 2104 2104 2104 2104 2104 2104 2104 2104 2104 1904 1904 18c4 18c3 18c3 18c4 18c4 18c3 18c3 18c3 18c3 18c3 18c3 1082 1082 1082 1082 1082 1082 1082 1082 
6436 6436 6436 6436 6436 6476 6476 6476 6476 6476 6476 6476 6477 6477 6477 6477 6477 6477 6cb7 6cb7 64b7 6cb7 6cb7 6cb7 6cb7 6cb8 6cb8 6cb8 6cb8 6cb8 6cb8 74f8 6cf8 74f8 74f8 74f8 74f8 74f8 74f8 74f8 74f8 74f9 74f9 7539 7539 7539 7d39 7d39 7d39 7d39 7d39 7d39 7d39 7d3a 7d3a 7d3a 7d7a 7d7a 7d7a 7d7a 857a 857a 857a 857a 857a 857a 857a 857a 857a 857a 8d7a 8d7a 8d7a 8d7a 8d7a 8d7a 8dbb 8dbb 8dba 8dba 8dbb 8dbb 8dbb 8dbb 8dbb 8dbb 95bb 95bb 95bb 95bb 95bb 95fb 95fb 95fb 95fb 95fb 95fb 95fb 95fb 95fb 95fc 95fc 95fc 95fc 95fc 9dfc 9e3c 9e3c 9e3c 9e3c 9e3c 9e3c 9e3c 9e3c 9e3c 9e3c 9e3c 9e3c 9e3c 9e3c 9e3c 9e3c a63c a63c a63c a63c a63c a63c a67c a67c a67c a67c a67c a67c a67c a67c a67c a67c a67c a67c ae7d ae7d ae7d ae7d ae7d ae7d ae7d ae7d ae7d ae7d aebd aebd aebd aebd aebd aebd aebd aebd aebd aebd aebd aebd aebd aebd aebd aebd aebd b6bd b6bd b6bd b6bd b6be b6be b6be b6be b6be b6bd b6bd b6bd b6bd b6be b6be b6be b6be b6fe b6fe b6fe b6fe b6fe b6fe b6fe b6fe b6fe b6fe befe befe befe befe befe befe befe befe befe befe befe befe befe befe c6fd bebc 2a09 2187 2187 31c8 2146 2986 2986 3186 3186 3186 3186 3186 3187 3187 2946 2946 2946 2946 2946 2986 3186 3186 3186 3186 2986 2946 2946 2946 2946 2946 2946 2946 2946 2946 2946 2946 2946 2946 2946 2946 2946 2946 2946 2946 2946 2946 2946 2946 2945 2945 2945 2945 2945 2945 2945 2945 2945 2945 2945 2945 2145 2145 2145 2145 2145 2145 2145 2105 2105 2105 2105 2105 2105 2105 2105 2105 2104 2104 2104 2104 2104 2104 2104 2104 2104 2104 2104 2104 2104 1904 18c4 18c4 18c3 18c3 18c3 18c3 18c3 18c3 18c3 18c3 10c3 1083 1082 1082 1082 1082 1082 1082 1082 1082 
6436 6436 6436 6436 6436 6476 6476 6476 6476 6476 6476 6476 6477 6477 6477 6477 6477 6477 64b7 6cb7 64b7 64b7 6cb7 6cb7 6cb7 6cb8 6cb8 6cb8 6cb8 6cb8 6cb8 74f8 6cf8 6cf8 74f8 74f8 74f8 74f8 74f8 74f8 74f8 74f9 74f9 7539 7539 7539 7539 7539 7d39 7d39 7d39 7d39 7d39 7d3a 7d3a 7d3a 7d7a 7d7a 7d7a 7d7a 7d7a 857a 857a 857a 857a 857a 857a 857a 857a 857a 857a 857a 8d7a 8d7a 8d7a 8d7a 8dbb 8dbb 8dba 8dba 8dbb 8dbb 8dbb 8dbb 8dbb 8dbb 95bb 95bb 95bb 95bb 95bb 95fb 95fb 95fb 95fb 95fb 95fb 95fb 95fb 95fb 95fc 95fc 95fc 95fc 95fc 9dfc 9e3c 9e3c 9dfc 9e3c 9e3c 9e3c 9e3c 9e3c 9e3c 9e3c 9e3c 9e3c 9e3c 9e3c 9e3c 9e3c a63c a63c a63c a63c a63c a63c a67c a67c a67c a67c a67c a67c a67c a67c a67c a67c a67c a67c a67c ae7d ae7d ae7d ae7d ae7d ae7d ae7d ae7d ae7d aebd aebd ae7d aebd aebd aebd aebd aebd aebd aebd aebd aebd aebd aebd aebd aebd aebd aebd b6bd b6bd b6bd b6bd b6be b6be b6be b6be b6bd b6bd b6bd b6bd b6be b6be b6be b6be b6fe b6fe b6fe b6fe b6fe b6fe b6fe b6fe b6fe b6fe b6fe b6fe befe befe befe befe befe befe befe befe befe befe befe befe befd cf7e 6c31 2188 1946 29c7 2986 2986 2986 3186 3186 3186 3186 3186 3187 3187 2986 2986 2986 2946 2946 2986 2986 3186 3186 3186 2986 2946 2946 2946 2946 2946 2946 2946 2946 2946 2946 2946 2946 2946 2946 2946 2946 2946 2946 2946 2946 2946 2946 2946 2946 2945 2945 2945 2946 2946 2945 2945 2945 2945 2945 2945 2145 2145 2145 2145 2145 2145 2145 2105 2105 2105 2105 2105 2105 2105 2105 2105 2104 2104 2104 2104 2104 2104 2104 2104 1904 18c4 18c4 18c4 18c4 18c4 18c3 18c3 18c3 18c3 18c3 18c3 1083 1083 1083 1083 1082 1082 1082 1082 1082 1082 1082 1082 1082 1082 
6436 6436 6436 6436 6436 6436 6476 6476 6476 6476 6476 6476 6477 6477 6477 6477 6477 6477 64b7 64b7 64b7 64b7 6cb7 6cb7 6cb7 6cb8 6cb8 6cb8 6cb8 6cb8 6cb8 74f8 6cf8 6cf8 74f8 74f8 74f8 74f8 74f8 74f8 74f8 74f9 74f9 7539 7539 7539 7539 7539 7d39 7d39 7d39 7d39 7d39 7d3a 7d3a 7d3a 7d7a 7d7a 7d7a 7d7a 7d7a 857a 857a 857a 857a 857a 857a 857a 857a 857a 857a 857a 8d7a 8d7a 8d7a 8d7a 8d7a 8dbb 8dba 8dba 8dbb 8dbb 8dbb 8dbb 8dbb 8dbb 8dbb 95bb 95bb 95bb 95bb 95bb 95fb 95fb 95fb 95fb 95fb 95fb 95fb 95fb 95fc 95fc 95fc 95fc 95fc 95fc 9e3c 9e3c 9dfc 9e3c 9e3c 9e3c 9e3c 9e3c 9e3c 9e3c 9e3c 9e3c 9e3c 9e3c 9e3c 9e3c a63c a63c a63c a63c a63c a63c a63c a67c a67c a67c a67c a67c a67c a67c a67c a67c a67c a67c a67c ae7d ae7d ae7d ae7d ae7d ae7d ae7d ae7d ae7d ae7d aebd ae7d aebd aebd aebd aebd aebd aebd aebd aebd aebd aebd aebd aebd aebd aebd aebd b6bd b6bd b6bd b6bd b6be b6be b6be b6be b6bd b6bd b6bd b6bd b6bd b6be b6be b6be b6fe b6fe b6fe b6fe b6fe b6fe b6fe b6fe b6fe b6fe b6fe b6fe befe befe befe befe befe befe befe befe befe befe befe befe befd c73d ae3a 21c8 2187 1946 31c7 2986 3186 3186 3186 3186 3186 3186 3187 3187 3186 3186 3186 2986 2946 2946 2946 2986 2986 2986 2946 2946 2946 2946 2946 2946 2946 2946 2946 2946 2946 2946 2946 2946 2946 2946 2946 2946 2946 2946 2946 2946 2946 2946 2946 2946 2946 2946 2946 2946 2945 2945 2945 2945 2945 2945 2145 2145 2145 2145 2145 2145 2145 2105 2105 2105 2105 2105 2105 2105 2105 2105 2104 2104 2104 2104 2104 2104 2104 1904 18c4 18c4 18c3 18c3 18c3 18c3 18c3 18c3 10c3 10c2 18c3 1083 1082 1082 1082 1082 1082 1082 0882 0882 0882 0882 0882 0842 0842 0842 
6436 6436 6436 6436 6436 6436 6476 6476 6476 6476 6476 6476 6477 6477 6477 6477 6477 6477 64b7 64b7 6cb7 6cb7 6cb7 6cb7 6cb7 6cb7 6cb8 6cb8 6cb8 6cb8 6cb8 6cf8 6cf8 6cf8 74f8 74f8 74f8 74f8 74f9 74f9 74f9 74f9 74f9 7539 7539 7d39 7d39 7d39 7d39 7d39 7d39 7d39 7d3a 7d3a 7d3a 7d7a 7d7a 7d7a 7d7a 7d7a 7d7a 857a 857a 857a 857a 857a 857a 857a 857a 857a 857a 857a 8d7a 8d7a 8d7a 8dba 8dbb 8dbb 8dba 8dba 8dbb 8dbb 8dbb 8dbb 8dbb 95bb 95bb 95bb 95bb 95bb 95fb 95fb 95fb 95fb 95fb 95fb 95fb 95fb 95fb 95fc 95fc 95fc 95fc 95fc 95fc 95fc 9dfc 9dfc 9dfc 9e3c 9e3c 9e3c 9e3c 9e3c 9e3c 9e3c 9e3c 9e3c 9e3c 9e3c 9e3c 9e3c 9e3c 9e3c a63d a63d a63d a67c a63c a63c a67d a67d a67d a67d a67d a67d a67c a67d a67d a67d a67d a67d a67c ae7d ae7d ae7d ae7d ae7d ae7d ae7d ae7d ae7d aebd aebd aebd aebd aebd aebd aebd aebd aebd aebd aebd aebd aebd aebd aebd aebd b6bd b6bd b6bd b6bd b6bd b6bd b6be b6be b6bd b6bd b6bd b6bd b6bd b6fe b6fe b6fe b6fe b6fe b6fe b6fe b6fe b6fe b6fe b6fe b6fe b6fe befe befe befe befe befe befe befe befe befe befe befe befe befe befe befe befd befd 6390 2187 2146 2987 3187 2946 2986 3186 3186 3186 2986 2987 2987 3186 3186 3186 3186 3186 2986 2986 2986 2986 2986 2986 2986 2986 2946 2946 2946 2946 2946 2946 2946 2946 2946 2946 2946 2946 2946 2946 2946 2946 2946 2946 2946 2946 2946 2946 2946 2946 2946 2946 2946 2946 2945 2945 2945 2945 2945 2145 2105 2945 2945 2145 2105 2105 2105 2105 2105 2105 2105 2105 2105 2105 2105 2104 2104 2104 2104 2104 1904 18c4 18c4 18c3 18c3 18c3 18c3 10c3 10c3 1083 1082 1082 1082 1082 1082 0881 0841 0041 0000 0000 0040 0841 0000 0000 0841 0841 0841 0841 1082 
6436 6436 6436 6436 6436 6436 6476 6476 6476 6476 6476 6476 6477 6477 6477 6477 6c77 6477 6477 64b7 6cb7 6cb7 6cb7 6cb7 6cb7 6cb7 6cb8 6cb8 6cb8 6cb8 6cb8 6cf8 6cf8 6cf8 74f8 74f8 74f8 74f8 74f8 74f9 74f9 74f9 74f9 7539 7539 7d39 7d39 7d39 7d39 7d39 7d39 7d39 7d3a 7d3a 7d3a 7d3a 7d7a 7d7a 7d7a 7d7a 7d7a 857a 857a 857a 857a 857a 857a 857a 857a 857a 857a 857a 8d7a 8d7a 8d7a 8dba 8dbb 8dbb 8dba 8dba 8dbb 8dbb 8dbb 8dbb 8dbb 8dbb 95bb 95bb 95bb 95bb 95bb 95fb 95fb 95fb 95fb 95fb 95fb 95fb 95fb 95fc 95fc 95fc 95fc 95fc 95fc 95fc 9dfc 9dfc 9dfc 9dfc 9e3c 9e3c 9e3c 9e3c 9e3c 9e3c 9e3c 9e3c 9e3c 9e3c 9e3c 9e3c 9e3c 9e3c a63d a63d a63d a67d a63c a63c a67d a67d a67d a67d a67d a67d a67c a67d a67d a67d a67d a67d a67c ae7d ae7d ae7d ae7d ae7d ae7d ae7d ae7d ae7d aebd aebd aebd aebd aebd aebd aebd aebd aebd aebd aebd aebd aebd aebd aebd aebd b6bd b6bd b6bd b6bd b6bd b6bd b6be b6be b6bd b6bd b6bd b6bd b6bd b6fe b6fe b6fe b6fe b6fe b6fe b6fe b6fe b6fe b6fe b6fe b6fe b6fe befe befe befe befe befe befe befe befe befe befe befe befe befe befe b73e bf3f befe 9577 3209 2988 2947 3187 2946 2986 3186 2986 2986 2986 2987 3187 3186 3186 3186 3186 3186 2986 2986 2986 2986 2986 2986 2986 2986 2946 2946 2946 2946 2946 2946 2946 2946 2946 2946 2946 2946 2946 2946 2946 2946 2946 2946 2946 2946 2946 2946 2946 2946 2946 2946 2946 2945 2945 2945 2945 2945 2945 2145 2105 2105 2105 2105 2105 2105 2105 2105 2105 2105 2105 2104 2104 2104 2104 2104 18c4 1904 1904 18c4 18c4 18c3 18c3 18c3 18c3 1083 1083 1082 1082 1082 1082 0882 0842 0841 0841 0041 0000 0000 0000 0000 0040 0041 0000 0000 0841 0841 0841 0841 0882 
6436 6436 6436 6436 6436 6436 6436 6476 6476 6476 6476 6476 6477 6477 6477 6477 6c77 6477 6477 64b7 64b7 6cb7 6cb7 6cb7 6cb7 6cb7 6cb8 6cb8 6cb8 6cb8 6cb8 6cb8 6cb8 6cf8 6cf8 74f8 74f8 74f8 74f8 74f9 74f9 74f9 74f9 7539 7539 7539 7d39 7d39 7d39 7d39 7d39 7d39 7d3a 7d3a 7d3a 7d3a 7d39 7d7a 7d7a 7d7a 7d7a 857a 857a 857a 857a 857a 857a 857a 857a 857a 857a 857a 857a 8d7a 8d7a 8dba 8dba 8dbb 8dba 8dba 8dbb 8dbb 8dbb 8dbb 8dbb 8dbb 95bb 95bb 95bb 95bb 95bb 95fb 95fb 95fb 95fb 95fb 95fb 95fb 95fb 95fc 95fc 95fc 95fc 95fc 95fc 95fc 9dfc 9dfc 9dfc 9dfc 9e3c 9e3c 9e3c 9e3c 9e3c 9e3c 9e3c 9e3c 9e3c 9e3c 9e3c 9e3c 9e3c 9e3c 9e3c a63d a63d a63d a63c a63c a67d a67d a67d a67d a67d a67d a67c a67d a67d a67d a67d a67d a67c ae7d ae7d ae7d ae7d ae7d ae7d ae7d ae7d ae7d aebd aebd aebd aebd aebd aebd aebd aebd aebd aebd aebd aebd aebd aebd aebd aebd b6bd b6bd b6bd b6bd b6bd b6bd b6be b6be b6bd b6bd b6bd b6bd b6bd b6fe b6fe b6fe b6fe b6fe b6fe b6fe b6fe b6fe b6fe b6fe b6fe b6fe befe befe befe befe befe befe befe befe befe befe befe befe befe befe b6fe bf3e befe befd 530e 2988 2147 3187 2946 3186 3186 3186 2986 2986 2986 3187 3187 3186 3186 3186 3186 2986 2986 2986 2986 2986 2986 2986 2986 2946 2946 2946 2946 2946 2946 2946 2946 2946 2946 2946 2946 2946 2946 2946 2946 2946 2946 2946 2946 2946 2946 2946 2946 2946 2946 2946 2945 2945 2945 2145 2945 2945 2145 2105 2105 2105 2105 2105 2105 2105 2105 2105 2105 2105 2104 2104 1904 18c4 18c4 18c4 18c3 18c3 18c3 18c3 18c3 1083 1082 1082 1082 1082 1082 0882 0842 0841 0841 0841 0841 0041 0000 0000 0000 0000 0000 0041 0001 0000 0000 0841 0841 0841 0841 0882 
6436 6436 6436 6436 6436 6436 6436 6476 6476 6476 6476 6476 6476 6477 6477 6477 6477 6477 6477 64b7 64b7 6cb7 6cb7 6cb7 6cb7 6cb7 6cb8 6cb8 6cb8 6cb8 6cb8 6cb8 6cb8 6cb8 6cf8 74f8 74f8 74f8 74f8 74f8 74f9 74f9 74f9 74f9 7539 7539 7d39 7d39 7d39 7d39 7d39 7d39 7d39 7d3a 7d3a 7d3a 7d39 7d39 7d7a 7d7a 7d7a 857a 857a 857a 857a 857a 857a 857a 857a 857a 857a 857a 857a 857a 8d7a 8d7a 8dba 8dbb 8dba 8dba 8dbb 8dbb 8dbb 8dbb 8dbb 8dbb 8dbb 95bb 95bb 95bb 95bb 95fb 95fb 95fb 95fb 95fb 95fb 95fb 95fb 95fc 95fc 95fc 95fc 95fc 95fc 95fc 95fc 9dfc 9dfc 9dfc 9dfc 9e3c 9e3c 9e3c 9e3c 9e3c 9e3c 9e3c 9e3c 9e3c 9e3c 9e3c 9e3c 9e3c 9e3c a63d a63d a63d a63c a63c a63c a67d a67d a67d a67c a67d a67c a67d a67d a67d a67d a67d a67c ae7d ae7d ae7d ae7d ae7d ae7d ae7d ae7d ae7d aebd aebd aebd aebd aebd aebd aebd aebd aebd aebd aebd aebd aebd aebd aebd aebd b6bd b6bd b6bd b6bd b6bd b6bd b6be b6be b6bd b6bd b6bd b6bd b6bd b6fe b6fe b6fe b6fe b6fe b6fe b6fe b6fe b6fe b6fe b6fe b6fe b6fe befe befe befe befe befe befe befe befe befe befe befe befe befe befe b6fe b6fd bf3e c6fd 8cf5 2147 2987 3187 2987 3186 3186 2986 2946 2946 2986 2986 3187 3187 3186 3186 3186 2986 2986 2986 2986 2986 2986 3186 2986 2986 2946 2946 2946 2946 2946 2946 2946 2946 2946 2946 2946 2946 2946 2946 2946 2946 2946 2946 2946 2946 2946 2946 2946 2946 2946 2946 2945 2945 2145 2145 2145 2145 2105 2105 2105 2105 2105 2105 2105 2105 2104 2104 2104 2104 1904 18c4 18c4 18c4 18c4 18c3 18c3 18c3 18c3 10c3 1083 1082 1082 0882 0882 0882 0842 0842 0842 0841 0841 0841 0842 0841 0841 0000 0000 0000 0001 0041 0001 0000 0000 0841 0841 0841 0841 0882 
6436 6436 6436 6436 6436 6436 6436 6436 6476 6476 6476 6476 6476 6477 6477 6477 6477 6477 6477 6477 64b7 6cb7 6cb7 6cb7 6cb7 6cb7 6cb8 6cb8 6cb8 6cb8 6cb8 6cb8 6cb8 6cb8 6cf8 74f8 74f8 74f8 74f8 74f8 74f9 74f9 74f9 74f9 7539 7539 7539 7d39 7d39 7d39 7d39 7d39 7d39 7d3a 7d3a 7d3a 7d39 7d39 7d39 7d7a 7d7a 7d7a 857a 857a 857a 857a 857a 857a 857a 857a 857a 857a 857a 857a 8d7a 8d7a 8dba 8dba 8dba 8dba 8dba 8dbb 8dbb 8dbb 8dbb 8dbb 8dbb 8dbb 95bb 95bb 95bb 95bb 95fb 95fb 95fb 95fb 95fb 95fb 95fb 95fb 95fc 95fc 95fc 95fc 95fc 95fc 95fc 9dfc 9dfc 9dfc 9dfc 9dfc 9e3c 9e3c 9e3c 9e3c 9e3c 9e3c 9e3c 9e3c 9e3c 9e3c 9e3c 9e3c 9e3c 9e3c a63d a63d a63c a63c a63c a67d a67d a67d a67c a67c a67c a67d a67d a67d a67d a67d a67c ae7d ae7d ae7d ae7d ae7d ae7d ae7d ae7d ae7d aebd aebd aebd aebd aebd aebd aebd aebd aebd aebd aebd aebd aebd aebd aebd aebd b6bd b6bd b6bd b6bd b6bd b6bd b6be b6be b6bd b6bd b6bd b6bd b6bd b6fe b6fe b6fe b6fe b6fe b6fe b6fe b6fe b6fe b6fe b6fe b6fe b6fe befe befe befe befe befe befe befe befe befe befe befe befe befe befe bf3e b6fd c73f bebd bebc 3a4a 2988 2987 2987 2986 3186 2986 2946 2946 2986 2986 3186 3186 3186 3186 3186 2986 2986 2986 2986 2986 3186 3186 3186 2986 2986 2946 2946 2946 2946 2946 2946 2946 2946 2946 2946 2946 2946 2946 2946 2946 2946 2946 2946 2946 2946 2946 2946 2946 2946 2946 2945 2945 2145 2105 2145 2145 2105 2105 2105 2105 2105 2105 2105 2104 2104 18c4 1904 18c4 18c4 18c4 18c4 18c4 18c3 18c3 1083 1083 1083 1082 1082 1082 0842 0842 0841 0841 0841 0841 0842 0842 0842 0882 1082 1082 0841 0041 0000 0000 0001 0841 0001 0000 0001 0841 0841 0841 0841 1082 
6436 6436 6436 6436 6436 6436 6436 6436 6436 6476 6476 6476 6476 6477 6477 6477 6477 6477 6477 6477 64b7 64b7 6cb7 6cb7 6cb7 6cb7 6cb7 6cb8 6cb8 6cb8 6cb8 6cb8 6cb8 6cb8 6cf8 6cf8 74f8 74f8 74f8 74f8 74f9 74f9 74f9 74f9 7539 7539 7539 7539 7d39 7d39 7d39 7d39 7d39 7d3a 7d3a 7d3a 7d39 7d39 7d39 7d7a 7d7a 7d7a 7d7a 857a 857a 857a 857a 857a 857a 857a 857a 857a 857a 857a 857a 8d7a 8dba 8dba 8dba 8dba 8dba 8dba 8dbb 8dbb 8dbb 8dbb 8dbb 8dbb 95bb 95bb 95bb 95bb 95fb 95fb 95fb 95fb 95fb 95fb 95fb 95fb 95fc 95fc 95fc 95fc 95fc 95fc 95fc 95fc 9dfc 9dfc 9dfc 9dfc 9e3c 9e3c 9e3c 9e3c 9e3c 9e3c 9e3c 9e3c 9e3c 9e3c 9e3c 9e3c 9e3c 9e3c 9e3c a63d a63c a63c a63c a63c a67d a67d a67c a67c a67c a67d a67d a67d a67d a67d a67c ae7d ae7d ae7d ae7d ae7d ae7d ae7d ae7d ae7d aebd aebd aebd aebd aebd aebd aebd aebd aebd aebd aebd aebd aebd aebd aebd aebd b6bd b6bd b6bd b6bd b6bd b6bd b6be b6be b6bd b6bd b6bd b6bd b6bd b6fe b6fe b6fe b6fe b6fe b6fe b6fe b6fe b6fe b6fe b6fe b6fe b6fe befe befe befe befe befe befe befe befe befe befe befe befe befe befe befe bf3e bf3e befd cf3e 6bd1 2187 2187 2987 2987 3187 3186 2946 2946 2946 2986 3186 3186 3186 3186 2986 2986 2986 2986 2986 2986 3186 3186 3186 3186 2986 2986 2946 2946 2946 2946 2946 2946 2946 2946 2946 2946 2946 2946 2946 2946 2946 2946 2946 2946 2946 2946 2946 2946 2946 2945 2945 2145 2105 2105 2105 2105 2105 2105 2105 2105 2105 2104 2104 1904 18c4 18c4 18c4 18c4 18c3 18c3 18c3 18c3 10c3 1083 1082 1082 1082 1082 0882 0842 0842 0842 0841 0841 0841 0841 0841 0842 1082 1082 1082 0882 0841 0841 0001 0001 0041 0841 0000 0000 0001 0841 0842 0841 0841 1082 
6436 6436 6436 6436 6436 6436 6436 6436 6436 6436 6476 6476 6476 6476 6477 6477 6477 6477 6477 6477 6477 64b7 64b7 6cb7 6cb7 6cb7 6cb7 6cb8 6cb7 6cb8 6cb8 6cb8 6cb8 6cb8 6cb8 6cf8 74f8 74f8 74f8 74f8 74f9 74f9 74f9 74f9 7539 7539 7539 7539 7d39 7d39 7d39 7d39 7d39 7d39 7d3a 7d3a 7d39 7d39 7d39 7d7a 7d7a 7d7a 7d7a 7d7a 857a 857a 857a 857a 857a 857a 857a 857a 857a 857a 857a 8d7a 8d7a 8dba 8dba 8dba 8dba 8dba 8dbb 8dbb 8dbb 8dbb 8dbb 8dbb 95bb 95bb 95bb 95bb 95bb 95fb 95fb 95fb 95fb 95fb 95fb 95fb 95fb 95fc 95fc 95fc 95fc 95fc 95fc 95fc 9dfc 9dfc 9dfc 9dfc 9e3c 9e3c 9e3c 9e3c 9e3c 9e3c 9e3c 9e3c 9e3c 9e3c 9e3c 9e3c 9e3c 9e3c 9e3c 9e3c a63c a63c a63c a63c a67d a67d a67c a67c a67c a67d a67d a67d a67d a67d a67c ae7d ae7d ae7d ae7d ae7d ae7d ae7d ae7d ae7d aebd aebd aebd aebd aebd aebd aebd aebd aebd aebd aebd aebd aebd aebd aebd aebd b6bd b6bd b6bd b6bd b6bd b6bd b6be b6be b6bd b6bd b6bd b6bd b6bd b6fe b6fe b6fe b6fe b6fe b6fe b6fe b6fe b6fe b6fe b6fe b6fe b6fe befe befe befe befe befe befe befe befe befe befe befe befe befe befe b6fe bf3e befe befd c6fe a5f8 3209 2187 2987 2987 3187 3187 2986 2946 2946 2946 2946 2946 2946 2986 2986 2986 2986 2986 2986 2986 3186 3186 3186 3186 3186 2986 2946 2946 2946 2946 2946 2946 2946 2946 2946 2946 2946 2946 2946 2946 2946 2946 2946 2946 2946 2946 2946 2945 2945 2945 2945 2145 2105 2105 2105 2105 2105 2105 2104 2104 2104 1904 18c4 18c3 18c3 18c3 18c3 18c3 10c3 1083 1083 1083 1082 1082 1082 0882 0842 0841 0841 0841 0841 0841 0841 0841 0841 0841 0842 0882 1082 1082 1082 1082 0842 0841 0041 0001 0841 0841 0001 0000 0041 0842 0842 0841 0841 1082 
6436 6436 6436 6436 6436 6436 6436 6436 6436 6436 6476 6476 6476 6476 6477 6477 6477 6477 6477 6477 6477 64b7 64b7 6cb7 6cb7 6cb7 6cb7 6cb8 6cb7 6cb8 6cb8 6cb8 6cb8 6cb8 6cb8 6cf8 74f8 74f8 74f8 74f8 74f9 74f9 74f9 74f9 74f9 7539 7539 7539 7d39 7d39 7d39 7d39 7d39 7d39 7d3a 7d3a 7d39 7d39 7d39 7d7a 7d7a 7d7a 7d7a 7d7a 857a 857a 857a 857a 857a 857a 857a 857a 857a 857a 857a 8d7a 8d7a 8dba 8dba 8dba 8dba 8dba 8dba 8dbb 8dbb 8dbb 8dbb 8dbb 95bb 95bb 95bb 95bb 95bb 95fb 95fb 95fb 95fb 95fb 95fb 95fb 95fb 95fc 95fc 95fc 95fc 95fc 95fc 95fc 9dfc 9dfc 9dfc 9dfc 9e3c 9e3c 9e3c 9e3c 9e3c 9e3c 9e3c 9e3c 9e3c 9e3c 9e3c 9e3c 9e3c 9e3c 9e3c 9e3c a63c a63c a63c a63c a67d a67d a67c a67c a67c a67d a67d a67d a67d a67d a67c ae7d ae7d ae7d ae7d ae7d ae7d ae7d ae7d ae7d aebd aebd aebd aebd aebd aebd aebd aebd aebd aebd aebd aebd aebd aebd aebd aebd b6bd b6bd b6bd b6bd b6bd b6bd b6be b6be b6bd b6bd b6bd b6bd b6bd b6fe b6fe b6fe b6fe b6fe b6fe b6fe b6fe b6fe b6fe b6fe b6fe b6fe befe befe befe befe befe befe befe befe befe befe befe befe befe befe befe befe befe befd befd c6fd 428c 29c8 2987 2987 3187 3187 2986 2946 2946 2946 2946 2946 2946 2946 2986 2986 2986 3186 2986 2986 3186 3186 3186 3186 3186 3186 2946 2946 2946 2946 2946 2946 2946 2946 2946 2946 2946 2946 2946 2946 2946 2946 2946 2946 2946 2945 2945 2945 2945 2945 2945 2145 2105 2105 2105 2105 2105 2105 2104 2104 18c4 18c4 18c3 18c3 18c3 18c3 18c3 18c3 1083 1083 1082 1082 1082 0842 0842 0842 0841 0841 0841 0841 0841 0841 0842 0842 0842 0842 0842 1082 1082 1082 1083 1082 1082 0842 0841 0841 0841 0841 0001 0000 0841 0842 0842 0841 0842 1082 
5c36 5c36 5c36 5c36 6436 6436 6436 6436 6436 6436 6476 6476 6476 6476 6477 6477 6477 6477 6477 6477 6477 6477 64b7 64b7 6cb7 6cb7 6cb7 6cb7 6cb8 6cb8 6cb8 6cb8 6cb8 6cb8 6cb8 6cf8 74f8 74f8 74f8 74f8 74f8 74f9 74f8 74f9 74f9 7539 7539 7539 7d39 7d39 7d39 7d39 7d39 7d3a 7d3a 7d3a 7d39 7d39 7d39 7d39 7d7a 7d7a 7d7a 7d7a 857a 857a 857a 857a 857a 857a 857a 857a 857a 857a 857a 8d7a 8d7a 8dba 8dba 8dba 8dba 8dba 8dbb 8dbb 8dbb 8dbb 8dbb 8dbb 8dbb 95bb 95bb 95bb 95bb 95bb 95bb 95fb 95fb 95fb 95fb 95fb 95fb 95fb 95fc 95fc 95fb 95fb 95fc 95fc 95fc 9dfc 9dfc 9dfc 9e3c 9e3c 9e3c 9e3c 9e3c 9e3c 9e3c 9e3c 9e3c 9e3c 9e3c 9e3c 9e3c a63d a63d a63d a63c a63c a63c a63c a67d a67d a67c a67c a67c a67c a67c a67d a67d a67d a67c a67c a67c ae7d ae7d ae7d ae7d ae7d ae7d ae7d ae7d ae7d ae7d aebd aebd aebd aebd aebd aebd aebd aebd aebd aebd aebd aebd aebd aebd aebd aebd aebd b6bd b6bd b6bd b6bd b6bd b6bd b6bd b6bd b6bd b6bd b6fe b6fe b6bd b6bd b6bd b6fe b6fe b6fe b6fe b6fe b6fe b6fe b6fe b6fe befe befe befe befe befe befe befe befe befe befe befe befe befe b6fd bf3e befd c73e befc 8d35 1947 2987 2987 2946 3187 2986 2946 2986 2145 2946 2946 2946 2946 2946 2946 2946 2946 2946 2946 2946 2946 2946 2946 2946 2946 2946 2946 2946 2946 2946 2946 2946 2946 2946 2946 2946 2946 2946 2946 2946 2946 2946 2946 2946 2946 2946 2946 2945 2945 2145 2105 2105 2105 2105 2105 2104 2104 1904 18c4 18c3 18c3 18c3 18c3 10c3 1083 10c3 1083 1082 1082 0842 0841 0841 0841 0041 0841 0841 0842 0842 0882 0882 0882 1082 1082 0842 0882 1082 1082 1082 1082 1082 1083 1083 1082 0842 0842 0841 0841 0001 0001 0841 1082 1082 1082 1082 1082 
5c36 5c36 5c36 5c36 6436 6436 6436 6436 6436 6436 6476 6476 6476 6476 6477 6477 6477 6477 6477 6477 6477 6477 64b7 64b7 6cb7 6cb7 6cb7 6cb7 6cb8 6cb8 6cb8 6cb8 6cb8 6cb8 6cb8 6cf8 74f8 74f8 74f8 74f8 74f8 74f9 74f8 74f9 74f9 7539 7539 7539 7d39 7d39 7d39 7d39 7d39 7d39 7d3a 7d3a 7d39 7d39 7d39 7d39 7d7a 7d7a 7d7a 7d7a 857a 857a 857a 857a 857a 857a 857a 857a 857a 857a 857a 8d7a 8d7a 8dba 8dba 8dba 8dba 8dba 8dba 8dbb 8dbb 8dbb 8dbb 8dbb 8dbb 95bb 95bb 95bb 95bb 95bb 95bb 95fb 95fb 95fb 95fb 95fb 95fb 95fb 95fc 95fc 95fb 95fb 95fc 95fc 95fc 9dfc 9dfc 9dfc 9e3c 9e3c 9e3c 9e3c 9e3c 9e3c 9e3c 9e3c 9e3c 9e3c 9e3c 9e3c 9e3c 9e3c a63d a63d a63c a63c a63c a63c a67d a67d a67c a67c a67c a67c a67c a67d a67d a67d a67c a67c a67c a67c ae7d ae7d ae7d ae7d ae7d ae7d ae7d ae7d ae7d aebd aebd aebd aebd aebd aebd aebd aebd aebd aebd aebd aebd aebd aebd aebd aebd aebd b6bd b6bd b6bd b6bd b6bd b6bd b6bd b6bd b6bd b6bd b6fe b6fe b6bd b6bd b6bd b6fe b6fe b6fe b6fe b6fe b6fe b6fe b6fe b6fe befe befe befe befe befe befe befe befe befe befe befe befe befe beff befe b6fd befd c73e ae3a 2a09 2187 2987 2947 3187 3146 2986 2986 2946 2986 2986 2946 2946 2946 2946 2946 2946 2946 2946 2946 2946 2946 2946 2946 2946 2946 2946 2946 2946 2946 2946 2946 2946 2946 2946 2946 2946 2986 3186 2986 2946 2945 2945 2945 2945 2145 2145 2105 2105 2105 2105 2105 2105 2105 2104 18c4 18c4 18c3 18c3 18c3 10c3 1083 1083 1083 1082 0842 0842 0841 0841 0841 0841 0841 0841 0841 0842 0882 1082 1082 1082 1082 1082 1082 1082 1082 1082 1082 1082 1082 1082 1083 10c3 1083 1082 1082 1082 0842 0841 0001 0041 0841 1082 1082 1082 1082 1082 
5c36 5c36 5c36 5c36 6436 6436 6436 6436 6436 6436 6476 6476 6476 6476 6477 6477 6477 6477 6477 6477 6477 6477 64b7 64b7 6cb7 6cb7 6cb7 6cb7 6cb8 6cb8 6cb8 6cb8 6cb8 6cb8 6cb8 6cf8 74f8 74f8 74f8 74f8 74f8 74f9 74f8 74f9 74f9 74f9 7539 7539 7539 7d39 7d39 7d39 7d39 7d39 7d39 7d39 7d39 7d39 7d39 7d39 7d7a 7d7a 7d7a 7d7a 857a 857a 857a 857a 857a 857a 857a 857a 857a 857a 857a 857a 8d7a 8dba 8dba 8dba 8dba 8dba 8dba 8dbb 8dbb 8dbb 8dbb 8dbb 8dbb 95bb 95bb 95bb 95bb 95bb 95bb 95fb 95fb 95fb 95fb 95fb 95fb 95fb 95fc 95fc 95fb 95fb 95fc 95fc 95fc 9dfc 9dfc 9dfc 9e3c 9e3c 9e3c 9e3c 9e3c 9e3c 9e3c 9e3c 9e3c 9e3c 9e3c 9e3c 9e3c 9e3c a63d a63d a63c a63c a63c a63c a63c a67d a67c a67c a67c a67c a67c a67d a67d a67d a67c a67c a67c a67c ae7d ae7d ae7d ae7d ae7d ae7d ae7d ae7d ae7d ae7d aebd aebd aebd aebd aebd aebd aebd aebd aebd aebd aebd aebd aebd aebd aebd aebd b6bd b6bd b6bd b6bd b6bd b6bd b6bd b6bd b6bd b6bd b6bd b6fe b6bd b6bd b6bd b6fe b6fe b6fe b6fe b6fe b6fe b6fe b6fe b6fe b6fe befe befe befe befe befe befe befe befe befe befe befe befe befe b6fe b6fe b6fd bf3e c73e 534f 2147 2987 3188 3187 3186 2986 2986 2986 2986 2986 2986 2946 2946 2946 2946 2946 2946 2946 2946 2946 2946 2946 2946 2946 2946 2946 2946 2946 2946 2946 2946 2946 2946 2946 2946 2946 2946 2946 2946 2945 2946 2946 2945 2945 2945 2945 2945 2145 2104 2104 2105 2105 2104 2104 18c4 18c4 18c3 18c3 1083 1082 1082 0882 0842 0841 0841 0841 0841 0842 0842 1082 1082 1082 1082 1082 1083 1083 1082 1082 1082 1082 1082 1082 1082 1082 1083 10c3 1083 1083 18c3 18c3 18c3 1083 1083 1083 1082 0842 0001 0041 0842 1083 1083 1083 1083 10c3 
5c36 5c36 5c36 5c36 6436 6436 6436 6436 6436 6436 6436 6476 6476 6476 6476 6477 6477 6477 6477 6477 6477 6477 64b7 64b7 6cb7 6cb7 6cb7 6cb7 6cb7 6cb8 6cb8 6cb8 6cb8 6cb8 6cb8 6cf8 6cf8 74f8 74f8 74f8 74f8 74f8 74f8 74f9 74f9 74f9 7539 7539 7539 7d39 7d39 7d39 7d39 7d39 7d39 7d39 7d39 7d39 7d39 7d39 7d7a 7d7a 7d7a 7d7a 857a 857a 857a 857a 857a 857a 857a 857a 857a 857a 857a 857a 8d7a 8d7a 8dba 8dba 8dba 8dba 8dba 8dbb 8dbb 8dbb 8dbb 8dbb 8dbb 95bb 95bb 95bb 95bb 95bb 95bb 95fb 95fb 95fb 95fb 95fb 95fb 95fb 95fc 95fc 95fb 95fb 95fc 95fc 95fc 9dfc 9dfc 9dfc 9e3c 9e3c 9e3c 9e3c 9e3c 9e3c 9e3c 9e3c 9e3c 9e3c 9e3c 9e3c 9e3c 9e3c 9e3c 9e3c a63c a63c a63c a63c a63c a63c a67c a67c a67c a67c a67c a67d a67d a67d a67c a67c a67c a67c a67c ae7d ae7d ae7d ae7d ae7d ae7d ae7d ae7d ae7d aebd aebd aebd aebd aebd aebd aebd aebd aebd aebd aebd aebd aebd aebd aebd aebd b6bd b6bd b6bd b6bd b6bd b6bd b6bd b6bd b6bd b6bd b6bd b6bd b6bd b6bd b6bd b6fe b6fe b6fe b6fe b6fe b6fe b6fe b6fe b6fe b6fe b6fe b6fe befe befe befe befe befe befe befe befe befe befe b6be befe bf3e b6fd b6fd c73e 9577 2188 2146 3188 3147 3186 3186 2986 2986 2986 2986 2946 2946 2946 2946 2946 2946 2946 2946 2946 2946 2946 2946 2946 2946 2946 2946 2946 2946 2946 2946 2946 2946 2946 2946 2945 2945 2945 2945 2145 2105 2145 2105 2105 2105 2105 2105 2105 2105 2104 2104 2104 1904 18c4 18c4 18c4 18c3 1082 1082 1082 0882 0882 0882 0842 0842 1082 1082 1082 1083 10c3 18c3 18c3 18c3 18c3 18c3 18c3 10c3 1083 1083 1082 1082 1082 1082 1083 10c3 18c3 18c3 18c3 10c3 18c3 18c4 18c3 10c3 1083 1083 1082 0882 0001 0041 0842 1083 10c3 1083 10c3 18c3 
5c36 5c36 5c36 5c36 6436 6436 6436 6436 6436 6436 6436 6476 6476 6476 6476 6476 6477 6477 6477 6477 6477 6477 64b7 64b7 6cb7 6cb7 6cb7 6cb7 6cb7 6cb8 6cb8 6cb8 6cb8 6cb8 6cb8 6cb8 6cf8 74f8 74f8 74f8 74f8 74f8 74f8 74f8 74f9 74f9 7539 7539 7539 7539 7d39 7d39 7d39 7d39 7d39 7d39 7d39 7d39 7d39 7d39 7d7a 7d7a 7d7a 7d7a 857a 857a 857a 857a 857a 857a 857a 857a 857a 857a 857a 857a 8d7a 8d7a 8dba 8dba 8dba 8dba 8dba 8dba 8dbb 8dbb 8dbb 8dbb 8dbb 95bb 95bb 95bb 95bb 95bb 95bb 95fb 95fb 95fb 95fb 95fb 95fb 95fb 95fc 95fc 95fb 95fb 95fc 95fc 95fc 9dfc 9dfc 9dfc 9dfc 9e3c 9e3c 9e3c 9e3c 9e3c 9e3c 9e3c 9e3c 9e3c 9e3c 9e3c 9e3c 9e3c 9e3c 9e3c a63c a63c a63c a63c a63c a63c a67c a67c a67c a67c a67c a67d a67d a67d a67c a67c a67c a67c a67c a67c ae7d ae7d ae7d ae7d ae7d ae7d ae7d ae7d ae7d aebd aebd aebd aebd aebd aebd aebd aebd aebd aebd aebd aebd aebd aebd aebd b6bd b6bd b6bd b6bd b6bd b6bd b6bd b6bd b6bd b6bd b6bd b6bd b6bd b6bd b6bd b6fe b6fe b6fe b6fe b6fe b6fe b6fe b6fe b6fe b6fe b6fe b6fe b6fe befe befe befe befe befe befe befe befe beff b6be bf3f b73e b73e b6fd befd c6fd 3a4b 2106 3188 3146 3187 3186 2185 2986 2946 2946 2946 2946 2946 2946 2946 2946 2946 2946 2946 2946 2946 2946 2946 2946 2945 2945 2945 2945 2945 2945 2945 2945 2945 2145 2145 2945 2946 2946 2946 2945 2945 2945 2145 2105 2105 2105 2105 2104 2104 2104 18c4 18c3 1083 1083 1083 1083 0842 0842 0882 1082 1083 18c3 18c3 18c3 18c3 18c3 18c3 18c3 18c3 18c3 18c4 18c4 18c3 18c3 18c3 1083 1082 1082 1082 1082 1082 1083 18c3 18c3 18c3 18c3 18c3 18c3 18c3 18c4 18c3 10c3 1083 1083 1082 0842 0001 0001 0842 1083 10c3 10c3 10c3 18c3 
5c36 5c36 5c36 5c36 6436 6436 6436 6436 6436 6436 6436 6476 6476 6476 6476 6476 6477 6477 6477 6477 6477 6477 64b7 64b7 64b7 6cb7 6cb7 6cb7 6cb7 6cb8 6cb8 6cb8 6cb8 6cb8 6cb8 6cb8 6cf8 74f8 74f8 74f8 74f8 74f8 74f8 74f8 74f9 74f9 74f9 7539 7539 7539 7d39 7d39 7d39 7d39 7d39 7d39 7d39 7d39 7d39 7d39 7d7a 7d7a 7d7a 7d7a 857a 857a 857a 857a 857a 857a 857a 857a 857a 857a 857a 857a 8d7a 8d7a 8d7a 8dba 8dba 8dba 8dba 8dba 8dbb 8dbb 8dbb 8dbb 8dbb 95bb 95bb 95bb 95bb 95bb 95bb 95fb 95fb 95fb 95fb 95fb 95fb 95fb 95fc 95fc 95fb 95fb 95fc 95fc 95fc 9dfc 9dfc 9dfc 9dfc 9e3c 9e3c 9e3c 9e3c 9e3c 9e3c 9e3c 9e3c 9e3c 9e3c 9e3c 9e3c 9e3c 9e3c 9e3c a63c a63c a63c a63c a63c a63c a67c a67c a67c a67c a67c a67d a67d a67d a67c a67c a67c a67c a67c a67c ae7d ae7d ae7d ae7d ae7d ae7d ae7d ae7d ae7d ae7d aebd aebd aebd aebd aebd aebd aebd aebd aebd aebd aebd aebd aebd aebd b6bd b6bd b6bd b6bd b6bd b6bd b6bd b6bd b6bd b6bd b6bd b6bd b6bd b6bd b6bd b6fe b6fe b6fe b6fe b6fe b6fe b6fe b6fe b6fe b6fe b6fe b6fe b6fe befe befe befe befe befe befe befe befe beff befe bf3f aebd b73e b73e b6fc cf3e 6bd1 2147 3187 2946 3187 3186 2185 2986 2946 2946 2946 2946 2946 2946 2946 2946 2946 2946 2946 2946 2946 2946 2946 2946 2946 2946 2946 2946 2946 2946 2945 2945 2945 2145 2105 2105 2105 2105 2105 2105 2105 2105 2105 2104 2104 1904 18c4 18c4 18c3 18c3 10c3 1083 1083 1083 1083 10c3 18c3 18c3 18c3 18c3 18c4 1904 18c4 18c4 18c3 18c3 18c3 18c3 18c3 18c3 18c3 18c3 18c3 18c3 1083 1082 1082 1082 1082 1082 1083 18c3 18c3 18c3 18c3 18c3 18c3 18c3 18c3 18c3 18c3 10c3 10c3 1083 1082 0842 0001 0001 0842 1083 18c3 10c3 10c3 18c3 
5c36 5c36 5c36 5c36 6436 6436 6436 6436 6436 6436 6436 6436 6476 6476 6476 6476 6477 6477 6477 6477 6477 6477 64b7 64b7 64b7 6cb7 6cb7 6cb7 6cb7 6cb7 6cb8 6cb8 6cb8 6cb8 6cb8 6cb8 6cf8 6cf8 74f8 74f8 74f8 74f8 74f8 74f8 74f9 74f9 74f9 74f9 7539 7539 7d39 7d39 7d39 7d39 7d39 7d39 7d39 7d39 7d39 7d39 7d7a 7d7a 7d7a 7d7a 7d7a 857a 857a 857a 857a 857a 857a 857a 857a 857a 857a 857a 8d7a 8d7a 8d7a 8d7a 8dba 8dba 8dba 8dba 8dba 8dbb 8dbb 8dbb 8dbb 95bb 95bb 95bb 95bb 95bb 95bb 95fb 95fb 95fb 95fb 95fb 95fb 95fb 95fc 95fc 95fb 95fb 95fc 95fc 95fc 9dfc 9dfc 9dfc 9dfc 9dfc 9e3c 9e3c 9e3c 9e3c 9e3c 9e3c 9e3c 9e3c 9e3c 9e3c 9e3c 9e3c 9e3c 9e3c a63c a63c a63c a63c a63c a63c a67c a67c a67c a67c a67c a67d a67d a67d a67c a67c a67c a67c a67c a67c a67c ae7d ae7d ae7d ae7d ae7d ae7d ae7d ae7d ae7d aebd aebd ae7d aebd aebd aebd aebd aebd aebd aebd aebd aebd aebd aebd b6bd b6bd b6bd b6bd b6bd b6bd b6bd b6bd b6bd b6bd b6bd b6bd b6bd b6bd b6bd b6fe b6fe b6fe b6fe b6fe b6fe b6fe b6fe b6fe b6fe b6fe b6fe b6fe befe befe befe befe befe befe befe befe befe bebe befe aebd b73e b73e b6fd befd a5b8 2988 3188 3147 3187 3186 2986 2986 2946 2946 2946 2946 2946 2946 2946 2946 2946 2946 2946 2946 2946 2946 2946 2946 2946 2946 2946 2945 2145 2105 2105 2105 2105 2105 2105 2105 2105 2104 18c4 18c4 18c4 18c4 18c4 18c3 18c3 18c3 10c3 10c3 18c3 18c3 18c4 18c4 18c4 1904 1904 1904 2104 2104 2104 2104 2104 1903 18c3 18c3 18c3 18c3 18c3 18c3 18c3 18c3 18c3 18c3 18c3 10c3 1083 1082 1082 1082 1083 1083 18c3 18c3 18c3 18c3 18c3 18c3 18c3 18c3 18c4 18c4 18c3 10c3 10c3 10c3 1083 0842 0001 0041 0842 1083 18c3 10c3 10c3 18c3 
5c36 5c36 5c36 5c36 6436 6436 6436 6436 6436 6436 6436 6436 6476 6476 6476 6476 6477 6477 6477 6477 6477 6477 64b7 64b7 64b7 64b7 6cb7 6cb7 6cb7 6cb7 6cb8 6cb8 6cb8 6cb8 6cb8 6cb8 6cf8 6cf8 74f8 74f8 74f8 74f8 74f8 74f8 74f9 74f9 74f9 74f9 7539 7539 7d39 7d39 7d39 7d39 7d39 7d39 7d39 7d39 7d39 7d39 7d7a 7d7a 7d7a 7d7a 7d7a 857a 857a 857a 857a 857a 857a 857a 857a 857a 857a 857a 8d7a 8d7a 8d7a 8d7a 8dba 8dba 8dba 8dba 8dba 8dbb 8dbb 8dbb 8dbb 95bb 95bb 95bb 95bb 95bb 95bb 95fb 95fb 95fb 95fb 95fb 95fb 95fb 95fc 95fc 95fb 95fb 95fc 95fc 95fc 9dfc 9dfc 9dfc 9dfc 9dfc 9e3c 9e3c 9e3c 9e3c 9e3c 9e3c 9e3c 9e3c 9e3c 9e3c 9e3c 9e3c 9e3c 9e3c a63c a63c a63c a63c a63c a63c a67c a67c a67c a67c a67c a67d a67d a67d a67c a67c a67c a67c a67c a67c a67c ae7d ae7d ae7d ae7d ae7d ae7d ae7d ae7d ae7d ae7d aebd ae7d aebd aebd aebd aebd aebd aebd aebd aebd aebd aebd aebd b6bd b6bd b6bd b6bd b6bd b6bd b6bd b6bd b6bd b6bd b6bd b6bd b6bd b6bd b6bd b6fe b6fe b6fe b6fe b6fe b6fe b6fe b6fe b6fe b6fe b6fe b6fe b6fe befe befe befe befe befe befe befe befe beff b6be b6fe b73e b73e aefc bf3e befc cefd 3a09 3188 3147 3187 3186 2986 2986 2946 2946 2946 2946 2946 2946 2946 2946 2946 2946 2946 2946 2945 2946 2946 2946 2145 2105 2105 2105 2104 18c4 18c4 18c4 1904 1904 2104 2105 2105 2105 2105 2105 2105 2105 2105 2105 2105 2105 2105 2105 2105 2105 2145 2945 2145 2105 2104 2104 2104 2104 1904 1904 1904 1903 18c3 18c3 18c3 18c3 18c3 18c3 18c3 18c3 18c3 18c3 18c3 1083 1082 1082 1082 1083 10c3 18c3 18c3 18c3 18c4 18c3 18c3 18c3 18c3 18c3 18c4 18c4 18c3 18c3 18c3 18c3 1083 0842 0001 0841 0882 1083 18c3 18c3 18c3 18c3
